cause_bucket,prediction_id,source_movie_id,source_movie_title,forecast_weekend,match_status,match_method,match_notes,post_title,published_date,weekend_forecast_usd,raw_forecast_text
ambiguous_remaining_manual_review,1236,edwarddouglas_substack:US_CA:iron-lung,Iron Lung,2026-01-23,ambiguous,normalized_exact,Multiple movies share the title,"THE WEEKEND WARRIOR Jan. 30, 2026 (“Print” Edition)",2026-01-29,10200000,2. Iron Lung (Markiplier Studios) - $10.2 million* N/A
ambiguous_remaining_manual_review,1241,edwarddouglas_substack:US_CA:melania,Melania,2026-01-23,ambiguous,normalized_exact,Multiple movies share the title,"THE WEEKEND WARRIOR Jan. 30, 2026 (“Print” Edition)",2026-01-29,3000000,7. Melania (Amazon MGM) - $3 million* N/A
ambiguous_remaining_manual_review,1235,edwarddouglas_substack:US_CA:send-help,Send Help,2026-01-23,ambiguous,normalized_exact,Multiple movies share the title,"THE WEEKEND WARRIOR Jan. 30, 2026 (“Print” Edition)",2026-01-29,14500000,1. Send Help (20th Century) - $14.5 million N/A
ambiguous_remaining_manual_review,1237,edwarddouglas_substack:US_CA:shelter,Shelter,2026-01-23,ambiguous,normalized_exact,Multiple movies share the title,"THE WEEKEND WARRIOR Jan. 30, 2026 (“Print” Edition)",2026-01-29,5700000,3. Shelter (Black Bear) - $5.7 million N/A
ambiguous_remaining_manual_review,1469,edwarddouglas_substack:US_CA:peddi,Peddi,2026-06-05,ambiguous,normalized_exact,Multiple movies share the title,"THE WEEKEND WARRIOR SHOW for June 5, 2026",2026-06-02,2700000,– Peddi (Prathyangira Cinemas) - $2.7 million N/A
ambiguous_remaining_manual_review,1521,edwarddouglas_substack:US_CA:gail-daughtry-and-the-celebrity-sex-pass,Gail Daughtry and the Celebrity Sex Pass,2026-07-10,ambiguous,normalized_exact,Multiple movies share the title,"THE WEEKEND WARRIOR SHOW for July 10, 2026",2026-07-07,2700000,10. Gail Daughtry and the Celebrity Sex Pass (Sony Pictures Classics) - $2.7 million N/A
matched,1020,edwarddouglas_substack:US_CA:air,Air,2023-04-21,matched,weekly_forecast_title_activity_window,Matched weekly forecast to active release window 2023-04-04 through 2023-04-27,"The Weekend Warrior April 21, 2023",2023-04-20,4300000,6. Air (Amazon) - $4.3 million -45%
matched,1018,edwarddouglas_substack:US_CA:beau-is-afraid,Beau is Afraid,2023-04-21,matched,weekly_forecast_title_activity_window,Matched weekly forecast to active release window 2023-04-14 through 2023-04-27,"The Weekend Warrior April 21, 2023",2023-04-20,5000000,4. Beau is Afraid (A24) - $5 million +1562%
matched,1024,edwarddouglas_substack:US_CA:chevalier,Chevalier,2023-04-21,matched,weekly_forecast_title_activity_window,Matched weekly forecast to active release window 2023-04-21 through 2023-04-27,"The Weekend Warrior April 21, 2023",2023-04-20,2700000,10. Chevalier (Searchlight) - $2.7 million N/A
matched,1022,edwarddouglas_substack:US_CA:dungeons-and-dragons-honor-among-thieves,Dungeons & Dragons: Honor Among Thieves,2023-04-21,matched,weekly_forecast_title_activity_window,Matched weekly forecast to active release window 2023-03-31 through 2023-04-27,"The Weekend Warrior April 21, 2023",2023-04-20,3800000,8. Dungeons & Dragons: Honor Among Thieves (Paramount) - $3.8 million -50%
matched,1016,edwarddouglas_substack:US_CA:evil-dead-rise,Evil Dead Rise,2023-04-21,matched,weekly_forecast_title_activity_window,Matched weekly forecast to active release window 2023-04-21 through 2023-04-27,"The Weekend Warrior April 21, 2023",2023-04-20,17800000,2. Evil Dead Rise (Warner Bros.) - $17.8 million N/A
matched,1017,edwarddouglas_substack:US_CA:guy-ritchies-the-covenant,Guy Ritchie’s The Covenant,2023-04-21,matched,weekly_forecast_daily_alias_activity_window,Matched weekly forecast to daily chart title 'Guy Ritchie’s The Covenant' active 2023-04-21 through 2023-04-27,"The Weekend Warrior April 21, 2023",2023-04-20,8500000,3. Guy Ritchie’s The Covenant (MGM) - $8.5 million N/A
matched,1019,edwarddouglas_substack:US_CA:john-wick-chapter-4,John Wick: Chapter 4,2023-04-21,matched,weekly_forecast_title_activity_window,Matched weekly forecast to active release window 2023-03-24 through 2023-04-27,"The Weekend Warrior April 21, 2023",2023-04-20,4600000,5. John Wick: Chapter 4 (Lionsgate) - $4.6 million -43%
matched,1023,edwarddouglas_substack:US_CA:renfield,Renfield,2023-04-21,matched,weekly_forecast_title_activity_window,Matched weekly forecast to active release window 2023-04-14 through 2023-04-27,"The Weekend Warrior April 21, 2023",2023-04-20,3200000,9. Renfield (Universal) - $3.2 million -60%
matched,1021,edwarddouglas_substack:US_CA:the-popes-exorcist,The Pope’s Exorcist,2023-04-21,matched,weekly_forecast_daily_alias_activity_window,Matched weekly forecast to daily chart title 'The Pope’s Exorcist' active 2023-04-14 through 2023-04-27,"The Weekend Warrior April 21, 2023",2023-04-20,4100000,7. The Pope’s Exorcist (Sony) - $4.1 million -55%
matched,1015,edwarddouglas_substack:US_CA:the-super-mario-bros-movie,The Super Mario Bros. Movie,2023-04-21,matched,weekly_forecast_title_activity_window,Matched weekly forecast to active release window 2023-04-05 through 2023-04-27,"The Weekend Warrior April 21, 2023",2023-04-20,57300000,1. The Super Mario Bros. Movie (Universal) - $57.3 million -39%
matched,1032,edwarddouglas_substack:US_CA:absolution,Absolution,2024-11-01,matched,weekly_forecast_title_activity_window,Matched weekly forecast to active release window 2024-11-01 through 2024-11-07,"THE WEEKEND WARRIOR November 1, 2024",2024-10-31,2000000,8. Absolution (Samuel Goldwyn) - $2 million N/A
matched,1034,edwarddouglas_substack:US_CA:anora,Anora,2024-11-01,matched,weekly_forecast_title_activity_window,Matched weekly forecast to active release window 2024-10-18 through 2024-11-07,"THE WEEKEND WARRIOR November 1, 2024",2024-10-31,1600000,10. Anora (Neon) - $1.6 million +72%
matched,1033,edwarddouglas_substack:US_CA:beetlejuice-beetlejuice,Beetlejuice Beetlejuice,2024-11-01,matched,weekly_forecast_title_activity_window,Matched weekly forecast to active release window 2024-09-05 through 2024-11-07,"THE WEEKEND WARRIOR November 1, 2024",2024-10-31,1900000,9. Beetlejuice Beetlejuice (Warner Bros.) - $1.9 million -38%
matched,1029,edwarddouglas_substack:US_CA:conclave,Conclave,2024-11-01,matched,weekly_forecast_title_activity_window,Matched weekly forecast to active release window 2024-10-24 through 2024-11-07,"THE WEEKEND WARRIOR November 1, 2024",2024-10-31,3600000,5. Conclave (Focus Features) - $3.6 million -45%
matched,1026,edwarddouglas_substack:US_CA:here,Here,2024-11-01,matched,weekly_forecast_title_activity_window,Matched weekly forecast to active release window 2024-11-01 through 2024-11-07,"THE WEEKEND WARRIOR November 1, 2024",2024-10-31,7300000,2. Here (Sony) - $7.3 million N/A
matched,1028,edwarddouglas_substack:US_CA:smile-2,Smile 2,2024-11-01,matched,weekly_forecast_title_activity_window,Matched weekly forecast to active release window 2024-10-18 through 2024-11-07,"THE WEEKEND WARRIOR November 1, 2024",2024-10-31,4400000,4. Smile 2 (Paramount) - $4.4 million -53%
matched,1031,edwarddouglas_substack:US_CA:terrifier-3,Terrifier 3,2024-11-01,matched,weekly_forecast_title_activity_window,Matched weekly forecast to active release window 2024-10-11 through 2024-11-07,"THE WEEKEND WARRIOR November 1, 2024",2024-10-31,2200000,7. Terrifier 3 (Cineverse) - $2.2 million -54%
matched,1027,edwarddouglas_substack:US_CA:the-wild-robot,The Wild Robot,2024-11-01,matched,weekly_forecast_title_activity_window,Matched weekly forecast to active release window 2024-09-27 through 2024-11-07,"THE WEEKEND WARRIOR November 1, 2024",2024-10-31,4600000,3. The Wild Robot (DreamWorks Animation/Universal) - $4.6 million -32%
matched,1030,edwarddouglas_substack:US_CA:we-live-in-time,We Live in Time,2024-11-01,matched,weekly_forecast_title_activity_window,Matched weekly forecast to active release window 2024-10-11 through 2024-11-07,"THE WEEKEND WARRIOR November 1, 2024",2024-10-31,3200000,6. We Live in Time (A24) - $3.2 million -35%*
matched,1043,edwarddouglas_substack:US_CA:a-complete-unknown,A Complete Unknown,2025-02-07,matched,weekly_forecast_title_activity_window,Matched weekly forecast to active release window 2024-12-24 through 2025-02-13,"THE WEEKEND WARRIOR Feb 7, 2024 Reviews and Repertory Round-Up",2025-02-05,1700000,9. A Complete Unknown (Searchlight) - $1.7 million -25%
matched,1045,edwarddouglas_substack:US_CA:becoming-led-zeppelin,Becoming Led Zeppelin,2025-02-07,matched,weekly_forecast_title_activity_window,Matched weekly forecast to active release window 2025-02-07 through 2025-02-13,"THE WEEKEND WARRIOR Feb 7, 2024 Reviews and Repertory Round-Up",2025-02-05,1000000,— Becoming Led Zeppelin (Sony Pictures Classics) - $1 million N/A
matched,1038,edwarddouglas_substack:US_CA:companion,Companion,2025-02-07,matched,weekly_forecast_title_activity_window,Matched weekly forecast to active release window 2025-01-30 through 2025-02-13,"THE WEEKEND WARRIOR Feb 7, 2024 Reviews and Repertory Round-Up",2025-02-05,5100000,4. Companion (New Line/WB) - $5.1 million -47%
matched,1035,edwarddouglas_substack:US_CA:dog-man,Dog Man,2025-02-07,matched,weekly_forecast_title_activity_window,Matched weekly forecast to active release window 2025-01-31 through 2025-02-13,"THE WEEKEND WARRIOR Feb 7, 2024 Reviews and Repertory Round-Up",2025-02-05,19500000,1. Dog Man (DreamWorks Animation/Universal) - $19.5 million -46%
matched,1041,edwarddouglas_substack:US_CA:flight-risk,Flight Risk,2025-02-07,matched,weekly_forecast_title_activity_window,Matched weekly forecast to active release window 2025-01-24 through 2025-02-13,"THE WEEKEND WARRIOR Feb 7, 2024 Reviews and Repertory Round-Up",2025-02-05,2900000,7. Flight Risk (Lionsgate) - $2.9 million -47%
matched,1036,edwarddouglas_substack:US_CA:heart-eyes,Heart Eyes,2025-02-07,matched,weekly_forecast_title_activity_window,Matched weekly forecast to active release window 2025-02-07 through 2025-02-13,"THE WEEKEND WARRIOR Feb 7, 2024 Reviews and Repertory Round-Up",2025-02-05,9300000,2. Heart Eyes (Sony/Screen Gems) - $9.3 million N/A (up .6 million)
matched,1044,edwarddouglas_substack:US_CA:im-still-here,I’m Still Here,2025-02-07,matched,weekly_forecast_daily_alias_activity_window,Matched weekly forecast to daily chart title 'I’m Still Here' active 2025-01-17 through 2025-02-13,"THE WEEKEND WARRIOR Feb 7, 2024 Reviews and Repertory Round-Up",2025-02-05,1400000,10. I’m Still Here (Sony Pictures Classics) - $1.4 million
matched,1037,edwarddouglas_substack:US_CA:love-hurts,Love Hurts,2025-02-07,matched,weekly_forecast_title_activity_window,Matched weekly forecast to active release window 2025-02-07 through 2025-02-13,"THE WEEKEND WARRIOR Feb 7, 2024 Reviews and Repertory Round-Up",2025-02-05,7600000,3. Love Hurts (Universal) - $7.6 million N/A (down $2 million)
matched,1039,edwarddouglas_substack:US_CA:mufasa-the-lion-king,Mufasa: The Lion King,2025-02-07,matched,weekly_forecast_title_activity_window,Matched weekly forecast to active release window 2024-12-20 through 2025-02-13,"THE WEEKEND WARRIOR Feb 7, 2024 Reviews and Repertory Round-Up",2025-02-05,4400000,5. Mufasa: The Lion King (Disney) - $4.4 million -30%
matched,1040,edwarddouglas_substack:US_CA:one-of-them-days,One of Them Days,2025-02-07,matched,weekly_forecast_title_activity_window,Matched weekly forecast to active release window 2025-01-17 through 2025-02-13,"THE WEEKEND WARRIOR Feb 7, 2024 Reviews and Repertory Round-Up",2025-02-05,4000000,6. One of Them Days (Sony) - $4 million -32%
matched,1042,edwarddouglas_substack:US_CA:sonic-the-hedgehog-3,Sonic the Hedgehog 3,2025-02-07,matched,weekly_forecast_title_activity_window,Matched weekly forecast to active release window 2024-12-20 through 2025-02-13,"THE WEEKEND WARRIOR Feb 7, 2024 Reviews and Repertory Round-Up",2025-02-05,1800000,8. Sonic the Hedgehog 3 (Paramount) - $1.8 million -45%
matched,1048,edwarddouglas_substack:US_CA:black-phone-2,Black Phone 2,2025-11-07,matched,weekly_forecast_title_activity_window,Matched weekly forecast to active release window 2025-10-16 through 2025-11-13,"THE WEEKEND WARRIOR November 7, 2025 (Video Edition )",2025-11-05,3800000,3. Black Phone 2 (Universal) - $3.8 million -52%
matched,1060,edwarddouglas_substack:US_CA:black-phone-2,Black Phone 2,2025-11-07,matched,weekly_forecast_title_activity_window,Matched weekly forecast to active release window 2025-10-16 through 2025-11-13,"THE WEEKEND WARRIOR 11/7/25 (Preview, Reviews and Repertory Roundup)",2025-11-06,3800000,3. Black Phone 2 (Universal) - $3.8 million -52%
matched,1052,edwarddouglas_substack:US_CA:bugonia,Bugonia,2025-11-07,matched,weekly_forecast_title_activity_window,Matched weekly forecast to active release window 2025-10-24 through 2025-11-13,"THE WEEKEND WARRIOR November 7, 2025 (Video Edition )",2025-11-05,2500000,7. Bugonia (Focus Features) - $2.5 million -50%
matched,1064,edwarddouglas_substack:US_CA:bugonia,Bugonia,2025-11-07,matched,weekly_forecast_title_activity_window,Matched weekly forecast to active release window 2025-10-24 through 2025-11-13,"THE WEEKEND WARRIOR 11/7/25 (Preview, Reviews and Repertory Roundup)",2025-11-06,2500000,7. Bugonia (Focus Features) - $2.5 million -50%
matched,1051,edwarddouglas_substack:US_CA:chainsaw-man-the-movie-reze-arc,Chainsaw Man - The Movie: Reze Arc,2025-11-07,matched,weekly_forecast_daily_alias_activity_window,Matched weekly forecast to daily chart title 'Chainsaw Man — The Movie: Reze Arc' active 2025-10-24 through 2025-11-13,"THE WEEKEND WARRIOR November 7, 2025 (Video Edition )",2025-11-05,3000000,6. Chainsaw Man - The Movie: Reze Arc (Sony/Crunchyroll) - $3 million -52%
matched,1063,edwarddouglas_substack:US_CA:chainsaw-man-the-movie-reze-arc,Chainsaw Man - The Movie: Reze Arc,2025-11-07,matched,weekly_forecast_daily_alias_activity_window,Matched weekly forecast to daily chart title 'Chainsaw Man — The Movie: Reze Arc' active 2025-10-24 through 2025-11-13,"THE WEEKEND WARRIOR 11/7/25 (Preview, Reviews and Repertory Roundup)",2025-11-06,3000000,6. Chainsaw Man - The Movie: Reze Arc (Sony/Crunchyroll) - $3 million -52%
matched,1050,edwarddouglas_substack:US_CA:christy,Christy,2025-11-07,matched,weekly_forecast_title_activity_window,Matched weekly forecast to active release window 2025-11-06 through 2025-11-13,"THE WEEKEND WARRIOR November 7, 2025 (Video Edition )",2025-11-05,3300000,5. Christy (Black Bear) - $3.3 million N/A
matched,1062,edwarddouglas_substack:US_CA:christy,Christy,2025-11-07,matched,weekly_forecast_title_activity_window,Matched weekly forecast to active release window 2025-11-06 through 2025-11-13,"THE WEEKEND WARRIOR 11/7/25 (Preview, Reviews and Repertory Roundup)",2025-11-06,3300000,5. Christy (Black Bear) - $3.3 million N/A
matched,1053,edwarddouglas_substack:US_CA:die-my-love,Die My Love,2025-11-07,matched,weekly_forecast_title_activity_window,Matched weekly forecast to active release window 2025-11-07 through 2025-11-13,"THE WEEKEND WARRIOR November 7, 2025 (Video Edition )",2025-11-05,2300000,8. Die My Love (Mubi) - $2.3 million N/A
matched,1065,edwarddouglas_substack:US_CA:die-my-love,Die My Love,2025-11-07,matched,weekly_forecast_title_activity_window,Matched weekly forecast to active release window 2025-11-07 through 2025-11-13,"THE WEEKEND WARRIOR 11/7/25 (Preview, Reviews and Repertory Roundup)",2025-11-06,2300000,8. Die My Love (Mubi) - $2.3 million N/A
matched,1057,edwarddouglas_substack:US_CA:grand-prix-of-europe,Grand Prix of Europe,2025-11-07,matched,weekly_forecast_title_activity_window,Matched weekly forecast to active release window 2025-11-07 through 2025-11-13,"THE WEEKEND WARRIOR November 7, 2025 (Video Edition )",2025-11-05,600000,- Grand Prix of Europe (Viva Pictures) - $600k N/A
matched,1069,edwarddouglas_substack:US_CA:grand-prix-of-europe,Grand Prix of Europe,2025-11-07,matched,weekly_forecast_title_activity_window,Matched weekly forecast to active release window 2025-11-07 through 2025-11-13,"THE WEEKEND WARRIOR 11/7/25 (Preview, Reviews and Repertory Roundup)",2025-11-06,600000,- Grand Prix of Europe (Viva Pictures) - $600k N/A
matched,1049,edwarddouglas_substack:US_CA:nuremberg,Nuremberg,2025-11-07,matched,weekly_forecast_title_activity_window,Matched weekly forecast to active release window 2025-11-07 through 2025-11-13,"THE WEEKEND WARRIOR November 7, 2025 (Video Edition )",2025-11-05,3500000,4. Nuremberg (Sony Pictures Classics) - $3.5 million N/A
matched,1061,edwarddouglas_substack:US_CA:nuremberg,Nuremberg,2025-11-07,matched,weekly_forecast_title_activity_window,Matched weekly forecast to active release window 2025-11-07 through 2025-11-13,"THE WEEKEND WARRIOR 11/7/25 (Preview, Reviews and Repertory Roundup)",2025-11-06,3500000,4. Nuremberg (Sony Pictures Classics) - $3.5 million N/A
matched,1046,edwarddouglas_substack:US_CA:predator-badlands,Predator: Badlands,2025-11-07,matched,weekly_forecast_title_activity_window,Matched weekly forecast to active release window 2025-11-07 through 2025-11-13,"THE WEEKEND WARRIOR November 7, 2025 (Video Edition )",2025-11-05,28700000,1. Predator: Badlands (20th Century) - $28.7 million N/A*
matched,1058,edwarddouglas_substack:US_CA:predator-badlands,Predator: Badlands,2025-11-07,matched,weekly_forecast_title_activity_window,Matched weekly forecast to active release window 2025-11-07 through 2025-11-13,"THE WEEKEND WARRIOR 11/7/25 (Preview, Reviews and Repertory Roundup)",2025-11-06,28700000,1. Predator: Badlands (20th Century) - $28.7 million N/A*
matched,1047,edwarddouglas_substack:US_CA:regretting-you,Regretting You,2025-11-07,matched,weekly_forecast_title_activity_window,Matched weekly forecast to active release window 2025-10-24 through 2025-11-13,"THE WEEKEND WARRIOR November 7, 2025 (Video Edition )",2025-11-05,4100000,2. Regretting You (Paramount) - $4.1 million -48%
matched,1059,edwarddouglas_substack:US_CA:regretting-you,Regretting You,2025-11-07,matched,weekly_forecast_title_activity_window,Matched weekly forecast to active release window 2025-10-24 through 2025-11-13,"THE WEEKEND WARRIOR 11/7/25 (Preview, Reviews and Repertory Roundup)",2025-11-06,4100000,2. Regretting You (Paramount) - $4.1 million -48%
matched,1056,edwarddouglas_substack:US_CA:sarahs-oil,Sarah’s Oil,2025-11-07,matched,weekly_forecast_daily_alias_activity_window,Matched weekly forecast to daily chart title 'Sarah’s Oil' active 2025-11-07 through 2025-11-13,"THE WEEKEND WARRIOR November 7, 2025 (Video Edition )",2025-11-05,1300000,- Sarah’s Oil (Orion Pictures) - $1.3 million N/A
matched,1068,edwarddouglas_substack:US_CA:sarahs-oil,Sarah’s Oil,2025-11-07,matched,weekly_forecast_daily_alias_activity_window,Matched weekly forecast to daily chart title 'Sarah’s Oil' active 2025-11-07 through 2025-11-13,"THE WEEKEND WARRIOR 11/7/25 (Preview, Reviews and Repertory Roundup)",2025-11-06,1300000,- Sarah’s Oil (Orion Pictures) - $1.3 million N/A
matched,1054,edwarddouglas_substack:US_CA:springsteen-deliver-me-from-nowhere,Springsteen: Deliver Me from Nowhere,2025-11-07,matched,weekly_forecast_title_activity_window,Matched weekly forecast to active release window 2025-10-24 through 2025-11-13,"THE WEEKEND WARRIOR November 7, 2025 (Video Edition )",2025-11-05,1900000,9. Springsteen: Deliver Me from Nowhere (20th Century) - $1.9 million -48%
matched,1066,edwarddouglas_substack:US_CA:springsteen-deliver-me-from-nowhere,Springsteen: Deliver Me from Nowhere,2025-11-07,matched,weekly_forecast_title_activity_window,Matched weekly forecast to active release window 2025-10-24 through 2025-11-13,"THE WEEKEND WARRIOR 11/7/25 (Preview, Reviews and Repertory Roundup)",2025-11-06,1900000,9. Springsteen: Deliver Me from Nowhere (20th Century) - $1.9 million -48%
matched,1055,edwarddouglas_substack:US_CA:tron-ares,Tron: Ares,2025-11-07,matched,weekly_forecast_title_activity_window,Matched weekly forecast to active release window 2025-10-10 through 2025-11-13,"THE WEEKEND WARRIOR November 7, 2025 (Video Edition )",2025-11-05,1600000,10. Tron: Ares (Disney) - $1.6 million -48%
matched,1067,edwarddouglas_substack:US_CA:tron-ares,Tron: Ares,2025-11-07,matched,weekly_forecast_title_activity_window,Matched weekly forecast to active release window 2025-10-10 through 2025-11-13,"THE WEEKEND WARRIOR 11/7/25 (Preview, Reviews and Repertory Roundup)",2025-11-06,1600000,10. Tron: Ares (Disney) - $1.6 million -48%
matched,1075,edwarddouglas_substack:US_CA:black-phone-2,Black Phone 2,2025-11-14,matched,weekly_forecast_title_activity_window,Matched weekly forecast to active release window 2025-10-16 through 2025-11-20,"THE WEEKEND WARRIOR November 14, 2025 - Edgar Wright Interview and Box Office (Video)",2025-11-12,2700000,6. Black Phone 2 (Universal) - $2.7 million -47%
matched,1087,edwarddouglas_substack:US_CA:black-phone-2,Black Phone 2,2025-11-14,matched,weekly_forecast_title_activity_window,Matched weekly forecast to active release window 2025-10-16 through 2025-11-20,"THE WEEKEND WARRIOR November 14, 2025 (Print Edition)",2025-11-13,2700000,6. Black Phone 2 (Universal) - $2.7 million -47%
matched,1078,edwarddouglas_substack:US_CA:bugonia,Bugonia,2025-11-14,matched,weekly_forecast_title_activity_window,Matched weekly forecast to active release window 2025-10-24 through 2025-11-20,"THE WEEKEND WARRIOR November 14, 2025 - Edgar Wright Interview and Box Office (Video)",2025-11-12,1900000,9. Bugonia (Focus Features) - $1.9 million -45%
matched,1090,edwarddouglas_substack:US_CA:bugonia,Bugonia,2025-11-14,matched,weekly_forecast_title_activity_window,Matched weekly forecast to active release window 2025-10-24 through 2025-11-20,"THE WEEKEND WARRIOR November 14, 2025 (Print Edition)",2025-11-13,2500000,9. Bugonia (Focus Features) - $2.5 million -45%
matched,1079,edwarddouglas_substack:US_CA:chainsaw-man-the-movie-reze-arc,Chainsaw Man - The Movie: Reze Arc,2025-11-14,matched,weekly_forecast_daily_alias_activity_window,Matched weekly forecast to daily chart title 'Chainsaw Man — The Movie: Reze Arc' active 2025-10-24 through 2025-11-20,"THE WEEKEND WARRIOR November 14, 2025 - Edgar Wright Interview and Box Office (Video)",2025-11-12,1800000,10. Chainsaw Man - The Movie: Reze Arc (Sony/Crunchyroll) - $1.8 million -48%
matched,1091,edwarddouglas_substack:US_CA:chainsaw-man-the-movie-reze-arc,Chainsaw Man - The Movie: Reze Arc,2025-11-14,matched,weekly_forecast_daily_alias_activity_window,Matched weekly forecast to daily chart title 'Chainsaw Man — The Movie: Reze Arc' active 2025-10-24 through 2025-11-20,"THE WEEKEND WARRIOR November 14, 2025 (Print Edition)",2025-11-13,1800000,10. Chainsaw Man - The Movie: Reze Arc (Sony/Crunchyroll) - $1.8 million -48%
matched,1073,edwarddouglas_substack:US_CA:keeper,Keeper,2025-11-14,matched,weekly_forecast_title_activity_window,Matched weekly forecast to active release window 2025-11-14 through 2025-11-20,"THE WEEKEND WARRIOR November 14, 2025 - Edgar Wright Interview and Box Office (Video)",2025-11-12,7000000,4. Keeper (Neon) - $7 million N/A
matched,1085,edwarddouglas_substack:US_CA:keeper,Keeper,2025-11-14,matched,weekly_forecast_title_activity_window,Matched weekly forecast to active release window 2025-11-14 through 2025-11-20,"THE WEEKEND WARRIOR November 14, 2025 (Print Edition)",2025-11-13,7000000,4. Keeper (Neon) - $7 million N/A
matched,1081,edwarddouglas_substack:US_CA:king-ivory,King Ivory,2025-11-14,matched,weekly_forecast_title_activity_window,Matched weekly forecast to active release window 2025-11-14 through 2025-11-20,"THE WEEKEND WARRIOR November 14, 2025 - Edgar Wright Interview and Box Office (Video)",2025-11-12,500000,- King Ivory (Saban/Roadside Attractions) - $500k N/A
matched,1093,edwarddouglas_substack:US_CA:king-ivory,King Ivory,2025-11-14,matched,weekly_forecast_title_activity_window,Matched weekly forecast to active release window 2025-11-14 through 2025-11-20,"THE WEEKEND WARRIOR November 14, 2025 (Print Edition)",2025-11-13,500000,- King Ivory (Saban/Roadside Attractions) - $500k N/A
matched,1080,edwarddouglas_substack:US_CA:muzzle-city-of-wolves,Muzzle: City of Wolves,2025-11-14,matched,weekly_forecast_title_activity_window,Matched weekly forecast to active release window 2025-11-14 through 2025-11-20,"THE WEEKEND WARRIOR November 14, 2025 - Edgar Wright Interview and Box Office (Video)",2025-11-12,1200000,– Muzzle: City of Wolves (RLJEfilms) - $1.2 million N/A
matched,1092,edwarddouglas_substack:US_CA:muzzle-city-of-wolves,Muzzle: City of Wolves,2025-11-14,matched,weekly_forecast_title_activity_window,Matched weekly forecast to active release window 2025-11-14 through 2025-11-20,"THE WEEKEND WARRIOR November 14, 2025 (Print Edition)",2025-11-13,1200000,– Muzzle: City of Wolves (RLJEfilms) - $1.2 million N/A
matched,1071,edwarddouglas_substack:US_CA:now-you-see-me-now-you-dont,"Now You See Me, Now You Don’t",2025-11-14,matched,weekly_forecast_daily_alias_activity_window,Matched weekly forecast to daily chart title 'Now You See Me: Now You Don’t' active 2025-11-14 through 2025-11-20,"THE WEEKEND WARRIOR November 14, 2025 - Edgar Wright Interview and Box Office (Video)",2025-11-12,18800000,"2. Now You See Me, Now You Don’t (Lionsgate) - $18.8 million N/A"
matched,1083,edwarddouglas_substack:US_CA:now-you-see-me-now-you-dont,"Now You See Me, Now You Don’t",2025-11-14,matched,weekly_forecast_daily_alias_activity_window,Matched weekly forecast to daily chart title 'Now You See Me: Now You Don’t' active 2025-11-14 through 2025-11-20,"THE WEEKEND WARRIOR November 14, 2025 (Print Edition)",2025-11-13,18800000,"2. Now You See Me, Now You Don’t (Lionsgate) - $18.8 million N/A"
matched,1076,edwarddouglas_substack:US_CA:nuremberg,Nuremberg,2025-11-14,matched,weekly_forecast_title_activity_window,Matched weekly forecast to active release window 2025-11-07 through 2025-11-20,"THE WEEKEND WARRIOR November 14, 2025 - Edgar Wright Interview and Box Office (Video)",2025-11-12,2300000,7. Nuremberg (Sony Pictures Classics) - $2.3 million -41%
matched,1088,edwarddouglas_substack:US_CA:nuremberg,Nuremberg,2025-11-14,matched,weekly_forecast_title_activity_window,Matched weekly forecast to active release window 2025-11-07 through 2025-11-20,"THE WEEKEND WARRIOR November 14, 2025 (Print Edition)",2025-11-13,2300000,7. Nuremberg (Sony Pictures Classics) - $2.3 million -41%
matched,1072,edwarddouglas_substack:US_CA:predator-badlands,Predator: Badlands,2025-11-14,matched,weekly_forecast_title_activity_window,Matched weekly forecast to active release window 2025-11-07 through 2025-11-20,"THE WEEKEND WARRIOR November 14, 2025 - Edgar Wright Interview and Box Office (Video)",2025-11-12,18000000,3. Predator: Badlands (20th Century) - $18 million -55%
matched,1084,edwarddouglas_substack:US_CA:predator-badlands,Predator: Badlands,2025-11-14,matched,weekly_forecast_title_activity_window,Matched weekly forecast to active release window 2025-11-07 through 2025-11-20,"THE WEEKEND WARRIOR November 14, 2025 (Print Edition)",2025-11-13,18000000,3. Predator: Badlands (20th Century) - $18 million -55%
matched,1074,edwarddouglas_substack:US_CA:regretting-you,Regretting You,2025-11-14,matched,weekly_forecast_title_activity_window,Matched weekly forecast to active release window 2025-10-24 through 2025-11-20,"THE WEEKEND WARRIOR November 14, 2025 - Edgar Wright Interview and Box Office (Video)",2025-11-12,4000000,5. Regretting You (Paramount) - $4 million -40%
matched,1086,edwarddouglas_substack:US_CA:regretting-you,Regretting You,2025-11-14,matched,weekly_forecast_title_activity_window,Matched weekly forecast to active release window 2025-10-24 through 2025-11-20,"THE WEEKEND WARRIOR November 14, 2025 (Print Edition)",2025-11-13,4000000,5. Regretting You (Paramount) - $4 million -40%
matched,1077,edwarddouglas_substack:US_CA:sarahs-oil,Sarah’s Oil,2025-11-14,matched,weekly_forecast_daily_alias_activity_window,Matched weekly forecast to daily chart title 'Sarah’s Oil' active 2025-11-07 through 2025-11-20,"THE WEEKEND WARRIOR November 14, 2025 - Edgar Wright Interview and Box Office (Video)",2025-11-12,2100000,8. Sarah’s Oil (Amazon MGM) - $2.1 million -51%
matched,1089,edwarddouglas_substack:US_CA:sarahs-oil,Sarah’s Oil,2025-11-14,matched,weekly_forecast_daily_alias_activity_window,Matched weekly forecast to daily chart title 'Sarah’s Oil' active 2025-11-07 through 2025-11-20,"THE WEEKEND WARRIOR November 14, 2025 (Print Edition)",2025-11-13,2100000,8. Sarah’s Oil (Amazon MGM) - $2.1 million -51%
matched,1070,edwarddouglas_substack:US_CA:the-running-man,The Running Man,2025-11-14,matched,weekly_forecast_title_activity_window,Matched weekly forecast to active release window 2025-11-14 through 2025-11-20,"THE WEEKEND WARRIOR November 14, 2025 - Edgar Wright Interview and Box Office (Video)",2025-11-12,24200000,1. The Running Man (Paramount) - $24.2 million N/A
matched,1082,edwarddouglas_substack:US_CA:the-running-man,The Running Man,2025-11-14,matched,weekly_forecast_title_activity_window,Matched weekly forecast to active release window 2025-11-14 through 2025-11-20,"THE WEEKEND WARRIOR November 14, 2025 (Print Edition)",2025-11-13,24200000,1. The Running Man (Paramount) - $24.2 million N/A
matched,1102,edwarddouglas_substack:US_CA:black-phone-2,Black Phone 2,2025-11-21,matched,weekly_forecast_title_activity_window,Matched weekly forecast to active release window 2025-10-16 through 2025-11-27,"THE WEEKEND WARRIOR November 21, 2025 (Video Edition)",2025-11-19,1400000,9. Black Phone 2 (Universal) - $1.4 million -47%
matched,1112,edwarddouglas_substack:US_CA:black-phone-2,Black Phone 2,2025-11-21,matched,weekly_forecast_title_activity_window,Matched weekly forecast to active release window 2025-10-16 through 2025-11-27,"THE WEEKEND WARRIOR November 21, 2025 (Print Edition)",2025-11-20,1400000,9. Black Phone 2 (Universal) - $1.4 million -47%
matched,1095,edwarddouglas_substack:US_CA:now-you-see-me-now-you-dont,"Now You See Me, Now You Don’t",2025-11-21,matched,weekly_forecast_daily_alias_activity_window,Matched weekly forecast to daily chart title 'Now You See Me: Now You Don’t' active 2025-11-14 through 2025-11-27,"THE WEEKEND WARRIOR November 21, 2025 (Video Edition)",2025-11-19,10000000,"2. Now You See Me, Now You Don’t (Lionsgate) - $10 million -53%"
matched,1105,edwarddouglas_substack:US_CA:now-you-see-me-now-you-dont,"Now You See Me, Now You Don’t",2025-11-21,matched,weekly_forecast_daily_alias_activity_window,Matched weekly forecast to daily chart title 'Now You See Me: Now You Don’t' active 2025-11-14 through 2025-11-27,"THE WEEKEND WARRIOR November 21, 2025 (Print Edition)",2025-11-20,10000000,"2. Now You See Me, Now You Don’t (Lionsgate) - $10 million -53%"
matched,1101,edwarddouglas_substack:US_CA:nuremberg,Nuremberg,2025-11-21,matched,weekly_forecast_title_activity_window,Matched weekly forecast to active release window 2025-11-07 through 2025-11-27,"THE WEEKEND WARRIOR November 21, 2025 (Video Edition)",2025-11-19,1600000,8. Nuremberg (Sony Pictures Classics) - $1.6 million -35%
matched,1111,edwarddouglas_substack:US_CA:nuremberg,Nuremberg,2025-11-21,matched,weekly_forecast_title_activity_window,Matched weekly forecast to active release window 2025-11-07 through 2025-11-27,"THE WEEKEND WARRIOR November 21, 2025 (Print Edition)",2025-11-20,1600000,8. Nuremberg (Sony Pictures Classics) - $1.6 million -35%
matched,1097,edwarddouglas_substack:US_CA:predator-badlands,Predator: Badlands,2025-11-21,matched,weekly_forecast_title_activity_window,Matched weekly forecast to active release window 2025-11-07 through 2025-11-27,"THE WEEKEND WARRIOR November 21, 2025 (Video Edition)",2025-11-19,6600000,4. Predator: Badlands (20th Century) - $6.6 million -48%
matched,1107,edwarddouglas_substack:US_CA:predator-badlands,Predator: Badlands,2025-11-21,matched,weekly_forecast_title_activity_window,Matched weekly forecast to active release window 2025-11-07 through 2025-11-27,"THE WEEKEND WARRIOR November 21, 2025 (Print Edition)",2025-11-20,6600000,4. Predator: Badlands (20th Century) - $6.6 million -48%
matched,1100,edwarddouglas_substack:US_CA:regretting-you,Regretting You,2025-11-21,matched,weekly_forecast_title_activity_window,Matched weekly forecast to active release window 2025-10-24 through 2025-11-27,"THE WEEKEND WARRIOR November 21, 2025 (Video Edition)",2025-11-19,2000000,7. Regretting You (Paramount) - $2 million -47%
matched,1110,edwarddouglas_substack:US_CA:regretting-you,Regretting You,2025-11-21,matched,weekly_forecast_title_activity_window,Matched weekly forecast to active release window 2025-10-24 through 2025-11-27,"THE WEEKEND WARRIOR November 21, 2025 (Print Edition)",2025-11-20,2000000,7. Regretting You (Paramount) - $2 million -47%
matched,1098,edwarddouglas_substack:US_CA:rental-family,Rental Family,2025-11-21,matched,weekly_forecast_title_activity_window,Matched weekly forecast to active release window 2025-11-21 through 2025-11-27,"THE WEEKEND WARRIOR November 21, 2025 (Video Edition)",2025-11-19,3700000,5. Rental Family (Searchlight) - $3.7 million N/A
matched,1108,edwarddouglas_substack:US_CA:rental-family,Rental Family,2025-11-21,matched,weekly_forecast_title_activity_window,Matched weekly forecast to active release window 2025-11-21 through 2025-11-27,"THE WEEKEND WARRIOR November 21, 2025 (Print Edition)",2025-11-20,3700000,5. Rental Family (Searchlight) - $3.7 million N/A
matched,1103,edwarddouglas_substack:US_CA:sarahs-oil,Sarah’s Oil,2025-11-21,matched,weekly_forecast_daily_alias_activity_window,Matched weekly forecast to daily chart title 'Sarah’s Oil' active 2025-11-07 through 2025-11-27,"THE WEEKEND WARRIOR November 21, 2025 (Video Edition)",2025-11-19,1200000,10. Sarah’s Oil (Amazon MGM) - $1.2 million -45%
matched,1113,edwarddouglas_substack:US_CA:sarahs-oil,Sarah’s Oil,2025-11-21,matched,weekly_forecast_daily_alias_activity_window,Matched weekly forecast to daily chart title 'Sarah’s Oil' active 2025-11-07 through 2025-11-27,"THE WEEKEND WARRIOR November 21, 2025 (Print Edition)",2025-11-20,1200000,10. Sarah’s Oil (Amazon MGM) - $1.2 million -45%
matched,1099,edwarddouglas_substack:US_CA:sisu-road-to-revenge,Sisu: Road to Revenge,2025-11-21,matched,weekly_forecast_title_activity_window,Matched weekly forecast to active release window 2025-11-21 through 2025-11-27,"THE WEEKEND WARRIOR November 21, 2025 (Video Edition)",2025-11-19,3200000,6. Sisu: Road to Revenge (Sony/Screen Gems) - $3.2 million N/A
matched,1109,edwarddouglas_substack:US_CA:sisu-road-to-revenge,Sisu: Road to Revenge,2025-11-21,matched,weekly_forecast_title_activity_window,Matched weekly forecast to active release window 2025-11-21 through 2025-11-27,"THE WEEKEND WARRIOR November 21, 2025 (Print Edition)",2025-11-20,3200000,6. Sisu: Road to Revenge (Sony/Screen Gems) - $3.2 million N/A
matched,1096,edwarddouglas_substack:US_CA:the-running-man,The Running Man,2025-11-21,matched,weekly_forecast_title_activity_window,Matched weekly forecast to active release window 2025-11-14 through 2025-11-27,"THE WEEKEND WARRIOR November 21, 2025 (Video Edition)",2025-11-19,7100000,3. The Running Man (Paramount) - $7.1 million -57%
matched,1106,edwarddouglas_substack:US_CA:the-running-man,The Running Man,2025-11-21,matched,weekly_forecast_title_activity_window,Matched weekly forecast to active release window 2025-11-14 through 2025-11-27,"THE WEEKEND WARRIOR November 21, 2025 (Print Edition)",2025-11-20,7100000,3. The Running Man (Paramount) - $7.1 million -57%
matched,1094,edwarddouglas_substack:US_CA:wicked-for-good,Wicked For Good,2025-11-21,matched,weekly_forecast_title_activity_window,Matched weekly forecast to active release window 2025-11-21 through 2025-11-27,"THE WEEKEND WARRIOR November 21, 2025 (Video Edition)",2025-11-19,172300000,1. Wicked For Good (Universal) - $172.3 million N/A
matched,1104,edwarddouglas_substack:US_CA:wicked-for-good,Wicked For Good,2025-11-21,matched,weekly_forecast_title_activity_window,Matched weekly forecast to active release window 2025-11-21 through 2025-11-27,"THE WEEKEND WARRIOR November 21, 2025 (Print Edition)",2025-11-20,172300000,1. Wicked For Good (Universal) - $172.3 million N/A
matched,1118,edwarddouglas_substack:US_CA:eternity,Eternity,2025-11-26,matched,weekly_forecast_title_activity_window,Matched weekly forecast to active release window 2025-11-26 through 2025-12-02,"THE WEEKEND WARRIOR November 26, 2025 (Thanksgiving “Print” Edition)",2025-11-25,3500000,5. Eternity (A24) - $3.5 million N/A ($2.5 million Tuesday through Thursday)
matched,1116,edwarddouglas_substack:US_CA:now-you-see-me-now-you-dont,"Now You See Me, Now You Don’t",2025-11-26,matched,weekly_forecast_daily_alias_activity_window,Matched weekly forecast to daily chart title 'Now You See Me: Now You Don’t' active 2025-11-14 through 2025-12-02,"THE WEEKEND WARRIOR November 26, 2025 (Thanksgiving “Print” Edition)",2025-11-25,5000000,"3. Now You See Me, Now You Don’t (Lionsgate) - $5 million -44%"
matched,1117,edwarddouglas_substack:US_CA:predator-badlands,Predator: Badlands,2025-11-26,matched,weekly_forecast_title_activity_window,Matched weekly forecast to active release window 2025-11-07 through 2025-12-02,"THE WEEKEND WARRIOR November 26, 2025 (Thanksgiving “Print” Edition)",2025-11-25,4300000,4. Predator: Badlands (20th Century) - $4.3 million -35%
matched,1122,edwarddouglas_substack:US_CA:regretting-you,Regretting You,2025-11-26,matched,weekly_forecast_title_activity_window,Matched weekly forecast to active release window 2025-10-24 through 2025-12-02,"THE WEEKEND WARRIOR November 26, 2025 (Thanksgiving “Print” Edition)",2025-11-25,1100000,9. Regretting You (Paramount) - $1.1 million -30%
matched,1120,edwarddouglas_substack:US_CA:rental-family,Rental Family,2025-11-26,matched,weekly_forecast_title_activity_window,Matched weekly forecast to active release window 2025-11-21 through 2025-12-02,"THE WEEKEND WARRIOR November 26, 2025 (Thanksgiving “Print” Edition)",2025-11-25,2100000,7. Rental Family (Searchlight) - $2.1 million -37%
matched,1121,edwarddouglas_substack:US_CA:sisu-road-to-revenge,Sisu: Road to Revenge,2025-11-26,matched,weekly_forecast_title_activity_window,Matched weekly forecast to active release window 2025-11-21 through 2025-12-02,"THE WEEKEND WARRIOR November 26, 2025 (Thanksgiving “Print” Edition)",2025-11-25,1200000,8. Sisu: Road to Revenge (Sony/Screen Gems) - $1.2 million -50%
matched,1119,edwarddouglas_substack:US_CA:the-running-man,The Running Man,2025-11-26,matched,weekly_forecast_title_activity_window,Matched weekly forecast to active release window 2025-11-14 through 2025-12-02,"THE WEEKEND WARRIOR November 26, 2025 (Thanksgiving “Print” Edition)",2025-11-25,3200000,6. The Running Man (Paramount) - $3.2 million -44%
matched,1124,edwarddouglas_substack:US_CA:the-thing-with-feathers,The Thing With Feathers,2025-11-26,matched,weekly_forecast_title_activity_window,Matched weekly forecast to active release window 2025-11-28 through 2025-12-02,"THE WEEKEND WARRIOR November 26, 2025 (Thanksgiving “Print” Edition)",2025-11-25,800000,– The Thing With Feathers (Briarcliff) - $800k N/A
matched,1115,edwarddouglas_substack:US_CA:wicked-for-good,Wicked For Good,2025-11-26,matched,weekly_forecast_title_activity_window,Matched weekly forecast to active release window 2025-11-21 through 2025-12-02,"THE WEEKEND WARRIOR November 26, 2025 (Thanksgiving “Print” Edition)",2025-11-25,63400000,2. Wicked For Good (Universal) - $63.4 million -57%
matched,1114,edwarddouglas_substack:US_CA:zootopia-2,Zootopia 2,2025-11-26,matched,weekly_forecast_title_activity_window,Matched weekly forecast to active release window 2025-11-26 through 2025-12-02,"THE WEEKEND WARRIOR November 26, 2025 (Thanksgiving “Print” Edition)",2025-11-25,35000000,1. Zootopia 2 (Disney) - $101.5 million N/A ($35 to $45 million Tuesday through Thursday)
matched,1135,edwarddouglas_substack:US_CA:100-nights-of-hero,100 Nights of Hero,2025-12-05,matched,weekly_forecast_title_activity_window,Matched weekly forecast to active release window 2025-12-05 through 2025-12-11,"THE WEEKEND WARRIOR December 5, 2025 (The “Print” Edition)",2025-12-03,1500000,– 100 Nights of Hero (Independent Film Company) - $1.5 million N/A
matched,1133,edwarddouglas_substack:US_CA:fackham-hall,Fackham Hall,2025-12-05,matched,weekly_forecast_title_activity_window,Matched weekly forecast to active release window 2025-12-05 through 2025-12-11,"THE WEEKEND WARRIOR December 5, 2025 (The “Print” Edition)",2025-12-03,2500000,9. Fackham Hall (Bleecker Street) - $2.5 million N/A (up .2 million)
matched,1126,edwarddouglas_substack:US_CA:five-nights-at-freddys-2,Five Nights at Freddy’s 2,2025-12-05,matched,weekly_forecast_daily_alias_activity_window,Matched weekly forecast to daily chart title 'Five Nights at Freddy’s 2' active 2025-12-05 through 2025-12-11,"THE WEEKEND WARRIOR December 5, 2025 (The “Print” Edition)",2025-12-03,37500000,2. Five Nights at Freddy’s 2 (Universal) - $37.5 million N/A
matched,1134,edwarddouglas_substack:US_CA:hamnet,Hamnet,2025-12-05,matched,weekly_forecast_title_activity_window,Matched weekly forecast to active release window 2025-11-26 through 2025-12-11,"THE WEEKEND WARRIOR December 5, 2025 (The “Print” Edition)",2025-12-03,2000000,10. Hamnet (Focus Features) - $2 million
matched,1128,edwarddouglas_substack:US_CA:jujutsu-kaisen-execution,Jujutsu Kaisen: Execution,2025-12-05,matched,weekly_forecast_title_activity_window,Matched weekly forecast to active release window 2025-12-05 through 2025-12-11,"THE WEEKEND WARRIOR December 5, 2025 (The “Print” Edition)",2025-12-03,7500000,4. Jujutsu Kaisen: Execution (GKIDS) - $7.5 million N/A (Up $3.3 million and one spot)
matched,1129,edwarddouglas_substack:US_CA:kill-bill-the-whole-bloody-affair,Kill Bill: The Whole Bloody Affair,2025-12-05,matched,weekly_forecast_title_activity_window,Matched weekly forecast to active release window 2025-12-05 through 2025-12-11,"THE WEEKEND WARRIOR December 5, 2025 (The “Print” Edition)",2025-12-03,6500000,5. Kill Bill: The Whole Bloody Affair (Lionsgate) - $6.5 million N/A (down $1.7 million)
matched,1131,edwarddouglas_substack:US_CA:merrily-we-roll-along,Merrily We Roll Along,2025-12-05,matched,weekly_forecast_title_activity_window,Matched weekly forecast to active release window 2025-12-05 through 2025-12-11,"THE WEEKEND WARRIOR December 5, 2025 (The “Print” Edition)",2025-12-03,3300000,7. Merrily We Roll Along (Sony Pictures Classics) - $3.3 million N/A
matched,1130,edwarddouglas_substack:US_CA:now-you-see-me-now-you-dont,"Now You See Me, Now You Don’t",2025-12-05,matched,weekly_forecast_daily_alias_activity_window,Matched weekly forecast to daily chart title 'Now You See Me: Now You Don’t' active 2025-11-14 through 2025-12-11,"THE WEEKEND WARRIOR December 5, 2025 (The “Print” Edition)",2025-12-03,3500000,"6. Now You See Me, Now You Don’t (Lionsgate) - $3.5 million -49%"
matched,1132,edwarddouglas_substack:US_CA:predator-badlands,Predator: Badlands,2025-12-05,matched,weekly_forecast_title_activity_window,Matched weekly forecast to active release window 2025-11-07 through 2025-12-11,"THE WEEKEND WARRIOR December 5, 2025 (The “Print” Edition)",2025-12-03,2600000,8. Predator: Badlands (20th Century) - $2.6 million -45%
matched,1127,edwarddouglas_substack:US_CA:wicked-for-good,Wicked For Good,2025-12-05,matched,weekly_forecast_title_activity_window,Matched weekly forecast to active release window 2025-11-21 through 2025-12-11,"THE WEEKEND WARRIOR December 5, 2025 (The “Print” Edition)",2025-12-03,26500000,3. Wicked For Good (Universal) - $26.5 million -57%
matched,1125,edwarddouglas_substack:US_CA:zootopia-2,Zootopia 2,2025-12-05,matched,weekly_forecast_title_activity_window,Matched weekly forecast to active release window 2025-11-26 through 2025-12-11,"THE WEEKEND WARRIOR December 5, 2025 (The “Print” Edition)",2025-12-03,45000000,1. Zootopia 2 (Disney) - $45 million -55%
matched,1142,edwarddouglas_substack:US_CA:ella-mccay,Ella McCay,2025-12-12,matched,weekly_forecast_title_activity_window,Matched weekly forecast to active release window 2025-12-12 through 2025-12-18,"THE WEEKEND WARRIOR December 12, 2025 (The ""Print"" Edition)",2025-12-10,3300000,7. Ella McCay (20th Century) - $3.3 million N/A
matched,1145,edwarddouglas_substack:US_CA:eternity,Eternity,2025-12-12,matched,weekly_forecast_title_activity_window,Matched weekly forecast to active release window 2025-11-26 through 2025-12-18,"THE WEEKEND WARRIOR December 12, 2025 (The ""Print"" Edition)",2025-12-10,1700000,10. Eternity (A24) - $1.7 million -38%
matched,1137,edwarddouglas_substack:US_CA:five-nights-at-freddys-2,Five Nights at Freddy’s 2,2025-12-12,matched,weekly_forecast_daily_alias_activity_window,Matched weekly forecast to daily chart title 'Five Nights at Freddy’s 2' active 2025-12-05 through 2025-12-18,"THE WEEKEND WARRIOR December 12, 2025 (The ""Print"" Edition)",2025-12-10,23500000,2. Five Nights at Freddy’s 2 (Universal) - $23.5 million -63%
matched,1143,edwarddouglas_substack:US_CA:hamnet,Hamnet,2025-12-12,matched,weekly_forecast_title_activity_window,Matched weekly forecast to active release window 2025-11-26 through 2025-12-18,"THE WEEKEND WARRIOR December 12, 2025 (The ""Print"" Edition)",2025-12-10,2600000,8. Hamnet (Focus Features) - $2.6 million +13%
matched,1140,edwarddouglas_substack:US_CA:how-the-grinch-stole-christmas-rerelease,How the Grinch Stole Christmas (rerelease),2025-12-12,matched,weekly_forecast_daily_alias_activity_window,Matched weekly forecast to daily chart title 'How the Grinch Stole Christmas' active 2020-12-11 through 2025-12-18,"THE WEEKEND WARRIOR December 12, 2025 (The ""Print"" Edition)",2025-12-10,4000000,5. How the Grinch Stole Christmas (rerelease) (Universal) - $4 million
matched,1141,edwarddouglas_substack:US_CA:jujutsu-kaisen-extinction,Jujutsu Kaisen: Extinction,2025-12-12,matched,weekly_forecast_daily_alias_activity_window,Matched weekly forecast to daily chart title 'Jujutsu Kaisen: Execution' active 2025-12-05 through 2025-12-18,"THE WEEKEND WARRIOR December 12, 2025 (The ""Print"" Edition)",2025-12-10,3700000,6. Jujutsu Kaisen: Extinction (GKIDS) - $3.7 million -63%
matched,1144,edwarddouglas_substack:US_CA:now-you-see-me-now-you-dont,"Now You See Me, Now You Don’t",2025-12-12,matched,weekly_forecast_daily_alias_activity_window,Matched weekly forecast to daily chart title 'Now You See Me: Now You Don’t' active 2025-11-14 through 2025-12-18,"THE WEEKEND WARRIOR December 12, 2025 (The ""Print"" Edition)",2025-12-10,2000000,"9. Now You See Me, Now You Don’t (Lionsgate) - $2 million -45%"
matched,1139,edwarddouglas_substack:US_CA:silent-night-deadly-night,"Silent Night, Deadly Night",2025-12-12,matched,weekly_forecast_title_activity_window,Matched weekly forecast to active release window 2025-12-12 through 2025-12-17,"THE WEEKEND WARRIOR December 12, 2025 (The ""Print"" Edition)",2025-12-10,5200000,"4. Silent Night, Deadly Night (Iconic/Cineverse) - $5.2 million N/A"
matched,1138,edwarddouglas_substack:US_CA:wicked-for-good,Wicked For Good,2025-12-12,matched,weekly_forecast_title_activity_window,Matched weekly forecast to active release window 2025-11-21 through 2025-12-18,"THE WEEKEND WARRIOR December 12, 2025 (The ""Print"" Edition)",2025-12-10,8000000,3. Wicked For Good (Universal) - $8 million -52%
matched,1136,edwarddouglas_substack:US_CA:zootopia-2,Zootopia 2,2025-12-12,matched,weekly_forecast_title_activity_window,Matched weekly forecast to active release window 2025-11-26 through 2025-12-18,"THE WEEKEND WARRIOR December 12, 2025 (The ""Print"" Edition)",2025-12-10,27000000,1. Zootopia 2 (Disney) - $27 million -38%
matched,1146,edwarddouglas_substack:US_CA:avatar-fire-and-ash,Avatar: Fire and Ash,2025-12-19,matched,weekly_forecast_title_activity_window,Matched weekly forecast to active release window 2025-12-18 through 2025-12-25,"THE WEEKEND WARRIOR - December 19, 2025 (Video Edition)",2025-12-17,113200000,1. Avatar: Fire and Ash (20th Century/Disney) - $113.2 million N/A
matched,1157,edwarddouglas_substack:US_CA:avatar-fire-and-ash,Avatar: Fire and Ash,2025-12-19,matched,weekly_forecast_title_activity_window,Matched weekly forecast to active release window 2025-12-18 through 2025-12-25,"THE WEEKEND WARRIOR December 19, 2025 (Print Edition)",2025-12-18,113200000,1. Avatar: Fire and Ash (20th Century/Disney) - $113.2 million N/A
matched,1148,edwarddouglas_substack:US_CA:david,David,2025-12-19,matched,weekly_forecast_title_activity_window,Matched weekly forecast to active release window 2025-12-19 through 2025-12-25,"THE WEEKEND WARRIOR - December 19, 2025 (Video Edition)",2025-12-17,23200000,3. David (Angel Studios) - $23.2 million N/A
matched,1159,edwarddouglas_substack:US_CA:david,David,2025-12-19,matched,weekly_forecast_title_activity_window,Matched weekly forecast to active release window 2025-12-19 through 2025-12-25,"THE WEEKEND WARRIOR December 19, 2025 (Print Edition)",2025-12-18,23200000,3. David (Angel Studios) - $23.2 million N/A
matched,1153,edwarddouglas_substack:US_CA:dhurandhar,Dhurandhar,2025-12-19,matched,weekly_forecast_title_activity_window,Matched weekly forecast to active release window 2025-12-05 through 2025-12-18,"THE WEEKEND WARRIOR - December 19, 2025 (Video Edition)",2025-12-17,1500000,8. Dhurandhar (Yash Raj Films) - $1.5 million -57%
matched,1164,edwarddouglas_substack:US_CA:dhurandhar,Dhurandhar,2025-12-19,matched,weekly_forecast_title_activity_window,Matched weekly forecast to active release window 2025-12-05 through 2025-12-18,"THE WEEKEND WARRIOR December 19, 2025 (Print Edition)",2025-12-18,1500000,8. Dhurandhar (Yash Raj Films) - $1.5 million -57%
matched,1155,edwarddouglas_substack:US_CA:eternity,Eternity,2025-12-19,matched,weekly_forecast_title_activity_window,Matched weekly forecast to active release window 2025-11-26 through 2025-12-25,"THE WEEKEND WARRIOR - December 19, 2025 (Video Edition)",2025-12-17,900000,"10. Eternity (A24) - $900,000 -49%"
matched,1166,edwarddouglas_substack:US_CA:eternity,Eternity,2025-12-19,matched,weekly_forecast_title_activity_window,Matched weekly forecast to active release window 2025-11-26 through 2025-12-25,"THE WEEKEND WARRIOR December 19, 2025 (Print Edition)",2025-12-18,900000,"9. Eternity (A24) - $900,000 -49%"
matched,1151,edwarddouglas_substack:US_CA:five-nights-at-freddys-2,Five Nights at Freddy’s 2,2025-12-19,matched,weekly_forecast_daily_alias_activity_window,Matched weekly forecast to daily chart title 'Five Nights at Freddy’s 2' active 2025-12-05 through 2025-12-25,"THE WEEKEND WARRIOR - December 19, 2025 (Video Edition)",2025-12-17,8700000,6. Five Nights at Freddy’s 2 (Universal) - $8.7 million -55%
matched,1162,edwarddouglas_substack:US_CA:five-nights-at-freddys-2,Five Nights at Freddy’s 2,2025-12-19,matched,weekly_forecast_daily_alias_activity_window,Matched weekly forecast to daily chart title 'Five Nights at Freddy’s 2' active 2025-12-05 through 2025-12-25,"THE WEEKEND WARRIOR December 19, 2025 (Print Edition)",2025-12-18,8700000,6. Five Nights at Freddy’s 2 (Universal) - $8.7 million -55%
matched,1156,edwarddouglas_substack:US_CA:marty-supreme,Marty Supreme,2025-12-19,matched,weekly_forecast_title_activity_window,Matched weekly forecast to active release window 2025-12-19 through 2025-12-25,"THE WEEKEND WARRIOR - December 19, 2025 (Video Edition)",2025-12-17,650000,"– Marty Supreme (A24) - $650,000 N/A"
matched,1167,edwarddouglas_substack:US_CA:marty-supreme,Marty Supreme,2025-12-19,matched,weekly_forecast_title_activity_window,Matched weekly forecast to active release window 2025-12-19 through 2025-12-25,"THE WEEKEND WARRIOR December 19, 2025 (Print Edition)",2025-12-18,650000,"– Marty Supreme (A24) - $650,000 N/A"
matched,1154,edwarddouglas_substack:US_CA:now-you-see-me-now-you-dont,"Now You See Me, Now You Don’t",2025-12-19,matched,weekly_forecast_daily_alias_activity_window,Matched weekly forecast to daily chart title 'Now You See Me: Now You Don’t' active 2025-11-14 through 2025-12-25,"THE WEEKEND WARRIOR - December 19, 2025 (Video Edition)",2025-12-17,1100000,"9. Now You See Me, Now You Don’t (Lionsgate) - $1.1 million -52%"
matched,1165,edwarddouglas_substack:US_CA:now-you-see-me-now-you-dont,"Now You See Me, Now You Don’t",2025-12-19,matched,weekly_forecast_daily_alias_activity_window,Matched weekly forecast to daily chart title 'Now You See Me: Now You Don’t' active 2025-11-14 through 2025-12-25,"THE WEEKEND WARRIOR December 19, 2025 (Print Edition)",2025-12-18,1100000,"9. Now You See Me, Now You Don’t (Lionsgate) - $1.1 million -52%"
matched,1147,edwarddouglas_substack:US_CA:the-housemaid,The Housemaid,2025-12-19,matched,weekly_forecast_title_activity_window,Matched weekly forecast to active release window 2025-12-19 through 2025-12-25,"THE WEEKEND WARRIOR - December 19, 2025 (Video Edition)",2025-12-17,24800000,2. The Housemaid (Lionsgate) - $24.8 million N/A
matched,1158,edwarddouglas_substack:US_CA:the-housemaid,The Housemaid,2025-12-19,matched,weekly_forecast_title_activity_window,Matched weekly forecast to active release window 2025-12-19 through 2025-12-25,"THE WEEKEND WARRIOR December 19, 2025 (Print Edition)",2025-12-18,24600000,2. The Housemaid (Lionsgate) - $24.6 million N/A
matched,1160,edwarddouglas_substack:US_CA:the-spongebob-movie-search-for-squarepants,The Spongebob Movie: Search for SquarePants,2025-12-19,matched,weekly_forecast_title_activity_window,Matched weekly forecast to active release window 2025-12-19 through 2025-12-25,"THE WEEKEND WARRIOR December 19, 2025 (Print Edition)",2025-12-18,17100000,4. The Spongebob Movie: Search for SquarePants (Paramount) - $17.1 million N/A
matched,1149,edwarddouglas_substack:US_CA:the-spongebob-movie-search-for-squarepants,The SpongeBob Movie: Search for SquarePants,2025-12-19,matched,weekly_forecast_title_activity_window,Matched weekly forecast to active release window 2025-12-19 through 2025-12-25,"THE WEEKEND WARRIOR - December 19, 2025 (Video Edition)",2025-12-17,17100000,4. The SpongeBob Movie: Search for SquarePants (Paramount) - $17.1 million N/A
matched,1152,edwarddouglas_substack:US_CA:wicked-for-good,Wicked For Good,2025-12-19,matched,weekly_forecast_title_activity_window,Matched weekly forecast to active release window 2025-11-21 through 2025-12-25,"THE WEEKEND WARRIOR - December 19, 2025 (Video Edition)",2025-12-17,4000000,7. Wicked For Good (Universal) - $4 million -53%
matched,1163,edwarddouglas_substack:US_CA:wicked-for-good,Wicked For Good,2025-12-19,matched,weekly_forecast_title_activity_window,Matched weekly forecast to active release window 2025-11-21 through 2025-12-25,"THE WEEKEND WARRIOR December 19, 2025 (Print Edition)",2025-12-18,4000000,7. Wicked For Good (Universal) - $4 million -53%
matched,1150,edwarddouglas_substack:US_CA:zootopia-2,Zootopia 2,2025-12-19,matched,weekly_forecast_title_activity_window,Matched weekly forecast to active release window 2025-11-26 through 2025-12-25,"THE WEEKEND WARRIOR - December 19, 2025 (Video Edition)",2025-12-17,12500000,5. Zootopia 2 (Disney) - $12.5 million -52%
matched,1161,edwarddouglas_substack:US_CA:zootopia-2,Zootopia 2,2025-12-19,matched,weekly_forecast_title_activity_window,Matched weekly forecast to active release window 2025-11-26 through 2025-12-25,"THE WEEKEND WARRIOR December 19, 2025 (Print Edition)",2025-12-18,12500000,5. Zootopia 2 (Disney) - $12.5 million -52%
matched,1170,edwarddouglas_substack:US_CA:anaconda,Anaconda,2025-12-26,matched,weekly_forecast_title_activity_window,Matched weekly forecast to active release window 2025-12-24 through 2026-01-01,"THE WEEKEND WARRIOR December 25, 2025 - Christmas Day! (Video Edition)",2025-12-23,14800000,3. Anaconda (Sony) - $14.8 million N/A
matched,1168,edwarddouglas_substack:US_CA:avatar-fire-and-ash,Avatar: Fire and Ash,2025-12-26,matched,weekly_forecast_title_activity_window,Matched weekly forecast to active release window 2025-12-18 through 2026-01-01,"THE WEEKEND WARRIOR December 25, 2025 - Christmas Day! (Video Edition)",2025-12-23,51000000,1. Avatar: Fire and Ash (20th Century/Disney) - $51 million -43%
matched,1171,edwarddouglas_substack:US_CA:david,David,2025-12-26,matched,weekly_forecast_title_activity_window,Matched weekly forecast to active release window 2025-12-19 through 2026-01-01,"THE WEEKEND WARRIOR December 25, 2025 - Christmas Day! (Video Edition)",2025-12-23,14000000,4. David (Angel Studios) - $14 million -35%
matched,1176,edwarddouglas_substack:US_CA:five-nights-at-freddys-2,Five Nights at Freddy’s 2,2025-12-26,matched,weekly_forecast_daily_alias_activity_window,Matched weekly forecast to daily chart title 'Five Nights at Freddy’s 2' active 2025-12-05 through 2026-01-01,"THE WEEKEND WARRIOR December 25, 2025 - Christmas Day! (Video Edition)",2025-12-23,3800000,9. Five Nights at Freddy’s 2 (Universal) - $3.8 million -50%
matched,1169,edwarddouglas_substack:US_CA:marty-supreme,Marty Supreme,2025-12-26,matched,weekly_forecast_title_activity_window,Matched weekly forecast to active release window 2025-12-19 through 2026-01-01,"THE WEEKEND WARRIOR December 25, 2025 - Christmas Day! (Video Edition)",2025-12-23,18400000,2. Marty Supreme (A24) - $18.4 million
matched,1175,edwarddouglas_substack:US_CA:song-sung-blue,Song Sung Blue,2025-12-26,matched,weekly_forecast_title_activity_window,Matched weekly forecast to active release window 2025-12-25 through 2026-01-01,"THE WEEKEND WARRIOR December 25, 2025 - Christmas Day! (Video Edition)",2025-12-23,10300000,8. Song Sung Blue (Focus Features) - $10.3 million N/A
matched,1173,edwarddouglas_substack:US_CA:the-housemaid,The Housemaid,2025-12-26,matched,weekly_forecast_title_activity_window,Matched weekly forecast to active release window 2025-12-19 through 2026-01-01,"THE WEEKEND WARRIOR December 25, 2025 - Christmas Day! (Video Edition)",2025-12-23,12000000,6. The Housemaid (Lionsgate) - $12 million -37%
matched,1172,edwarddouglas_substack:US_CA:the-spongebob-movie-search-for-squarepants,The SpongeBob Movie: Search for SquarePants,2025-12-26,matched,weekly_forecast_title_activity_window,Matched weekly forecast to active release window 2025-12-19 through 2026-01-01,"THE WEEKEND WARRIOR December 25, 2025 - Christmas Day! (Video Edition)",2025-12-23,13300000,5. The SpongeBob Movie: Search for SquarePants (Paramount) - $13.3 million -15%
matched,1177,edwarddouglas_substack:US_CA:wicked-for-good,Wicked For Good,2025-12-26,matched,weekly_forecast_title_activity_window,Matched weekly forecast to active release window 2025-11-21 through 2026-01-01,"THE WEEKEND WARRIOR December 25, 2025 - Christmas Day! (Video Edition)",2025-12-23,2700000,10. Wicked For Good (Universal) - $2.7 million -45%
matched,1174,edwarddouglas_substack:US_CA:zootopia-2,Zootopia 2,2025-12-26,matched,weekly_forecast_title_activity_window,Matched weekly forecast to active release window 2025-11-26 through 2026-01-01,"THE WEEKEND WARRIOR December 25, 2025 - Christmas Day! (Video Edition)",2025-12-23,11500000,7. Zootopia 2 (Disney) - $11.5 million -23%
matched,1184,edwarddouglas_substack:US_CA:anaconda,Anaconda,2026-01-09,matched,weekly_forecast_title_activity_window,Matched weekly forecast to active release window 2025-12-24 through 2026-01-15,"THE WEEKEND WARRIOR for January 9, 2026",2026-01-07,4800000,7. Anaconda (Sony) - $4.8 million -52%
matched,1178,edwarddouglas_substack:US_CA:avatar-fire-and-ash,Avatar: Fire and Ash,2026-01-09,matched,weekly_forecast_title_activity_window,Matched weekly forecast to active release window 2025-12-18 through 2026-01-15,"THE WEEKEND WARRIOR for January 9, 2026",2026-01-07,19500000,1. Avatar: Fire and Ash (20th Century/Disney) - $19.5 million -53%
matched,1187,edwarddouglas_substack:US_CA:david,David,2026-01-09,matched,weekly_forecast_title_activity_window,Matched weekly forecast to active release window 2025-12-19 through 2026-01-15,"THE WEEKEND WARRIOR for January 9, 2026",2026-01-07,3600000,10. David (Angel Studios) - $3.6 million -52%
matched,1179,edwarddouglas_substack:US_CA:greenland-2-migration,Greenland 2: Migration,2026-01-09,matched,weekly_forecast_title_activity_window,Matched weekly forecast to active release window 2026-01-09 through 2026-01-15,"THE WEEKEND WARRIOR for January 9, 2026",2026-01-07,10400000,2. Greenland 2: Migration (Lionsgate) - $10.4 million N/A
matched,1189,edwarddouglas_substack:US_CA:i-was-a-stranger,I Was a Stranger,2026-01-09,matched,weekly_forecast_title_activity_window,Matched weekly forecast to active release window 2026-01-09 through 2026-01-15,"THE WEEKEND WARRIOR for January 9, 2026",2026-01-07,1500000,– I Was a Stranger (Angel Studios) - $1.5 million N/A
matched,1188,edwarddouglas_substack:US_CA:is-this-thing-on,Is This Thing On?,2026-01-09,matched,weekly_forecast_daily_alias_activity_window,Matched weekly forecast to daily chart title 'Is This Thing On?' active 2025-12-19 through 2026-01-15,"THE WEEKEND WARRIOR for January 9, 2026",2026-01-07,2500000,– Is This Thing On? (Searchlight) - $2.5 million
matched,1183,edwarddouglas_substack:US_CA:marty-supreme,Marty Supreme,2026-01-09,matched,weekly_forecast_title_activity_window,Matched weekly forecast to active release window 2025-12-19 through 2026-01-15,"THE WEEKEND WARRIOR for January 9, 2026",2026-01-07,6600000,6. Marty Supreme (A24) - $6.6 million -47%
matched,1182,edwarddouglas_substack:US_CA:primate,Primate,2026-01-09,matched,weekly_forecast_title_activity_window,Matched weekly forecast to active release window 2026-01-09 through 2026-01-15,"THE WEEKEND WARRIOR for January 9, 2026",2026-01-07,8100000,5. Primate (Paramount) - $8.1 million N/A
matched,1180,edwarddouglas_substack:US_CA:the-housemaid,The Housemaid,2026-01-09,matched,weekly_forecast_title_activity_window,Matched weekly forecast to active release window 2025-12-19 through 2026-01-15,"THE WEEKEND WARRIOR for January 9, 2026",2026-01-07,9400000,3. The Housemaid (Lionsgate) - $9.4 million -38%
matched,1186,edwarddouglas_substack:US_CA:the-spongebob-movie-search-for-squarepants,The SpongeBob Movie: Search for SquarePants,2026-01-09,matched,weekly_forecast_title_activity_window,Matched weekly forecast to active release window 2025-12-19 through 2026-01-15,"THE WEEKEND WARRIOR for January 9, 2026",2026-01-07,4000000,9. The SpongeBob Movie: Search for SquarePants (Paramount) - $4 million -52%
matched,1181,edwarddouglas_substack:US_CA:zootopia-2,Zootopia 2,2026-01-09,matched,weekly_forecast_title_activity_window,Matched weekly forecast to active release window 2025-11-26 through 2026-01-15,"THE WEEKEND WARRIOR for January 9, 2026",2026-01-07,8500000,4. Zootopia 2 (Disney) - $8.5 million -56%
matched,1196,edwarddouglas_substack:US_CA:all-you-need-is-kill,All You Need is Kill,2026-01-16,matched,weekly_forecast_title_activity_window,Matched weekly forecast to active release window 2026-01-16 through 2026-01-22,"THE WEEKEND WARRIOR Jan. 16, 2026 (Video Edition)",2026-01-15,3500000,8. All You Need is Kill (GKIDS) - $3.5 million N/A
matched,1197,edwarddouglas_substack:US_CA:anaconda,Anaconda,2026-01-16,matched,weekly_forecast_title_activity_window,Matched weekly forecast to active release window 2025-12-24 through 2026-01-22,"THE WEEKEND WARRIOR Jan. 16, 2026 (Video Edition)",2026-01-15,3200000,9. Anaconda (Sony) - $3.2 million -36%
matched,1191,edwarddouglas_substack:US_CA:avatar-fire-and-ash,Avatar: Fire and Ash,2026-01-16,matched,weekly_forecast_title_activity_window,Matched weekly forecast to active release window 2025-12-18 through 2026-01-22,"THE WEEKEND WARRIOR Jan. 16, 2026 (Video Edition)",2026-01-15,15500000,2. Avatar: Fire and Ash (20th Century/Disney) - $15.5 million -28%
matched,1202,edwarddouglas_substack:US_CA:charlie-the-wonderdog,Charlie the Wonderdog,2026-01-16,matched,weekly_forecast_title_activity_window,Matched weekly forecast to active release window 2026-01-16 through 2026-01-22,"THE WEEKEND WARRIOR Jan. 16, 2026 (Video Edition)",2026-01-15,500000,"- Charlie the Wonderdog (Viva Pictures) - $500,000 N/A"
matched,1194,edwarddouglas_substack:US_CA:greenland-2-migration,Greenland 2: Migration,2026-01-16,matched,weekly_forecast_title_activity_window,Matched weekly forecast to active release window 2026-01-09 through 2026-01-22,"THE WEEKEND WARRIOR Jan. 16, 2026 (Video Edition)",2026-01-15,5300000,6. Greenland 2: Migration (Lionsgate) - $5.3 million -37%
matched,1199,edwarddouglas_substack:US_CA:madagascar-re-release,Madagascar (re-release),2026-01-16,matched,weekly_forecast_daily_alias_activity_window,Matched weekly forecast to daily chart title 'Madagascar' active 2026-01-16 through 2026-01-22,"THE WEEKEND WARRIOR Jan. 16, 2026 (Video Edition)",2026-01-15,2200000,- Madagascar (re-release) (Universal/DreamWorks Animation) - $2.2 million N/A
matched,1195,edwarddouglas_substack:US_CA:marty-supreme,Marty Supreme,2026-01-16,matched,weekly_forecast_title_activity_window,Matched weekly forecast to active release window 2025-12-19 through 2026-01-22,"THE WEEKEND WARRIOR Jan. 16, 2026 (Video Edition)",2026-01-15,5000000,7. Marty Supreme (A24) - $5 million -35%
matched,1193,edwarddouglas_substack:US_CA:primate,Primate,2026-01-16,matched,weekly_forecast_title_activity_window,Matched weekly forecast to active release window 2026-01-09 through 2026-01-22,"THE WEEKEND WARRIOR Jan. 16, 2026 (Video Edition)",2026-01-15,6800000,5. Primate (Paramount) - $6.8 million -39%
matched,1200,edwarddouglas_substack:US_CA:the-choral,The Choral,2026-01-16,matched,weekly_forecast_title_activity_window,Matched weekly forecast to active release window 2025-12-25 through 2026-01-22,"THE WEEKEND WARRIOR Jan. 16, 2026 (Video Edition)",2026-01-15,800000,"- The Choral (Sony Pictures Classics) - $800,000"
matched,1198,edwarddouglas_substack:US_CA:the-spongebob-movie-search-for-squarepants,The SpongeBob Movie: Search for SquarePants,2026-01-16,matched,weekly_forecast_title_activity_window,Matched weekly forecast to active release window 2025-12-19 through 2026-01-22,"THE WEEKEND WARRIOR Jan. 16, 2026 (Video Edition)",2026-01-15,2900000,10. The SpongeBob Movie: Search for SquarePants (Paramount) - $2.9 million -25%
matched,1192,edwarddouglas_substack:US_CA:zootopia-2,Zootopia 2,2026-01-16,matched,weekly_forecast_title_activity_window,Matched weekly forecast to active release window 2025-11-26 through 2026-01-22,"THE WEEKEND WARRIOR Jan. 16, 2026 (Video Edition)",2026-01-15,7500000,4. Zootopia 2 (Disney) - $7.5 million -25%
matched,1206,edwarddouglas_substack:US_CA:28-years-later-the-bone-temple,28 Years Later: The Bone Temple,2026-01-23,matched,weekly_forecast_title_activity_window,Matched weekly forecast to active release window 2026-01-15 through 2026-01-29,"THE WEEKEND WARRIOR Jan. 23, 2026 (Video Edition)",2026-01-21,6000000,4. 28 Years Later: The Bone Temple (Sony) - $6 million -52%
matched,1217,edwarddouglas_substack:US_CA:28-years-later-the-bone-temple,28 Years Later: The Bone Temple,2026-01-23,matched,weekly_forecast_title_activity_window,Matched weekly forecast to active release window 2026-01-15 through 2026-01-29,"THE WEEKEND WARRIOR Jan. 23, 2026 (“Print” Edition)",2026-01-22,6000000,4. 28 Years Later: The Bone Temple (Sony) - $6 million -54%
matched,1210,edwarddouglas_substack:US_CA:anaconda,Anaconda,2026-01-23,matched,weekly_forecast_title_activity_window,Matched weekly forecast to active release window 2025-12-24 through 2026-01-29,"THE WEEKEND WARRIOR Jan. 23, 2026 (Video Edition)",2026-01-21,1700000,9. Anaconda (Sony) - $1.7 million -49%
matched,1221,edwarddouglas_substack:US_CA:anaconda,Anaconda,2026-01-23,matched,weekly_forecast_title_activity_window,Matched weekly forecast to active release window 2025-12-24 through 2026-01-29,"THE WEEKEND WARRIOR Jan. 23, 2026 (“Print” Edition)",2026-01-22,1700000,9. Anaconda (Sony) - $1.7 million -49%
matched,1243,edwarddouglas_substack:US_CA:arco,Arco,2026-01-23,matched,weekly_forecast_title_activity_window,Matched weekly forecast to active release window 2025-11-14 through 2026-01-29,"THE WEEKEND WARRIOR Jan. 30, 2026 (“Print” Edition)",2026-01-29,2000000,10. Arco (Neon) - $2 million*
matched,1204,edwarddouglas_substack:US_CA:avatar-fire-and-ash,Avatar: Fire and Ash,2026-01-23,matched,weekly_forecast_title_activity_window,Matched weekly forecast to active release window 2025-12-18 through 2026-01-29,"THE WEEKEND WARRIOR Jan. 23, 2026 (Video Edition)",2026-01-21,8000000,2. Avatar: Fire and Ash (20th Century/Disney) - $8 million -45%
matched,1215,edwarddouglas_substack:US_CA:avatar-fire-and-ash,Avatar: Fire and Ash,2026-01-23,matched,weekly_forecast_title_activity_window,Matched weekly forecast to active release window 2025-12-18 through 2026-01-29,"THE WEEKEND WARRIOR Jan. 23, 2026 (“Print” Edition)",2026-01-22,8000000,2. Avatar: Fire and Ash (20th Century/Disney) - $8 million -45%
matched,1238,edwarddouglas_substack:US_CA:avatar-fire-and-ash,Avatar: Fire and Ash,2026-01-23,matched,weekly_forecast_title_activity_window,Matched weekly forecast to active release window 2025-12-18 through 2026-01-29,"THE WEEKEND WARRIOR Jan. 30, 2026 (“Print” Edition)",2026-01-29,4200000,4. Avatar: Fire and Ash (20th Century/Disney) - $4.2 million -37%
matched,1211,edwarddouglas_substack:US_CA:greenland-2-migration,Greenland 2: Migration,2026-01-23,matched,weekly_forecast_title_activity_window,Matched weekly forecast to active release window 2026-01-09 through 2026-01-29,"THE WEEKEND WARRIOR Jan. 23, 2026 (Video Edition)",2026-01-21,1700000,10. Greenland 2: Migration (Lionsgate) - $1.7 million -51%
matched,1222,edwarddouglas_substack:US_CA:greenland-2-migration,Greenland 2: Migration,2026-01-23,matched,weekly_forecast_title_activity_window,Matched weekly forecast to active release window 2026-01-09 through 2026-01-29,"THE WEEKEND WARRIOR Jan. 23, 2026 (“Print” Edition)",2026-01-22,1700000,10. Greenland 2: Migration (Lionsgate) - $1.7 million -50%
matched,1213,edwarddouglas_substack:US_CA:h-is-for-hawk,H is for Hawk,2026-01-23,matched,weekly_forecast_title_activity_window,Matched weekly forecast to active release window 2026-01-23 through 2026-01-29,"THE WEEKEND WARRIOR Jan. 23, 2026 (Video Edition)",2026-01-21,700000,– H is for Hawk (Roadside Attractions) - $700k
matched,1224,edwarddouglas_substack:US_CA:h-is-for-hawk,H is for Hawk,2026-01-23,matched,weekly_forecast_title_activity_window,Matched weekly forecast to active release window 2026-01-23 through 2026-01-29,"THE WEEKEND WARRIOR Jan. 23, 2026 (“Print” Edition)",2026-01-22,700000,– H is for Hawk (Roadside Attractions) - $700k
matched,1208,edwarddouglas_substack:US_CA:marty-supreme,Marty Supreme,2026-01-23,matched,weekly_forecast_title_activity_window,Matched weekly forecast to active release window 2025-12-19 through 2026-01-29,"THE WEEKEND WARRIOR Jan. 23, 2026 (Video Edition)",2026-01-21,3300000,7. Marty Supreme (A24) - $3.3 million -40%
matched,1219,edwarddouglas_substack:US_CA:marty-supreme,Marty Supreme,2026-01-23,matched,weekly_forecast_title_activity_window,Matched weekly forecast to active release window 2025-12-19 through 2026-01-29,"THE WEEKEND WARRIOR Jan. 23, 2026 (“Print” Edition)",2026-01-22,3300000,7. Marty Supreme (A24) - $3.3 million -43%
matched,1242,edwarddouglas_substack:US_CA:marty-supreme,Marty Supreme,2026-01-23,matched,weekly_forecast_title_activity_window,Matched weekly forecast to active release window 2025-12-19 through 2026-01-29,"THE WEEKEND WARRIOR Jan. 30, 2026 (“Print” Edition)",2026-01-29,2300000,9. Marty Supreme (A24) - $2.3 million -40%
matched,1203,edwarddouglas_substack:US_CA:mercy,Mercy,2026-01-23,matched,weekly_forecast_title_activity_window,Matched weekly forecast to active release window 2026-01-23 through 2026-01-29,"THE WEEKEND WARRIOR Jan. 23, 2026 (Video Edition)",2026-01-21,10400000,1. Mercy (Amazon MGM) - $10.4 million N/A
matched,1214,edwarddouglas_substack:US_CA:mercy,Mercy,2026-01-23,matched,weekly_forecast_title_activity_window,Matched weekly forecast to active release window 2026-01-23 through 2026-01-29,"THE WEEKEND WARRIOR Jan. 23, 2026 (“Print” Edition)",2026-01-22,10400000,1. Mercy (Amazon MGM) - $10.4 million N/A
matched,1239,edwarddouglas_substack:US_CA:mercy,Mercy,2026-01-23,matched,weekly_forecast_title_activity_window,Matched weekly forecast to active release window 2026-01-23 through 2026-01-29,"THE WEEKEND WARRIOR Jan. 30, 2026 (“Print” Edition)",2026-01-29,4000000,5. Mercy (Amazon MGM) - $4 million -63%
matched,1209,edwarddouglas_substack:US_CA:primate,Primate,2026-01-23,matched,weekly_forecast_title_activity_window,Matched weekly forecast to active release window 2026-01-09 through 2026-01-29,"THE WEEKEND WARRIOR Jan. 23, 2026 (Video Edition)",2026-01-21,2500000,8. Primate (Paramount) - $2.5 million -50%
matched,1220,edwarddouglas_substack:US_CA:primate,Primate,2026-01-23,matched,weekly_forecast_title_activity_window,Matched weekly forecast to active release window 2026-01-09 through 2026-01-29,"THE WEEKEND WARRIOR Jan. 23, 2026 (“Print” Edition)",2026-01-22,2500000,8. Primate (Paramount) - $2.5 million -50%
matched,1205,edwarddouglas_substack:US_CA:return-to-silent-hill,Return to Silent Hill,2026-01-23,matched,weekly_forecast_title_activity_window,Matched weekly forecast to active release window 2026-01-23 through 2026-01-29,"THE WEEKEND WARRIOR Jan. 23, 2026 (Video Edition)",2026-01-21,6800000,3. Return to Silent Hill (Cineverse) - $6.8 million N/A
matched,1216,edwarddouglas_substack:US_CA:return-to-silent-hill,Return to Silent Hill,2026-01-23,matched,weekly_forecast_title_activity_window,Matched weekly forecast to active release window 2026-01-23 through 2026-01-29,"THE WEEKEND WARRIOR Jan. 23, 2026 (“Print” Edition)",2026-01-22,6800000,3. Return to Silent Hill (Cineverse) - $6.8 million N/A
matched,1212,edwarddouglas_substack:US_CA:the-testament-of-ann-lee,The Testament of Ann Lee,2026-01-23,matched,weekly_forecast_title_activity_window,Matched weekly forecast to active release window 2025-12-25 through 2026-01-29,"THE WEEKEND WARRIOR Jan. 23, 2026 (Video Edition)",2026-01-21,1000000,– The Testament of Ann Lee (Searchlight Studios) - $1 million
matched,1223,edwarddouglas_substack:US_CA:the-testament-of-ann-lee,The Testament of Ann Lee,2026-01-23,matched,weekly_forecast_title_activity_window,Matched weekly forecast to active release window 2025-12-25 through 2026-01-29,"THE WEEKEND WARRIOR Jan. 23, 2026 (“Print” Edition)",2026-01-22,1000000,– The Testament of Ann Lee (Searchlight Studios) - $1 million
matched,1207,edwarddouglas_substack:US_CA:zootopia-2,Zootopia 2,2026-01-23,matched,weekly_forecast_title_activity_window,Matched weekly forecast to active release window 2025-11-26 through 2026-01-29,"THE WEEKEND WARRIOR Jan. 23, 2026 (Video Edition)",2026-01-21,4700000,6. Zootopia 2 (Disney) - $4.7 million -49%
matched,1218,edwarddouglas_substack:US_CA:zootopia-2,Zootopia 2,2026-01-23,matched,weekly_forecast_title_activity_window,Matched weekly forecast to active release window 2025-11-26 through 2026-01-29,"THE WEEKEND WARRIOR Jan. 23, 2026 (“Print” Edition)",2026-01-22,4500000,6. Zootopia 2 (Disney) - $4.5 million -49%
matched,1240,edwarddouglas_substack:US_CA:zootopia-2,Zootopia 2,2026-01-23,matched,weekly_forecast_title_activity_window,Matched weekly forecast to active release window 2025-11-26 through 2026-01-29,"THE WEEKEND WARRIOR Jan. 30, 2026 (“Print” Edition)",2026-01-29,3500000,6. Zootopia 2 (Disney) - $3.5 million -35%
matched,1233,edwarddouglas_substack:US_CA:28-years-later-the-bone-temple,28 Years Later: The Bone Temple,2026-01-30,matched,weekly_forecast_title_activity_window,Matched weekly forecast to active release window 2026-01-15 through 2026-02-05,"THE WEEKEND WARRIOR Jan. 30, 2026 (Video Edition)",2026-01-27,1800000,10. 28 Years Later: The Bone Temple (Sony) - $1.8 million -48%
matched,1232,edwarddouglas_substack:US_CA:arco,Arco,2026-01-30,matched,weekly_forecast_title_activity_window,Matched weekly forecast to active release window 2025-11-14 through 2026-02-05,"THE WEEKEND WARRIOR Jan. 30, 2026 (Video Edition)",2026-01-27,2000000,9. Arco (Neon) - $2 million*
matched,1228,edwarddouglas_substack:US_CA:avatar-fire-and-ash,Avatar: Fire and Ash,2026-01-30,matched,weekly_forecast_title_activity_window,Matched weekly forecast to active release window 2025-12-18 through 2026-02-05,"THE WEEKEND WARRIOR Jan. 30, 2026 (Video Edition)",2026-01-27,4200000,4. Avatar: Fire and Ash (20th Century/Disney) - $4.2 million -37%
matched,1226,edwarddouglas_substack:US_CA:iron-lung,Iron Lung,2026-01-30,matched,weekly_forecast_title_activity_window,Matched weekly forecast to active release window 2026-01-30 through 2026-02-05,"THE WEEKEND WARRIOR Jan. 30, 2026 (Video Edition)",2026-01-27,10600000,2. Iron Lung (Markiplier Studios) - $10.6 million* N/A
matched,1231,edwarddouglas_substack:US_CA:marty-supreme,Marty Supreme,2026-01-30,matched,weekly_forecast_title_activity_window,Matched weekly forecast to active release window 2025-12-19 through 2026-02-05,"THE WEEKEND WARRIOR Jan. 30, 2026 (Video Edition)",2026-01-27,2300000,8. Marty Supreme (A24) - $2.3 million -40%
matched,1234,edwarddouglas_substack:US_CA:melania,Melania,2026-01-30,matched,weekly_forecast_title_activity_window,Matched weekly forecast to active release window 2026-01-30 through 2026-02-05,"THE WEEKEND WARRIOR Jan. 30, 2026 (Video Edition)",2026-01-27,1000000,– Melania (Amazon MGM) - $1 million* N/A
matched,1229,edwarddouglas_substack:US_CA:mercy,Mercy,2026-01-30,matched,weekly_forecast_title_activity_window,Matched weekly forecast to active release window 2026-01-23 through 2026-02-05,"THE WEEKEND WARRIOR Jan. 30, 2026 (Video Edition)",2026-01-27,4000000,5. Mercy (Amazon MGM) - $4 million -63%
matched,1225,edwarddouglas_substack:US_CA:send-help,Send Help,2026-01-30,matched,weekly_forecast_title_activity_window,Matched weekly forecast to active release window 2026-01-30 through 2026-02-05,"THE WEEKEND WARRIOR Jan. 30, 2026 (Video Edition)",2026-01-27,14500000,1. Send Help (20th Century) - $14.5 million N/A
matched,1227,edwarddouglas_substack:US_CA:shelter,Shelter,2026-01-30,matched,weekly_forecast_title_activity_window,Matched weekly forecast to active release window 2026-01-30 through 2026-02-05,"THE WEEKEND WARRIOR Jan. 30, 2026 (Video Edition)",2026-01-27,6700000,3. Shelter (Black Bear) - $6.7 million* N/A
matched,1230,edwarddouglas_substack:US_CA:zootopia-2,Zootopia 2,2026-01-30,matched,weekly_forecast_title_activity_window,Matched weekly forecast to active release window 2025-11-26 through 2026-02-05,"THE WEEKEND WARRIOR Jan. 30, 2026 (Video Edition)",2026-01-27,3500000,6. Zootopia 2 (Disney) - $3.5 million -35%
matched,1251,edwarddouglas_substack:US_CA:avatar-fire-and-ash,Avatar: Fire and Ash,2026-02-06,matched,weekly_forecast_title_activity_window,Matched weekly forecast to active release window 2025-12-18 through 2026-02-12,"THE WEEKEND WARRIOR Feb. 6, 2026",2026-02-04,4200000,8. Avatar: Fire and Ash (20th Century/Disney) - $4.2 million -37%
matched,1257,edwarddouglas_substack:US_CA:buffalo-kids,Buffalo Kids,2026-02-06,matched,weekly_forecast_title_activity_window,Matched weekly forecast to active release window 2026-02-06 through 2026-02-12,"THE WEEKEND WARRIOR Feb. 6, 2026",2026-02-04,600000,– Buffalo Kids (Viva Pictures) - $600k N/A
matched,1250,edwarddouglas_substack:US_CA:dracula,Dracula,2026-02-06,matched,weekly_forecast_title_activity_window,Matched weekly forecast to active release window 2026-02-06 through 2026-02-12,"THE WEEKEND WARRIOR Feb. 6, 2026",2026-02-04,3600000,7. Dracula (Vertical) - $3.6 million N/A
matched,1246,edwarddouglas_substack:US_CA:iron-lung,Iron Lung,2026-02-06,matched,weekly_forecast_title_activity_window,Matched weekly forecast to active release window 2026-01-30 through 2026-02-12,"THE WEEKEND WARRIOR Feb. 6, 2026",2026-02-04,6400000,3. Iron Lung (Markiplier Studios) - $6.4 million -65%
matched,1253,edwarddouglas_substack:US_CA:melania,Melania,2026-02-06,matched,weekly_forecast_title_activity_window,Matched weekly forecast to active release window 2026-01-30 through 2026-02-12,"THE WEEKEND WARRIOR Feb. 6, 2026",2026-02-04,2200000,– Melania (Amazon MGM) - $2.2 million -70%
matched,1254,edwarddouglas_substack:US_CA:mercy,Mercy,2026-02-06,matched,weekly_forecast_title_activity_window,Matched weekly forecast to active release window 2026-01-23 through 2026-02-12,"THE WEEKEND WARRIOR Feb. 6, 2026",2026-02-04,2200000,– Mercy (Amazon MGM) - $2.2 million -52%
matched,1244,edwarddouglas_substack:US_CA:send-help,Send Help,2026-02-06,matched,weekly_forecast_title_activity_window,Matched weekly forecast to active release window 2026-01-30 through 2026-02-12,"THE WEEKEND WARRIOR Feb. 6, 2026",2026-02-04,9200000,1. Send Help (20th Century) - $9.2 million -52%
matched,1252,edwarddouglas_substack:US_CA:shelter,Shelter,2026-02-06,matched,weekly_forecast_title_activity_window,Matched weekly forecast to active release window 2026-01-30 through 2026-02-12,"THE WEEKEND WARRIOR Feb. 6, 2026",2026-02-04,2400000,9. Shelter (Black Bear) - $2.4 million -47%
matched,1245,edwarddouglas_substack:US_CA:solo-mio,Solo Mio,2026-02-06,matched,weekly_forecast_title_activity_window,Matched weekly forecast to active release window 2026-02-06 through 2026-02-12,"THE WEEKEND WARRIOR Feb. 6, 2026",2026-02-04,7000000,2. Solo Mio (Angel Studios) - $7 million N/A
matched,1248,edwarddouglas_substack:US_CA:stray-kids-the-dominate-experience,Stray Kids: The DominATE Experience,2026-02-06,matched,weekly_forecast_title_activity_window,Matched weekly forecast to active release window 2026-02-06 through 2026-02-12,"THE WEEKEND WARRIOR Feb. 6, 2026",2026-02-04,4500000,5. Stray Kids: The DominATE Experience (Bleecker Street) - $4.5 million N/A
matched,1255,edwarddouglas_substack:US_CA:the-moment,The Moment,2026-02-06,matched,weekly_forecast_title_activity_window,Matched weekly forecast to active release window 2026-01-30 through 2026-02-12,"THE WEEKEND WARRIOR Feb. 6, 2026",2026-02-04,2100000,– The Moment (A24) - $2.1 million
matched,1247,edwarddouglas_substack:US_CA:the-strangers-chapter-3,The Strangers Chapter 3,2026-02-06,matched,weekly_forecast_title_activity_window,Matched weekly forecast to active release window 2026-02-06 through 2026-02-12,"THE WEEKEND WARRIOR Feb. 6, 2026",2026-02-04,5300000,4. The Strangers Chapter 3 (Lionsgate) - $5.3 million N/A
matched,1256,edwarddouglas_substack:US_CA:whistle,Whistle,2026-02-06,matched,weekly_forecast_title_activity_window,Matched weekly forecast to active release window 2026-02-06 through 2026-02-12,"THE WEEKEND WARRIOR Feb. 6, 2026",2026-02-04,2100000,– Whistle (IFC/Shudder) - $2.1 million N/A
matched,1249,edwarddouglas_substack:US_CA:zootopia-2,Zootopia 2,2026-02-06,matched,weekly_forecast_title_activity_window,Matched weekly forecast to active release window 2025-11-26 through 2026-02-12,"THE WEEKEND WARRIOR Feb. 6, 2026",2026-02-04,3800000,6. Zootopia 2 (Disney) - $3.8 million -35%
matched,1260,edwarddouglas_substack:US_CA:crime-101,Crime 101,2026-02-13,matched,weekly_forecast_title_activity_window,Matched weekly forecast to active release window 2026-02-13 through 2026-02-19,THE WEEKEND WARRIOR SHOW for 2/13/26,2026-02-10,10800000,3. Crime 101 (Amazon MGM) - $10.8 million N/A
matched,1266,edwarddouglas_substack:US_CA:dracula,Dracula,2026-02-13,matched,weekly_forecast_title_activity_window,Matched weekly forecast to active release window 2026-02-06 through 2026-02-19,THE WEEKEND WARRIOR SHOW for 2/13/26,2026-02-10,2500000,10. Dracula (Vertical) - $2.5 million -45%
matched,1259,edwarddouglas_substack:US_CA:goat,Goat,2026-02-13,matched,weekly_forecast_title_activity_window,Matched weekly forecast to active release window 2026-02-13 through 2026-02-19,THE WEEKEND WARRIOR SHOW for 2/13/26,2026-02-10,27200000,2. Goat (Sony) - $27.2 million N/A
matched,1263,edwarddouglas_substack:US_CA:good-luck-have-fun-dont-die,"Good Luck, Have Fun, Don’t Die",2026-02-13,matched,weekly_forecast_daily_alias_activity_window,"Matched weekly forecast to daily chart title 'Good Luck, Have Fun, Don’t Die' active 2026-02-13 through 2026-02-19",THE WEEKEND WARRIOR SHOW for 2/13/26,2026-02-10,4700000,"6. Good Luck, Have Fun, Don’t Die (Briarcliff) - $4.7 million N/A"
matched,1264,edwarddouglas_substack:US_CA:iron-lung,Iron Lung,2026-02-13,matched,weekly_forecast_title_activity_window,Matched weekly forecast to active release window 2026-01-30 through 2026-02-19,THE WEEKEND WARRIOR SHOW for 2/13/26,2026-02-10,3700000,7. Iron Lung (Markiplier Studios) - $3.7 million -45%
matched,1261,edwarddouglas_substack:US_CA:send-help,Send Help,2026-02-13,matched,weekly_forecast_title_activity_window,Matched weekly forecast to active release window 2026-01-30 through 2026-02-19,THE WEEKEND WARRIOR SHOW for 2/13/26,2026-02-10,6400000,4. Send Help (20th Century) - $6.4 million -29%
matched,1262,edwarddouglas_substack:US_CA:solo-mio,Solo Mio,2026-02-13,matched,weekly_forecast_title_activity_window,Matched weekly forecast to active release window 2026-02-06 through 2026-02-19,THE WEEKEND WARRIOR SHOW for 2/13/26,2026-02-10,5500000,5. Solo Mio (Angel Studios) - $5.5 million N/A -22%
matched,1258,edwarddouglas_substack:US_CA:wuthering-heights,“Wuthering Heights”,2026-02-13,matched,weekly_forecast_daily_alias_activity_window,Matched weekly forecast to daily chart title '“Wuthering Heights”' active 2026-02-13 through 2026-02-19,THE WEEKEND WARRIOR SHOW for 2/13/26,2026-02-10,47800000,1. “Wuthering Heights” (Warner Bros.) - $47.8 million N/A
matched,1265,edwarddouglas_substack:US_CA:zootopia-2,Zootopia 2,2026-02-13,matched,weekly_forecast_title_activity_window,Matched weekly forecast to active release window 2025-11-26 through 2026-02-19,THE WEEKEND WARRIOR SHOW for 2/13/26,2026-02-10,3000000,8. Zootopia 2 (Disney) - $3 million -25%
matched,1277,edwarddouglas_substack:US_CA:baz-luhrmanns-epic-elvis-presley-in-concert,Baz Luhrmann’s EPIC - Elvis Presley in Concert,2026-02-20,matched,weekly_forecast_daily_alias_activity_window,Matched weekly forecast to daily chart title 'EPiC: Elvis Presley in Concert' active 2026-02-20 through 2026-02-26,"THE WEEKEND WARRIOR SHOW February 20, 2026",2026-02-17,2000000,– Baz Luhrmann’s EPIC - Elvis Presley in Concert (Neon) - $2 million N/A
matched,1289,edwarddouglas_substack:US_CA:baz-luhrmanns-epic-elvis-presley-in-concert,Baz Luhrmann’s EPIC - Elvis Presley in Concert,2026-02-20,matched,weekly_forecast_daily_alias_activity_window,Matched weekly forecast to daily chart title 'EPiC: Elvis Presley in Concert' active 2026-02-20 through 2026-02-26,"THE WEEKEND WARRIOR “Print Edition” February 20, 2026",2026-02-18,2000000,– Baz Luhrmann’s EPIC - Elvis Presley in Concert (Neon) - $2 million N/A
matched,1270,edwarddouglas_substack:US_CA:crime-101,Crime 101,2026-02-20,matched,weekly_forecast_title_activity_window,Matched weekly forecast to active release window 2026-02-13 through 2026-02-26,"THE WEEKEND WARRIOR SHOW February 20, 2026",2026-02-17,7600000,4. Crime 101 (Amazon MGM) - $7.6 million -47%
matched,1282,edwarddouglas_substack:US_CA:crime-101,Crime 101,2026-02-20,matched,weekly_forecast_title_activity_window,Matched weekly forecast to active release window 2026-02-13 through 2026-02-26,"THE WEEKEND WARRIOR “Print Edition” February 20, 2026",2026-02-18,7600000,4. Crime 101 (Amazon MGM) - $7.6 million -47%
matched,1268,edwarddouglas_substack:US_CA:goat,Goat,2026-02-20,matched,weekly_forecast_title_activity_window,Matched weekly forecast to active release window 2026-02-13 through 2026-02-26,"THE WEEKEND WARRIOR SHOW February 20, 2026",2026-02-17,15300000,2. Goat (Sony) - $15.3 million -44%
matched,1280,edwarddouglas_substack:US_CA:goat,Goat,2026-02-20,matched,weekly_forecast_title_activity_window,Matched weekly forecast to active release window 2026-02-13 through 2026-02-26,"THE WEEKEND WARRIOR “Print Edition” February 20, 2026",2026-02-18,15300000,2. Goat (Sony) - $15.3 million -44%
matched,1271,edwarddouglas_substack:US_CA:how-to-make-a-killing,How to Make a Killing,2026-02-20,matched,weekly_forecast_title_activity_window,Matched weekly forecast to active release window 2026-02-20 through 2026-02-26,"THE WEEKEND WARRIOR SHOW February 20, 2026",2026-02-17,7200000,5. How to Make a Killing (A24) - $7.2 million N/A
matched,1283,edwarddouglas_substack:US_CA:how-to-make-a-killing,How to Make a Killing,2026-02-20,matched,weekly_forecast_title_activity_window,Matched weekly forecast to active release window 2026-02-20 through 2026-02-26,"THE WEEKEND WARRIOR “Print Edition” February 20, 2026",2026-02-18,5700000,5. How to Make a Killing (A24) - $5.7 million N/A (down $1.2 million)
matched,1267,edwarddouglas_substack:US_CA:i-can-only-imagine-2,I Can Only Imagine 2,2026-02-20,matched,weekly_forecast_title_activity_window,Matched weekly forecast to active release window 2026-02-20 through 2026-02-26,"THE WEEKEND WARRIOR SHOW February 20, 2026",2026-02-17,18700000,1. I Can Only Imagine 2 (Lionsgate) - $18.7 million N/A
matched,1279,edwarddouglas_substack:US_CA:i-can-only-imagine-2,I Can Only Imagine 2,2026-02-20,matched,weekly_forecast_title_activity_window,Matched weekly forecast to active release window 2026-02-20 through 2026-02-26,"THE WEEKEND WARRIOR “Print Edition” February 20, 2026",2026-02-18,18700000,1. I Can Only Imagine 2 (Lionsgate) - $18.7 million N/A
matched,1278,edwarddouglas_substack:US_CA:midwinter-break,Midwinter Break,2026-02-20,matched,weekly_forecast_title_activity_window,Matched weekly forecast to active release window 2026-02-20 through 2026-02-26,"THE WEEKEND WARRIOR SHOW February 20, 2026",2026-02-17,1400000,– Midwinter Break (Focus) - $1.4 million N/A
matched,1290,edwarddouglas_substack:US_CA:midwinter-break,Midwinter Break,2026-02-20,matched,weekly_forecast_title_activity_window,Matched weekly forecast to active release window 2026-02-20 through 2026-02-26,"THE WEEKEND WARRIOR “Print Edition” February 20, 2026",2026-02-18,1400000,– Midwinter Break (Focus) - $1.4 million N/A
matched,1276,edwarddouglas_substack:US_CA:nirvanna-the-band-the-show-the-movie,Nirvanna: The Band - The Show - The Movie,2026-02-20,matched,weekly_forecast_title_activity_window,Matched weekly forecast to active release window 2026-02-13 through 2026-02-26,"THE WEEKEND WARRIOR SHOW February 20, 2026",2026-02-17,2000000,10. Nirvanna: The Band - The Show - The Movie (Neon) - $2 million +60%
matched,1288,edwarddouglas_substack:US_CA:nirvanna-the-band-the-show-the-movie,Nirvanna: The Band - The Show - The Movie,2026-02-20,matched,weekly_forecast_title_activity_window,Matched weekly forecast to active release window 2026-02-13 through 2026-02-26,"THE WEEKEND WARRIOR “Print Edition” February 20, 2026",2026-02-18,2000000,10. Nirvanna: The Band - The Show - The Movie (Neon) - $2 million +60%
matched,1274,edwarddouglas_substack:US_CA:psycho-killer,Psycho Killer,2026-02-20,matched,weekly_forecast_title_activity_window,Matched weekly forecast to active release window 2026-02-20 through 2026-02-26,"THE WEEKEND WARRIOR SHOW February 20, 2026",2026-02-17,2700000,8. Psycho Killer (20th Century) - $2.7 million N/A
matched,1286,edwarddouglas_substack:US_CA:psycho-killer,Psycho Killer,2026-02-20,matched,weekly_forecast_title_activity_window,Matched weekly forecast to active release window 2026-02-20 through 2026-02-26,"THE WEEKEND WARRIOR “Print Edition” February 20, 2026",2026-02-18,2700000,8. Psycho Killer (20th Century) - $2.7 million N/A
matched,1272,edwarddouglas_substack:US_CA:send-help,Send Help,2026-02-20,matched,weekly_forecast_title_activity_window,Matched weekly forecast to active release window 2026-01-30 through 2026-02-26,"THE WEEKEND WARRIOR SHOW February 20, 2026",2026-02-17,4900000,6. Send Help (20th Century) - $4.9 million -45%
matched,1284,edwarddouglas_substack:US_CA:send-help,Send Help,2026-02-20,matched,weekly_forecast_title_activity_window,Matched weekly forecast to active release window 2026-01-30 through 2026-02-26,"THE WEEKEND WARRIOR “Print Edition” February 20, 2026",2026-02-18,4900000,6. Send Help (20th Century) - $4.9 million -45%
matched,1273,edwarddouglas_substack:US_CA:solo-mio,Solo Mio,2026-02-20,matched,weekly_forecast_title_activity_window,Matched weekly forecast to active release window 2026-02-06 through 2026-02-26,"THE WEEKEND WARRIOR SHOW February 20, 2026",2026-02-17,3300000,7. Solo Mio (Angel Studios) - $3.3 million -48%
matched,1285,edwarddouglas_substack:US_CA:solo-mio,Solo Mio,2026-02-20,matched,weekly_forecast_title_activity_window,Matched weekly forecast to active release window 2026-02-06 through 2026-02-26,"THE WEEKEND WARRIOR “Print Edition” February 20, 2026",2026-02-18,3300000,7. Solo Mio (Angel Studios) - $3.3 million -48%
matched,1269,edwarddouglas_substack:US_CA:wuthering-heights,“Wuthering Heights”,2026-02-20,matched,weekly_forecast_daily_alias_activity_window,Matched weekly forecast to daily chart title '“Wuthering Heights”' active 2026-02-13 through 2026-02-26,"THE WEEKEND WARRIOR SHOW February 20, 2026",2026-02-17,14100000,3. “Wuthering Heights” (Warner Bros.) - $14.1 million -57%
matched,1281,edwarddouglas_substack:US_CA:wuthering-heights,“Wuthering Heights”,2026-02-20,matched,weekly_forecast_daily_alias_activity_window,Matched weekly forecast to daily chart title '“Wuthering Heights”' active 2026-02-13 through 2026-02-26,"THE WEEKEND WARRIOR “Print Edition” February 20, 2026",2026-02-18,14100000,3. “Wuthering Heights” (Warner Bros.) - $14.1 million -57%
matched,1275,edwarddouglas_substack:US_CA:zootopia-2,Zootopia 2,2026-02-20,matched,weekly_forecast_title_activity_window,Matched weekly forecast to active release window 2025-11-26 through 2026-02-26,"THE WEEKEND WARRIOR SHOW February 20, 2026",2026-02-17,2100000,9. Zootopia 2 (Disney) - $2.1 million -43%
matched,1287,edwarddouglas_substack:US_CA:zootopia-2,Zootopia 2,2026-02-20,matched,weekly_forecast_title_activity_window,Matched weekly forecast to active release window 2025-11-26 through 2026-02-26,"THE WEEKEND WARRIOR “Print Edition” February 20, 2026",2026-02-18,2100000,9. Zootopia 2 (Disney) - $2.1 million -43%
matched,1295,edwarddouglas_substack:US_CA:baz-luhrmanns-epic-elvis-presley-in-concert,Baz Luhrmann’s EPIC - Elvis Presley in Concert,2026-02-27,matched,weekly_forecast_daily_alias_activity_window,Matched weekly forecast to daily chart title 'EPiC: Elvis Presley in Concert' active 2026-02-20 through 2026-03-05,"THE WEEKEND WARRIOR SHOW February 27, 2026",2026-02-24,4500000,5. Baz Luhrmann’s EPIC - Elvis Presley in Concert (Neon) - $4.5 million+36%
matched,1305,edwarddouglas_substack:US_CA:baz-luhrmanns-epic-elvis-presley-in-concert,Baz Luhrmann’s EPIC - Elvis Presley in Concert,2026-02-27,matched,weekly_forecast_daily_alias_activity_window,Matched weekly forecast to daily chart title 'EPiC: Elvis Presley in Concert' active 2026-02-20 through 2026-03-05,"THE WEEKEND WARRIOR PRINT EDITION February 27, 2026",2026-02-25,4500000,5. Baz Luhrmann’s EPIC - Elvis Presley in Concert (Neon) - $4.5 million+36%
matched,1296,edwarddouglas_substack:US_CA:crime-101,Crime 101,2026-02-27,matched,weekly_forecast_title_activity_window,Matched weekly forecast to active release window 2026-02-13 through 2026-03-05,"THE WEEKEND WARRIOR SHOW February 27, 2026",2026-02-24,3000000,6. Crime 101 (Amazon MGM) - $3 million -45%
matched,1306,edwarddouglas_substack:US_CA:crime-101,Crime 101,2026-02-27,matched,weekly_forecast_title_activity_window,Matched weekly forecast to active release window 2026-02-13 through 2026-03-05,"THE WEEKEND WARRIOR PRINT EDITION February 27, 2026",2026-02-25,3000000,6. Crime 101 (Amazon MGM) - $3 million -45%
matched,1292,edwarddouglas_substack:US_CA:goat,Goat,2026-02-27,matched,weekly_forecast_title_activity_window,Matched weekly forecast to active release window 2026-02-13 through 2026-03-05,"THE WEEKEND WARRIOR SHOW February 27, 2026",2026-02-24,11000000,2. Goat (Sony) - $11 million -35%
matched,1302,edwarddouglas_substack:US_CA:goat,Goat,2026-02-27,matched,weekly_forecast_title_activity_window,Matched weekly forecast to active release window 2026-02-13 through 2026-03-05,"THE WEEKEND WARRIOR PRINT EDITION February 27, 2026",2026-02-25,11000000,2. Goat (Sony) - $11 million -35%
matched,1298,edwarddouglas_substack:US_CA:how-to-make-a-killing,How to Make a Killing,2026-02-27,matched,weekly_forecast_title_activity_window,Matched weekly forecast to active release window 2026-02-20 through 2026-03-05,"THE WEEKEND WARRIOR SHOW February 27, 2026",2026-02-24,1700000,8. How to Make a Killing (A24) - $1.7 million -50%
matched,1308,edwarddouglas_substack:US_CA:how-to-make-a-killing,How to Make a Killing,2026-02-27,matched,weekly_forecast_title_activity_window,Matched weekly forecast to active release window 2026-02-20 through 2026-03-05,"THE WEEKEND WARRIOR PRINT EDITION February 27, 2026",2026-02-25,1700000,8. How to Make a Killing (A24) - $1.7 million -50%
matched,1294,edwarddouglas_substack:US_CA:i-can-only-imagine-2,I Can Only Imagine 2,2026-02-27,matched,weekly_forecast_title_activity_window,Matched weekly forecast to active release window 2026-02-20 through 2026-03-05,"THE WEEKEND WARRIOR SHOW February 27, 2026",2026-02-24,5000000,4. I Can Only Imagine 2 (Lionsgate) - $5 million -46%
matched,1304,edwarddouglas_substack:US_CA:i-can-only-imagine-2,I Can Only Imagine 2,2026-02-27,matched,weekly_forecast_title_activity_window,Matched weekly forecast to active release window 2026-02-20 through 2026-03-05,"THE WEEKEND WARRIOR PRINT EDITION February 27, 2026",2026-02-25,5000000,4. I Can Only Imagine 2 (Lionsgate) - $5 million -46%
matched,1299,edwarddouglas_substack:US_CA:pillion,Pillion,2026-02-27,matched,weekly_forecast_title_activity_window,Matched weekly forecast to active release window 2026-02-06 through 2026-03-05,"THE WEEKEND WARRIOR SHOW February 27, 2026",2026-02-24,1500000,9. Pillion (A24) - $1.5 million
matched,1309,edwarddouglas_substack:US_CA:pillion,Pillion,2026-02-27,matched,weekly_forecast_title_activity_window,Matched weekly forecast to active release window 2026-02-06 through 2026-03-05,"THE WEEKEND WARRIOR PRINT EDITION February 27, 2026",2026-02-25,1500000,9. Pillion (A24) - $1.5 million
matched,1297,edwarddouglas_substack:US_CA:send-help,Send Help,2026-02-27,matched,weekly_forecast_title_activity_window,Matched weekly forecast to active release window 2026-01-30 through 2026-03-05,"THE WEEKEND WARRIOR SHOW February 27, 2026",2026-02-24,2400000,7. Send Help (20th Century) - $2.4 million -47%
matched,1307,edwarddouglas_substack:US_CA:send-help,Send Help,2026-02-27,matched,weekly_forecast_title_activity_window,Matched weekly forecast to active release window 2026-01-30 through 2026-03-05,"THE WEEKEND WARRIOR PRINT EDITION February 27, 2026",2026-02-25,2400000,7. Send Help (20th Century) - $2.4 million -47%
matched,1293,edwarddouglas_substack:US_CA:wuthering-heights,“Wuthering Heights”,2026-02-27,matched,weekly_forecast_daily_alias_activity_window,Matched weekly forecast to daily chart title '“Wuthering Heights”' active 2026-02-13 through 2026-03-05,"THE WEEKEND WARRIOR SHOW February 27, 2026",2026-02-24,7300000,3. “Wuthering Heights” (Warner Bros.) - $7.3 million -48%
matched,1303,edwarddouglas_substack:US_CA:wuthering-heights,“Wuthering Heights”,2026-02-27,matched,weekly_forecast_daily_alias_activity_window,Matched weekly forecast to daily chart title '“Wuthering Heights”' active 2026-02-13 through 2026-03-05,"THE WEEKEND WARRIOR PRINT EDITION February 27, 2026",2026-02-25,7300000,3. “Wuthering Heights” (Warner Bros.) - $7.3 million -48%
matched,1300,edwarddouglas_substack:US_CA:zootopia-2,Zootopia 2,2026-02-27,matched,weekly_forecast_title_activity_window,Matched weekly forecast to active release window 2025-11-26 through 2026-03-05,"THE WEEKEND WARRIOR SHOW February 27, 2026",2026-02-24,1400000,10. Zootopia 2 (Disney) - $1.4 million -35%
matched,1310,edwarddouglas_substack:US_CA:zootopia-2,Zootopia 2,2026-02-27,matched,weekly_forecast_title_activity_window,Matched weekly forecast to active release window 2025-11-26 through 2026-03-05,"THE WEEKEND WARRIOR PRINT EDITION February 27, 2026",2026-02-25,1400000,10. Zootopia 2 (Disney) - $1.4 million -35%
matched,1317,edwarddouglas_substack:US_CA:baz-luhrmanns-epic-elvis-presley-in-concert,Baz Luhrmann’s EPIC - Elvis Presley in Concert,2026-03-06,matched,weekly_forecast_daily_alias_activity_window,Matched weekly forecast to daily chart title 'EPiC: Elvis Presley in Concert' active 2026-02-20 through 2026-03-12,"THE WEEKEND WARRIOR SHOW March 6, 2026",2026-03-03,1900000,7. Baz Luhrmann’s EPIC - Elvis Presley in Concert (Neon) - $1.9 million -46%
matched,1327,edwarddouglas_substack:US_CA:baz-luhrmanns-epic-elvis-presley-in-concert,Baz Luhrmann’s EPIC - Elvis Presley in Concert,2026-03-06,matched,weekly_forecast_daily_alias_activity_window,Matched weekly forecast to daily chart title 'EPiC: Elvis Presley in Concert' active 2026-02-20 through 2026-03-12,"THE WEEKEND WARRIOR PRINT EDITION March 6, 2026",2026-03-04,1900000,7. Baz Luhrmann’s EPIC - Elvis Presley in Concert (Neon) - $1.9 million -46%
matched,1316,edwarddouglas_substack:US_CA:crime-101,Crime 101,2026-03-06,matched,weekly_forecast_title_activity_window,Matched weekly forecast to active release window 2026-02-13 through 2026-03-12,"THE WEEKEND WARRIOR SHOW March 6, 2026",2026-03-03,2000000,6. Crime 101 (Amazon MGM) - $2 million -42%
matched,1326,edwarddouglas_substack:US_CA:crime-101,Crime 101,2026-03-06,matched,weekly_forecast_title_activity_window,Matched weekly forecast to active release window 2026-02-13 through 2026-03-12,"THE WEEKEND WARRIOR PRINT EDITION March 6, 2026",2026-03-04,2000000,6. Crime 101 (Amazon MGM) - $2 million -42%
matched,1320,edwarddouglas_substack:US_CA:dolly,Dolly,2026-03-06,matched,weekly_forecast_title_activity_window,Matched weekly forecast to active release window 2026-03-06 through 2026-03-12,"THE WEEKEND WARRIOR SHOW March 6, 2026",2026-03-03,1500000,10. Dolly (Independent Film Company/Shudder) - $1.5 million N/A
matched,1330,edwarddouglas_substack:US_CA:dolly,Dolly,2026-03-06,matched,weekly_forecast_title_activity_window,Matched weekly forecast to active release window 2026-03-06 through 2026-03-12,"THE WEEKEND WARRIOR PRINT EDITION March 6, 2026",2026-03-04,1500000,10. Dolly (Independent Film Company/Shudder) - $1.5 million N/A
matched,1314,edwarddouglas_substack:US_CA:goat,Goat,2026-03-06,matched,weekly_forecast_title_activity_window,Matched weekly forecast to active release window 2026-02-13 through 2026-03-12,"THE WEEKEND WARRIOR SHOW March 6, 2026",2026-03-03,6800000,4. Goat (Sony) - $6.8 million -44%
matched,1324,edwarddouglas_substack:US_CA:goat,Goat,2026-03-06,matched,weekly_forecast_title_activity_window,Matched weekly forecast to active release window 2026-02-13 through 2026-03-12,"THE WEEKEND WARRIOR PRINT EDITION March 6, 2026",2026-03-04,6800000,4. Goat (Sony) - $6.8 million -44%
matched,1311,edwarddouglas_substack:US_CA:hoppers,Hoppers,2026-03-06,matched,weekly_forecast_title_activity_window,Matched weekly forecast to active release window 2026-03-06 through 2026-03-12,"THE WEEKEND WARRIOR SHOW March 6, 2026",2026-03-03,48600000,1. Hoppers (Pixar Animation/Disney) - $48.6 million N/A
matched,1321,edwarddouglas_substack:US_CA:hoppers,Hoppers,2026-03-06,matched,weekly_forecast_title_activity_window,Matched weekly forecast to active release window 2026-03-06 through 2026-03-12,"THE WEEKEND WARRIOR PRINT EDITION March 6, 2026",2026-03-04,48600000,1. Hoppers (Pixar Animation/Disney) - $48.6 million N/A
matched,1318,edwarddouglas_substack:US_CA:i-can-only-imagine-2,I Can Only Imagine 2,2026-03-06,matched,weekly_forecast_title_activity_window,Matched weekly forecast to active release window 2026-02-20 through 2026-03-12,"THE WEEKEND WARRIOR SHOW March 6, 2026",2026-03-03,1700000,8. I Can Only Imagine 2 (Lionsgate) - $1.7 million -47%
matched,1328,edwarddouglas_substack:US_CA:i-can-only-imagine-2,I Can Only Imagine 2,2026-03-06,matched,weekly_forecast_title_activity_window,Matched weekly forecast to active release window 2026-02-20 through 2026-03-12,"THE WEEKEND WARRIOR PRINT EDITION March 6, 2026",2026-03-04,1700000,8. I Can Only Imagine 2 (Lionsgate) - $1.7 million -47%
matched,1331,edwarddouglas_substack:US_CA:protector,Protector,2026-03-06,matched,weekly_forecast_title_activity_window,Matched weekly forecast to active release window 2026-03-06 through 2026-03-08,"THE WEEKEND WARRIOR PRINT EDITION March 6, 2026",2026-03-04,800000,– Protector (Magenta Light Studios) - $800k N/A
matched,1319,edwarddouglas_substack:US_CA:send-help,Send Help,2026-03-06,matched,weekly_forecast_title_activity_window,Matched weekly forecast to active release window 2026-01-30 through 2026-03-12,"THE WEEKEND WARRIOR SHOW March 6, 2026",2026-03-03,1600000,9. Send Help (20th Century) - $1.6 million -45%
matched,1329,edwarddouglas_substack:US_CA:send-help,Send Help,2026-03-06,matched,weekly_forecast_title_activity_window,Matched weekly forecast to active release window 2026-01-30 through 2026-03-12,"THE WEEKEND WARRIOR PRINT EDITION March 6, 2026",2026-03-04,1600000,9. Send Help (20th Century) - $1.6 million -45%
matched,1313,edwarddouglas_substack:US_CA:the-bride,The Bride!,2026-03-06,matched,weekly_forecast_daily_alias_activity_window,Matched weekly forecast to daily chart title 'The Bride!' active 2026-03-06 through 2026-03-12,"THE WEEKEND WARRIOR SHOW March 6, 2026",2026-03-03,15100000,3. The Bride! (Warner Bros.) - $15.1 million N/A
matched,1323,edwarddouglas_substack:US_CA:the-bride,The Bride!,2026-03-06,matched,weekly_forecast_daily_alias_activity_window,Matched weekly forecast to daily chart title 'The Bride!' active 2026-03-06 through 2026-03-12,"THE WEEKEND WARRIOR PRINT EDITION March 6, 2026",2026-03-04,15100000,3. The Bride! (Warner Bros.) - $15.1 million N/A
matched,1315,edwarddouglas_substack:US_CA:wuthering-heights,“Wuthering Heights”,2026-03-06,matched,weekly_forecast_daily_alias_activity_window,Matched weekly forecast to daily chart title '“Wuthering Heights”' active 2026-02-13 through 2026-03-12,"THE WEEKEND WARRIOR SHOW March 6, 2026",2026-03-03,3400000,5. “Wuthering Heights” (Warner Bros.) - $3.4 million -49%
matched,1325,edwarddouglas_substack:US_CA:wuthering-heights,“Wuthering Heights”,2026-03-06,matched,weekly_forecast_daily_alias_activity_window,Matched weekly forecast to daily chart title '“Wuthering Heights”' active 2026-02-13 through 2026-03-12,"THE WEEKEND WARRIOR PRINT EDITION March 6, 2026",2026-03-04,3400000,5. “Wuthering Heights” (Warner Bros.) - $3.4 million -49%
matched,1341,edwarddouglas_substack:US_CA:baz-luhrmanns-epic-elvis-presley-in-concert,Baz Luhrmann’s EPIC - Elvis Presley in Concert,2026-03-13,matched,weekly_forecast_daily_alias_activity_window,Matched weekly forecast to daily chart title 'EPiC: Elvis Presley in Concert' active 2026-02-20 through 2026-03-19,"THE WEEKEND WARRIOR SHOW March 13, 2026",2026-03-11,800000,10. Baz Luhrmann’s EPIC - Elvis Presley in Concert (Neon) - $800k -47%
matched,1340,edwarddouglas_substack:US_CA:crime-101,Crime 101,2026-03-13,matched,weekly_forecast_title_activity_window,Matched weekly forecast to active release window 2026-02-13 through 2026-03-19,"THE WEEKEND WARRIOR SHOW March 13, 2026",2026-03-11,1100000,9. Crime 101 (Amazon MGM) - $1.1 million -45%
matched,1336,edwarddouglas_substack:US_CA:goat,Goat,2026-03-13,matched,weekly_forecast_title_activity_window,Matched weekly forecast to active release window 2026-02-13 through 2026-03-19,"THE WEEKEND WARRIOR SHOW March 13, 2026",2026-03-11,4200000,5. Goat (Sony) - $4.2 million -35%
matched,1332,edwarddouglas_substack:US_CA:hoppers,Hoppers,2026-03-13,matched,weekly_forecast_title_activity_window,Matched weekly forecast to active release window 2026-03-06 through 2026-03-19,"THE WEEKEND WARRIOR SHOW March 13, 2026",2026-03-11,26500000,1. Hoppers (Pixar Animation/Disney) - $26.5 million -42%
matched,1333,edwarddouglas_substack:US_CA:reminders-of-him,Reminders of Him,2026-03-13,matched,weekly_forecast_title_activity_window,Matched weekly forecast to active release window 2026-03-13 through 2026-03-19,"THE WEEKEND WARRIOR SHOW March 13, 2026",2026-03-11,12600000,2. Reminders of Him (Universal) - $12.6 million N/A
matched,1334,edwarddouglas_substack:US_CA:scream-7,Scream 7,2026-03-13,matched,weekly_forecast_title_activity_window,Matched weekly forecast to active release window 2026-02-27 through 2026-03-19,"THE WEEKEND WARRIOR SHOW March 13, 2026",2026-03-11,8300000,3. Scream 7 (Paramount) - $8.3 million -52%
matched,1339,edwarddouglas_substack:US_CA:slanted,Slanted,2026-03-13,matched,weekly_forecast_title_activity_window,Matched weekly forecast to active release window 2026-03-13 through 2026-03-19,"THE WEEKEND WARRIOR SHOW March 13, 2026",2026-03-11,1700000,8. Slanted (Bleecker Street) - $1.7 million N/A
matched,1337,edwarddouglas_substack:US_CA:the-bride,The Bride!,2026-03-13,matched,weekly_forecast_daily_alias_activity_window,Matched weekly forecast to daily chart title 'The Bride!' active 2026-03-06 through 2026-03-19,"THE WEEKEND WARRIOR SHOW March 13, 2026",2026-03-11,2700000,6. The Bride! (Warner Bros.) - $2.7 million -63%
matched,1335,edwarddouglas_substack:US_CA:undertone,undertone,2026-03-13,matched,weekly_forecast_title_activity_window,Matched weekly forecast to active release window 2026-03-13 through 2026-03-19,"THE WEEKEND WARRIOR SHOW March 13, 2026",2026-03-11,6300000,4. undertone (A24) - $6.3 million N/A
matched,1338,edwarddouglas_substack:US_CA:wuthering-heights,“Wuthering Heights”,2026-03-13,matched,weekly_forecast_daily_alias_activity_window,Matched weekly forecast to daily chart title '“Wuthering Heights”' active 2026-02-13 through 2026-03-19,"THE WEEKEND WARRIOR SHOW March 13, 2026",2026-03-11,2000000,7. “Wuthering Heights” (Warner Bros.) - $2 million -46%
matched,1346,edwarddouglas_substack:US_CA:dhurandhar-the-revenge,Dhurandhar The Revenge,2026-03-20,matched,weekly_forecast_title_activity_window,Matched weekly forecast to active release window 2026-03-19 through 2026-03-26,"The Weekend Warrior Show March 20, 2026",2026-03-17,5700000,5. Dhurandhar The Revenge (Jio Studios) - $5.7 million N/A
matched,1349,edwarddouglas_substack:US_CA:goat,Goat,2026-03-20,matched,weekly_forecast_title_activity_window,Matched weekly forecast to active release window 2026-02-13 through 2026-03-26,"The Weekend Warrior Show March 20, 2026",2026-03-17,3500000,8. Goat (Sony) - $3.5 million -25%
matched,1343,edwarddouglas_substack:US_CA:hoppers,Hoppers,2026-03-20,matched,weekly_forecast_title_activity_window,Matched weekly forecast to active release window 2026-03-06 through 2026-03-26,"The Weekend Warrior Show March 20, 2026",2026-03-17,19500000,2. Hoppers (Pixar Animation/Disney) - $19.5 million -32%
matched,1342,edwarddouglas_substack:US_CA:project-hail-mary,Project Hail Mary,2026-03-20,matched,weekly_forecast_title_activity_window,Matched weekly forecast to active release window 2026-03-19 through 2026-03-26,"The Weekend Warrior Show March 20, 2026",2026-03-17,65200000,1. Project Hail Mary (Amazon MGM) - $65.2 million N/A (UPDATE: Up $2.4 million)
matched,1344,edwarddouglas_substack:US_CA:ready-or-not-2-here-i-come,Ready or Not 2: Here I Come,2026-03-20,matched,weekly_forecast_title_activity_window,Matched weekly forecast to active release window 2026-03-20 through 2026-03-26,"The Weekend Warrior Show March 20, 2026",2026-03-17,11200000,3. Ready or Not 2: Here I Come (Searchlight) - $11.2 million N/A
matched,1345,edwarddouglas_substack:US_CA:reminders-of-him,Reminders of Him,2026-03-20,matched,weekly_forecast_title_activity_window,Matched weekly forecast to active release window 2026-03-13 through 2026-03-26,"The Weekend Warrior Show March 20, 2026",2026-03-17,8600000,4. Reminders of Him (Universal) - $8.6 million -52%
matched,1348,edwarddouglas_substack:US_CA:scream-7,Scream 7,2026-03-20,matched,weekly_forecast_title_activity_window,Matched weekly forecast to active release window 2026-02-27 through 2026-03-26,"The Weekend Warrior Show March 20, 2026",2026-03-17,4100000,7. Scream 7 (Paramount) - $4.1 million -52%
matched,1351,edwarddouglas_substack:US_CA:the-bride,The Bride!,2026-03-20,matched,weekly_forecast_daily_alias_activity_window,Matched weekly forecast to daily chart title 'The Bride!' active 2026-03-06 through 2026-03-26,"The Weekend Warrior Show March 20, 2026",2026-03-17,800000,"10. The Bride! (Warner Bros.) - $800,000 -53%"
matched,1350,edwarddouglas_substack:US_CA:the-pout-pout-fish,The Pout Pout Fish,2026-03-20,matched,weekly_forecast_title_activity_window,Matched weekly forecast to active release window 2026-03-20 through 2026-03-26,"The Weekend Warrior Show March 20, 2026",2026-03-17,1000000,9. The Pout Pout Fish (Viva Pictures) - $1 million N/A
matched,1347,edwarddouglas_substack:US_CA:undertone,undertone,2026-03-20,matched,weekly_forecast_title_activity_window,Matched weekly forecast to active release window 2026-03-13 through 2026-03-26,"The Weekend Warrior Show March 20, 2026",2026-03-17,4200000,6. undertone (A24) - $4.2 million -55%
matched,1355,edwarddouglas_substack:US_CA:dhurandhar-the-revenge,Dhurandhar The Revenge,2026-03-27,matched,weekly_forecast_title_activity_window,Matched weekly forecast to active release window 2026-03-19 through 2026-04-02,"THE WEEKEND WARRIOR SHOW “Print Edition” March 27, 2026",2026-03-25,5000000,4. Dhurandhar The Revenge (Moviegoers Entertainment) - $5 million -48%
matched,1360,edwarddouglas_substack:US_CA:forbidden-fruits,Forbidden Fruits,2026-03-27,matched,weekly_forecast_title_activity_window,Matched weekly forecast to active release window 2026-03-27 through 2026-04-02,"THE WEEKEND WARRIOR SHOW “Print Edition” March 27, 2026",2026-03-25,2200000,9. Forbidden Fruits (IFC) - $2.2 million N/A
matched,1358,edwarddouglas_substack:US_CA:goat,Goat,2026-03-27,matched,weekly_forecast_title_activity_window,Matched weekly forecast to active release window 2026-02-13 through 2026-04-02,"THE WEEKEND WARRIOR SHOW “Print Edition” March 27, 2026",2026-03-25,2600000,7. Goat (Sony) - $2.6 million -26%
matched,1353,edwarddouglas_substack:US_CA:hoppers,Hoppers,2026-03-27,matched,weekly_forecast_title_activity_window,Matched weekly forecast to active release window 2026-03-06 through 2026-04-02,"THE WEEKEND WARRIOR SHOW “Print Edition” March 27, 2026",2026-03-25,12800000,2. Hoppers (Pixar Animation/Disney) - $12.8 million -28%
matched,1352,edwarddouglas_substack:US_CA:project-hail-mary,Project Hail Mary,2026-03-27,matched,weekly_forecast_title_activity_window,Matched weekly forecast to active release window 2026-03-19 through 2026-04-02,"THE WEEKEND WARRIOR SHOW “Print Edition” March 27, 2026",2026-03-25,40600000,1. Project Hail Mary (Amazon MGM) - $40.6 million -50%
matched,1357,edwarddouglas_substack:US_CA:ready-or-not-2-here-i-come,Ready or Not 2: Here I Come,2026-03-27,matched,weekly_forecast_title_activity_window,Matched weekly forecast to active release window 2026-03-20 through 2026-04-02,"THE WEEKEND WARRIOR SHOW “Print Edition” March 27, 2026",2026-03-25,4200000,6. Ready or Not 2: Here I Come (Searchlight) - $4.2 million -54%
matched,1356,edwarddouglas_substack:US_CA:reminders-of-him,Reminders of Him,2026-03-27,matched,weekly_forecast_title_activity_window,Matched weekly forecast to active release window 2026-03-13 through 2026-04-02,"THE WEEKEND WARRIOR SHOW “Print Edition” March 27, 2026",2026-03-25,4500000,5. Reminders of Him (Universal) - $4.5 million -44%
matched,1359,edwarddouglas_substack:US_CA:scream-7,Scream 7,2026-03-27,matched,weekly_forecast_title_activity_window,Matched weekly forecast to active release window 2026-02-27 through 2026-04-02,"THE WEEKEND WARRIOR SHOW “Print Edition” March 27, 2026",2026-03-25,2300000,8. Scream 7 (Paramount) - $2.3 million -47%
matched,1361,edwarddouglas_substack:US_CA:the-mummy-returns-rerelease,The Mummy Returns Rerelease,2026-03-27,matched,weekly_forecast_daily_alias_activity_window,Matched weekly forecast to daily chart title 'The Mummy Returns' active 2026-03-27 through 2026-04-02,"THE WEEKEND WARRIOR SHOW “Print Edition” March 27, 2026",2026-03-25,1600000,10. The Mummy Returns Rerelease (Universal) - $1.6 million N/A
matched,1354,edwarddouglas_substack:US_CA:they-will-kill-you,They Will Kill You,2026-03-27,matched,weekly_forecast_title_activity_window,Matched weekly forecast to active release window 2026-03-27 through 2026-04-02,"THE WEEKEND WARRIOR SHOW “Print Edition” March 27, 2026",2026-03-25,8200000,3. They Will Kill You (Warner Bros.) - $8.2 million N/A
matched,1373,edwarddouglas_substack:US_CA:a-great-awakening,A Great Awakening,2026-04-03,matched,weekly_forecast_title_activity_window,Matched weekly forecast to active release window 2026-04-03 through 2026-04-09,"THE WEEKEND WARRIOR SHOW APRIL 3, 2026 (Easter!)",2026-03-31,800000,– A Great Awakening (Roadside Attractions) - $800k N/A
matched,1369,edwarddouglas_substack:US_CA:dhurandhar-the-revenge,Dhurandhar The Revenge,2026-04-03,matched,weekly_forecast_title_activity_window,Matched weekly forecast to active release window 2026-03-19 through 2026-04-09,"THE WEEKEND WARRIOR SHOW APRIL 3, 2026 (Easter!)",2026-03-31,2200000,7. Dhurandhar The Revenge (Moviegoers Entertainment) - $2.2 million -54%
matched,1372,edwarddouglas_substack:US_CA:goat,Goat,2026-04-03,matched,weekly_forecast_title_activity_window,Matched weekly forecast to active release window 2026-02-13 through 2026-04-09,"THE WEEKEND WARRIOR SHOW APRIL 3, 2026 (Easter!)",2026-03-31,1200000,10. Goat (Sony) - $1.2 million -45%
matched,1366,edwarddouglas_substack:US_CA:hoppers,Hoppers,2026-04-03,matched,weekly_forecast_title_activity_window,Matched weekly forecast to active release window 2026-03-06 through 2026-04-09,"THE WEEKEND WARRIOR SHOW APRIL 3, 2026 (Easter!)",2026-03-31,6700000,4. Hoppers (Pixar Animation/Disney) - $6.7 million -45%
matched,1364,edwarddouglas_substack:US_CA:project-hail-mary,Project Hail Mary,2026-04-03,matched,weekly_forecast_title_activity_window,Matched weekly forecast to active release window 2026-03-19 through 2026-04-09,"THE WEEKEND WARRIOR SHOW APRIL 3, 2026 (Easter!)",2026-03-31,34500000,2. Project Hail Mary (Amazon MGM) - $34.5 million -50%
matched,1370,edwarddouglas_substack:US_CA:ready-or-not-2-here-i-come,Ready or Not 2: Here I Come,2026-04-03,matched,weekly_forecast_title_activity_window,Matched weekly forecast to active release window 2026-03-20 through 2026-04-09,"THE WEEKEND WARRIOR SHOW APRIL 3, 2026 (Easter!)",2026-03-31,2000000,8. Ready or Not 2: Here I Come (Searchlight) - $2 million -50%
matched,1367,edwarddouglas_substack:US_CA:reminders-of-him,Reminders of Him,2026-04-03,matched,weekly_forecast_title_activity_window,Matched weekly forecast to active release window 2026-03-13 through 2026-04-09,"THE WEEKEND WARRIOR SHOW APRIL 3, 2026 (Easter!)",2026-03-31,2500000,5. Reminders of Him (Universal) - $2.5 million -44%
matched,1371,edwarddouglas_substack:US_CA:scream-7,Scream 7,2026-04-03,matched,weekly_forecast_title_activity_window,Matched weekly forecast to active release window 2026-02-27 through 2026-04-09,"THE WEEKEND WARRIOR SHOW APRIL 3, 2026 (Easter!)",2026-03-31,1400000,9. Scream 7 (Paramount) - $1.4 million -46%
matched,1365,edwarddouglas_substack:US_CA:the-drama,The Drama,2026-04-03,matched,weekly_forecast_title_activity_window,Matched weekly forecast to active release window 2026-04-03 through 2026-04-09,"THE WEEKEND WARRIOR SHOW APRIL 3, 2026 (Easter!)",2026-03-31,15100000,3. The Drama (A24) - $15.1 million N/A
matched,1363,edwarddouglas_substack:US_CA:the-super-mario-galaxy-movie,The Super Mario Galaxy Movie,2026-04-03,matched,weekly_forecast_title_activity_window,Matched weekly forecast to active release window 2026-04-01 through 2026-04-09,"THE WEEKEND WARRIOR SHOW APRIL 3, 2026 (Easter!)",2026-03-31,140600000,1. The Super Mario Galaxy Movie (Universal) - $140.6 million N/A ($45 million Wednesday and Thursday)
matched,1368,edwarddouglas_substack:US_CA:they-will-kill-you,They Will Kill You,2026-04-03,matched,weekly_forecast_title_activity_window,Matched weekly forecast to active release window 2026-03-27 through 2026-04-09,"THE WEEKEND WARRIOR SHOW APRIL 3, 2026 (Easter!)",2026-03-31,2300000,6. They Will Kill You (Warner Bros.) - $2.3 million -54%
matched,1383,edwarddouglas_substack:US_CA:exit-8,Exit 8,2026-04-10,matched,weekly_forecast_daily_alias_activity_window,Matched weekly forecast to daily chart title 'The Exit 8' active 2026-04-10 through 2026-04-16,"THE WEEKEND WARRIOR SHOW - April 10, 2026",2026-04-07,1000000,10. Exit 8 (Neon) - $1 million N/A (new addition!)
matched,1379,edwarddouglas_substack:US_CA:faces-of-death,Faces of Death,2026-04-10,matched,weekly_forecast_title_activity_window,Matched weekly forecast to active release window 2026-04-10 through 2026-04-16,"THE WEEKEND WARRIOR SHOW - April 10, 2026",2026-04-07,5200000,6. Faces of Death (Independent Film Company/Shudder) - $5.2 million N/A (down .3 million)
matched,1380,edwarddouglas_substack:US_CA:hoppers,Hoppers,2026-04-10,matched,weekly_forecast_title_activity_window,Matched weekly forecast to active release window 2026-03-06 through 2026-04-16,"THE WEEKEND WARRIOR SHOW - April 10, 2026",2026-04-07,3500000,7. Hoppers (Pixar Animation/Disney) - $3.5 million -40%
matched,1375,edwarddouglas_substack:US_CA:project-hail-mary,Project Hail Mary,2026-04-10,matched,weekly_forecast_title_activity_window,Matched weekly forecast to active release window 2026-03-19 through 2026-04-16,"THE WEEKEND WARRIOR SHOW - April 10, 2026",2026-04-07,20000000,2. Project Hail Mary (Amazon MGM) - $20 million -37%
matched,1381,edwarddouglas_substack:US_CA:reminders-of-him,Reminders of Him,2026-04-10,matched,weekly_forecast_title_activity_window,Matched weekly forecast to active release window 2026-03-13 through 2026-04-16,"THE WEEKEND WARRIOR SHOW - April 10, 2026",2026-04-07,1300000,8. Reminders of Him (Universal) - $1.3 million -41%
matched,1377,edwarddouglas_substack:US_CA:the-drama,The Drama,2026-04-10,matched,weekly_forecast_title_activity_window,Matched weekly forecast to active release window 2026-04-03 through 2026-04-16,"THE WEEKEND WARRIOR SHOW - April 10, 2026",2026-04-07,7000000,4. The Drama (A24) - $7 million -51% (up .2 million)
matched,1374,edwarddouglas_substack:US_CA:the-super-mario-galaxy-movie,The Super Mario Galaxy Movie,2026-04-10,matched,weekly_forecast_title_activity_window,Matched weekly forecast to active release window 2026-04-01 through 2026-04-16,"THE WEEKEND WARRIOR SHOW - April 10, 2026",2026-04-07,70000000,1. The Super Mario Galaxy Movie (Universal) - $70 million -47%
matched,1376,edwarddouglas_substack:US_CA:you-me-and-tuscany,"You, Me & Tuscany",2026-04-10,matched,weekly_forecast_title_activity_window,Matched weekly forecast to active release window 2026-04-10 through 2026-04-16,"THE WEEKEND WARRIOR SHOW - April 10, 2026",2026-04-07,8000000,"3. You, Me & Tuscany (Universal) - $8 million N/A (up $1.4 million and one place)"
matched,1390,edwarddouglas_substack:US_CA:hoppers,Hoppers,2026-04-17,matched,weekly_forecast_title_activity_window,Matched weekly forecast to active release window 2026-03-06 through 2026-04-23,"THE WEEKEND WARRIOR SHOW - April 17, 2026",2026-04-14,2800000,7. Hoppers (Pixar Animation/Disney) - $2.8 million -34%
matched,1385,edwarddouglas_substack:US_CA:lee-cronins-the-mummy,Lee Cronin’s The Mummy,2026-04-17,matched,weekly_forecast_daily_alias_activity_window,Matched weekly forecast to daily chart title 'Lee Cronin’s The Mummy' active 2026-04-17 through 2026-04-23,"THE WEEKEND WARRIOR SHOW - April 17, 2026",2026-04-14,17600000,2. Lee Cronin’s The Mummy (New Line/WB) - $17.6 million N/A
matched,1392,edwarddouglas_substack:US_CA:lorne,Lorne,2026-04-17,matched,weekly_forecast_title_activity_window,Matched weekly forecast to active release window 2026-04-17 through 2026-04-23,"THE WEEKEND WARRIOR SHOW - April 17, 2026",2026-04-14,1000000,9. Lorne (Focus Features) - $1 million N/A
matched,1387,edwarddouglas_substack:US_CA:normal,Normal,2026-04-17,provisional,edwarddouglas_substack_source_id,Matched existing edwarddouglas_substack source id edwarddouglas_substack:US_CA:normal,"THE WEEKEND WARRIOR SHOW - April 17, 2026",2026-04-14,5600000,4. Normal (Magnolia Pictures) - $5.6 million N/A
matched,1386,edwarddouglas_substack:US_CA:project-hail-mary,Project Hail Mary,2026-04-17,matched,weekly_forecast_title_activity_window,Matched weekly forecast to active release window 2026-03-19 through 2026-04-23,"THE WEEKEND WARRIOR SHOW - April 17, 2026",2026-04-14,16500000,3. Project Hail Mary (Amazon MGM) - $16.5 million -33%
matched,1391,edwarddouglas_substack:US_CA:the-christophers,The Christophers,2026-04-17,matched,weekly_forecast_title_activity_window,Matched weekly forecast to active release window 2026-04-10 through 2026-04-23,"THE WEEKEND WARRIOR SHOW - April 17, 2026",2026-04-14,1100000,8. The Christophers (Neon) - $1.1 million
matched,1388,edwarddouglas_substack:US_CA:the-drama,The Drama,2026-04-17,matched,weekly_forecast_title_activity_window,Matched weekly forecast to active release window 2026-04-03 through 2026-04-23,"THE WEEKEND WARRIOR SHOW - April 17, 2026",2026-04-14,5200000,5. The Drama (A24) - $5.2 million -40%
matched,1384,edwarddouglas_substack:US_CA:the-super-mario-galaxy-movie,The Super Mario Galaxy Movie,2026-04-17,matched,weekly_forecast_title_activity_window,Matched weekly forecast to active release window 2026-04-01 through 2026-04-23,"THE WEEKEND WARRIOR SHOW - April 17, 2026",2026-04-14,38000000,1. The Super Mario Galaxy Movie (Universal) - $38 million -45%
matched,1389,edwarddouglas_substack:US_CA:you-me-and-tuscany,"You, Me & Tuscany",2026-04-17,matched,weekly_forecast_title_activity_window,Matched weekly forecast to active release window 2026-04-10 through 2026-04-23,"THE WEEKEND WARRIOR SHOW - April 17, 2026",2026-04-14,4200000,"6. You, Me & Tuscany (Universal) - $4.2 million -46%"
matched,1404,edwarddouglas_substack:US_CA:desert-warrior,Desert Warrior,2026-04-24,matched,weekly_forecast_title_activity_window,Matched weekly forecast to active release window 2026-04-24 through 2026-04-30,"THE WEEKEND WARRIOR PRINT EDITION - April 24, 2026",2026-04-23,830000,"– Desert Warrior (Vertical) - $830,000 N/A"
matched,1403,edwarddouglas_substack:US_CA:fuze,Fuze,2026-04-24,matched,weekly_forecast_title_activity_window,Matched weekly forecast to active release window 2026-04-24 through 2026-04-30,"THE WEEKEND WARRIOR PRINT EDITION - April 24, 2026",2026-04-23,1300000,– Fuze (Roadside Attractions/Saban Films) - $1.3 million N/A
matched,1401,edwarddouglas_substack:US_CA:hoppers,Hoppers,2026-04-24,matched,weekly_forecast_title_activity_window,Matched weekly forecast to active release window 2026-03-06 through 2026-04-30,"THE WEEKEND WARRIOR PRINT EDITION - April 24, 2026",2026-04-23,1600000,9. Hoppers (Disney/Pixar) - $1.6 million -37%
matched,1402,edwarddouglas_substack:US_CA:i-swear,I Swear,2026-04-24,matched,weekly_forecast_title_activity_window,Matched weekly forecast to active release window 2026-04-24 through 2026-04-30,"THE WEEKEND WARRIOR PRINT EDITION - April 24, 2026",2026-04-23,1300000,– I Swear (Sony Pictures Classics) - $1.3 million N/A
matched,1396,edwarddouglas_substack:US_CA:lee-cronins-the-mummy,Lee Cronin’s The Mummy,2026-04-24,matched,weekly_forecast_daily_alias_activity_window,Matched weekly forecast to daily chart title 'Lee Cronin’s The Mummy' active 2026-04-17 through 2026-04-30,"THE WEEKEND WARRIOR PRINT EDITION - April 24, 2026",2026-04-23,5500000,4. Lee Cronin’s The Mummy (New Line/WB) - $5.5 million -59%
matched,1393,edwarddouglas_substack:US_CA:michael,Michael,2026-04-24,matched,weekly_forecast_title_activity_window,Matched weekly forecast to active release window 2026-04-23 through 2026-04-30,"THE WEEKEND WARRIOR PRINT EDITION - April 24, 2026",2026-04-23,72600000,1. Michael (Lionsgate) - $72.6 million N/A
matched,1397,edwarddouglas_substack:US_CA:mother-mary,Mother Mary,2026-04-24,matched,weekly_forecast_title_activity_window,Matched weekly forecast to active release window 2026-04-17 through 2026-04-30,"THE WEEKEND WARRIOR PRINT EDITION - April 24, 2026",2026-04-23,3100000,5. Mother Mary (A24) - $3.1 million
matched,1399,edwarddouglas_substack:US_CA:over-your-dead-body,Over Your Dead Body,2026-04-24,matched,weekly_forecast_title_activity_window,Matched weekly forecast to active release window 2026-04-24 through 2026-04-30,"THE WEEKEND WARRIOR PRINT EDITION - April 24, 2026",2026-04-23,2300000,7. Over Your Dead Body (IFC/Shudder) - $2.3 million N/A
matched,1395,edwarddouglas_substack:US_CA:project-hail-mary,Project Hail Mary,2026-04-24,matched,weekly_forecast_title_activity_window,Matched weekly forecast to active release window 2026-03-19 through 2026-04-30,"THE WEEKEND WARRIOR PRINT EDITION - April 24, 2026",2026-04-23,7000000,3. Project Hail Mary (Amazon MGM) - $7 million -33%
matched,1398,edwarddouglas_substack:US_CA:the-drama,The Drama,2026-04-24,matched,weekly_forecast_title_activity_window,Matched weekly forecast to active release window 2026-04-03 through 2026-04-30,"THE WEEKEND WARRIOR PRINT EDITION - April 24, 2026",2026-04-23,2700000,6. The Drama (A24) - $2.7 million -44%
matched,1394,edwarddouglas_substack:US_CA:the-super-mario-galaxy-movie,The Super Mario Galaxy Movie,2026-04-24,matched,weekly_forecast_title_activity_window,Matched weekly forecast to active release window 2026-04-01 through 2026-04-30,"THE WEEKEND WARRIOR PRINT EDITION - April 24, 2026",2026-04-23,20000000,2. The Super Mario Galaxy Movie (Universal) - $20 million -45%
matched,1400,edwarddouglas_substack:US_CA:you-me-and-tuscany,"You, Me & Tuscany",2026-04-24,matched,weekly_forecast_title_activity_window,Matched weekly forecast to active release window 2026-04-10 through 2026-04-30,"THE WEEKEND WARRIOR PRINT EDITION - April 24, 2026",2026-04-23,2100000,"8. You, Me & Tuscany (Universal) - $2.1 million -47%"
matched,1410,edwarddouglas_substack:US_CA:animal-farm,Animal Farm,2026-05-01,matched,weekly_forecast_title_activity_window,Matched weekly forecast to active release window 2026-05-01 through 2026-05-07,"THE WEEKEND WARRIOR SHOW for May 1, 2026",2026-04-28,5300000,6. Animal Farm (Angel Studios) - $5.3 million N/A (down $300k)
matched,1424,edwarddouglas_substack:US_CA:animal-farm,Animal Farm,2026-05-01,matched,weekly_forecast_title_activity_window,Matched weekly forecast to active release window 2026-05-01 through 2026-05-07,"THE WEEKEND WARRIOR SHOW for May 8, 2026",2026-05-06,1500000,9. Animal Farm (Angel Studios) - $1.5 million -55%
matched,1420,edwarddouglas_substack:US_CA:billie-eilish-hit-me-hard-and-soft-the-tour,Billie Eilish: Hit Me Hard and Soft: The Tour,2026-05-01,matched,weekly_forecast_title_activity_window,Matched weekly forecast to active release window 2026-05-07 through 2026-05-07,"THE WEEKEND WARRIOR SHOW for May 8, 2026",2026-05-06,12600000,5. Billie Eilish: Hit Me Hard and Soft: The Tour (Paramount) - $12.6 million N/A
matched,1412,edwarddouglas_substack:US_CA:deep-water,Deep Water,2026-05-01,matched,weekly_forecast_title_activity_window,Matched weekly forecast to active release window 2026-05-01 through 2026-05-07,"THE WEEKEND WARRIOR SHOW for May 1, 2026",2026-04-28,2500000,8. Deep Water (Magena Light Studios) - $2.5 million N/A (up $100k)
matched,1409,edwarddouglas_substack:US_CA:hokum,Hokum,2026-05-01,matched,weekly_forecast_title_activity_window,Matched weekly forecast to active release window 2026-04-30 through 2026-05-07,"THE WEEKEND WARRIOR SHOW for May 1, 2026",2026-04-28,6000000,5. Hokum (Neon) - $6 million N/A (Down $700k)
matched,1423,edwarddouglas_substack:US_CA:hokum,Hokum,2026-05-01,matched,weekly_forecast_title_activity_window,Matched weekly forecast to active release window 2026-04-30 through 2026-05-07,"THE WEEKEND WARRIOR SHOW for May 8, 2026",2026-05-06,3100000,8. Hokum (Neon) - $3.1 million -52%
matched,1411,edwarddouglas_substack:US_CA:lee-cronins-the-mummy,Lee Cronin’s The Mummy,2026-05-01,matched,weekly_forecast_daily_alias_activity_window,Matched weekly forecast to daily chart title 'Lee Cronin’s The Mummy' active 2026-04-17 through 2026-05-07,"THE WEEKEND WARRIOR SHOW for May 1, 2026",2026-04-28,2600000,7. Lee Cronin’s The Mummy (New Line/WB) - $2.6 million -53% (down $200k)
matched,1425,edwarddouglas_substack:US_CA:lee-cronins-the-mummy,Lee Cronin’s The Mummy,2026-05-01,matched,weekly_forecast_daily_alias_activity_window,Matched weekly forecast to daily chart title 'Lee Cronin’s The Mummy' active 2026-04-17 through 2026-05-07,"THE WEEKEND WARRIOR SHOW for May 8, 2026",2026-05-06,1100000,10. Lee Cronin’s The Mummy (New Line/WB) - $1.1 million -50%
matched,1406,edwarddouglas_substack:US_CA:michael,Michael,2026-05-01,matched,weekly_forecast_title_activity_window,Matched weekly forecast to active release window 2026-04-23 through 2026-05-07,"THE WEEKEND WARRIOR SHOW for May 1, 2026",2026-04-28,43500000,2. Michael (Lionsgate) - $43.5 million -55%
matched,1418,edwarddouglas_substack:US_CA:michael,Michael,2026-05-01,matched,weekly_forecast_title_activity_window,Matched weekly forecast to active release window 2026-04-23 through 2026-05-07,"THE WEEKEND WARRIOR SHOW for May 8, 2026",2026-05-06,31600000,3. Michael (Lionsgate) - $31.6 million -42%
matched,1416,edwarddouglas_substack:US_CA:mortal-kombat-ii,Mortal Kombat II,2026-05-01,matched,weekly_forecast_title_activity_window,Matched weekly forecast to active release window 2026-05-07 through 2026-05-07,"THE WEEKEND WARRIOR SHOW for May 8, 2026",2026-05-06,42300000,1. Mortal Kombat II (New Line/WB) - $42.3 million N/A
matched,1408,edwarddouglas_substack:US_CA:project-hail-mary,Project Hail Mary,2026-05-01,matched,weekly_forecast_title_activity_window,Matched weekly forecast to active release window 2026-03-19 through 2026-05-07,"THE WEEKEND WARRIOR SHOW for May 1, 2026",2026-04-28,7800000,4. Project Hail Mary (Amazon MGM) - $7.8 million -35%
matched,1422,edwarddouglas_substack:US_CA:project-hail-mary,Project Hail Mary,2026-05-01,matched,weekly_forecast_title_activity_window,Matched weekly forecast to active release window 2026-03-19 through 2026-05-07,"THE WEEKEND WARRIOR SHOW for May 8, 2026",2026-05-06,5100000,7. Project Hail Mary (Amazon MGM) - $5.1 million -40%
matched,1405,edwarddouglas_substack:US_CA:the-devil-wears-prada-2,The Devil Wears Prada 2,2026-05-01,matched,weekly_forecast_title_activity_window,Matched weekly forecast to active release window 2026-04-30 through 2026-05-07,"THE WEEKEND WARRIOR SHOW for May 1, 2026",2026-04-28,78200000,"1. The Devil Wears Prada 2 (20th Century, Disney) - $78.2 million N/A (up $3 million)"
matched,1417,edwarddouglas_substack:US_CA:the-devil-wears-prada-2,The Devil Wears Prada 2,2026-05-01,matched,weekly_forecast_title_activity_window,Matched weekly forecast to active release window 2026-04-30 through 2026-05-07,"THE WEEKEND WARRIOR SHOW for May 8, 2026",2026-05-06,34500000,"2. The Devil Wears Prada 2 (20th Century, Disney) - $34.5 million -55%"
matched,1414,edwarddouglas_substack:US_CA:the-drama,The Drama,2026-05-01,matched,weekly_forecast_title_activity_window,Matched weekly forecast to active release window 2026-04-03 through 2026-05-07,"THE WEEKEND WARRIOR SHOW for May 1, 2026",2026-04-28,1200000,10. The Drama (A24) - $1.2 million -54% (down $100k)
matched,1419,edwarddouglas_substack:US_CA:the-sheep-detectives,The Sheep Detectives,2026-05-01,matched,weekly_forecast_title_activity_window,Matched weekly forecast to active release window 2026-05-07 through 2026-05-07,"THE WEEKEND WARRIOR SHOW for May 8, 2026",2026-05-06,16000000,4. The Sheep Detectives (Amazon MGM) - $16 million N/A
matched,1407,edwarddouglas_substack:US_CA:the-super-mario-galaxy-movie,The Super Mario Galaxy Movie,2026-05-01,matched,weekly_forecast_title_activity_window,Matched weekly forecast to active release window 2026-04-01 through 2026-05-07,"THE WEEKEND WARRIOR SHOW for May 1, 2026",2026-04-28,11300000,3. The Super Mario Galaxy Movie (Universal) - $11.3 million -45%
matched,1421,edwarddouglas_substack:US_CA:the-super-mario-galaxy-movie,The Super Mario Galaxy Movie,2026-05-01,matched,weekly_forecast_title_activity_window,Matched weekly forecast to active release window 2026-04-01 through 2026-05-07,"THE WEEKEND WARRIOR SHOW for May 8, 2026",2026-05-06,6600000,6. The Super Mario Galaxy Movie (Universal) - $6.6 million -45%
matched,1434,edwarddouglas_substack:US_CA:billie-eilish-hit-me-hard-and-soft-the-tour,Billie Eilish: Hit Me Hard and Soft: The Tour,2026-05-15,matched,weekly_forecast_title_activity_window,Matched weekly forecast to active release window 2026-05-07 through 2026-05-21,"THE WEEKEND WARRIOR PRINT EDITION for May 15, 2026",2026-05-14,3100000,9. Billie Eilish: Hit Me Hard and Soft: The Tour (Paramount) - $3.1 million -55%
matched,1433,edwarddouglas_substack:US_CA:in-the-grey,In the Grey,2026-05-15,matched,weekly_forecast_title_activity_window,Matched weekly forecast to active release window 2026-05-15 through 2026-05-21,"THE WEEKEND WARRIOR PRINT EDITION for May 15, 2026",2026-05-14,3400000,8. In the Grey (Black Bear Pictures) - $3.4 million N/A
matched,1435,edwarddouglas_substack:US_CA:is-god-is,Is God Is,2026-05-15,matched,weekly_forecast_title_activity_window,Matched weekly forecast to active release window 2026-05-15 through 2026-05-21,"THE WEEKEND WARRIOR PRINT EDITION for May 15, 2026",2026-05-14,2800000,10. Is God Is (Orion Pictures/MGM) - $2.8 million N/A
matched,1426,edwarddouglas_substack:US_CA:michael,Michael,2026-05-15,matched,weekly_forecast_title_activity_window,Matched weekly forecast to active release window 2026-04-23 through 2026-05-21,"THE WEEKEND WARRIOR PRINT EDITION for May 15, 2026",2026-05-14,23800000,1. Michael (Lionsgate) - $23.8 million -40%
matched,1436,edwarddouglas_substack:US_CA:mobile-suit-gundam-hathaway-the-sorcery-of-nymph-circe,Mobile Suit Gundam Hathaway: The Sorcery of Nymph Circe,2026-05-15,matched,weekly_forecast_title_activity_window,Matched weekly forecast to active release window 2026-05-15 through 2026-05-21,"THE WEEKEND WARRIOR PRINT EDITION for May 15, 2026",2026-05-14,1600000,– Mobile Suit Gundam Hathaway: The Sorcery of Nymph Circe (Bandai) - $1.6 million N/A
matched,1428,edwarddouglas_substack:US_CA:mortal-kombat-ii,Mortal Kombat II,2026-05-15,matched,weekly_forecast_title_activity_window,Matched weekly forecast to active release window 2026-05-07 through 2026-05-21,"THE WEEKEND WARRIOR PRINT EDITION for May 15, 2026",2026-05-14,15100000,3. Mortal Kombat II (New Line/WB) - $15.1 million -62%
matched,1430,edwarddouglas_substack:US_CA:obsession,Obsession,2026-05-15,matched,weekly_forecast_title_activity_window,Matched weekly forecast to active release window 2026-05-14 through 2026-05-21,"THE WEEKEND WARRIOR PRINT EDITION for May 15, 2026",2026-05-14,8500000,5. Obsession (Focus Features) - $8.5 million N/A
matched,1431,edwarddouglas_substack:US_CA:project-hail-mary,Project Hail Mary,2026-05-15,matched,weekly_forecast_title_activity_window,Matched weekly forecast to active release window 2026-03-19 through 2026-05-21,"THE WEEKEND WARRIOR PRINT EDITION for May 15, 2026",2026-05-14,4000000,6. Project Hail Mary (Amazon MGM) - $4 million -40%
matched,1437,edwarddouglas_substack:US_CA:shrek-re-release,Shrek Re-Release,2026-05-15,matched,weekly_forecast_daily_alias_activity_window,Matched weekly forecast to daily chart title 'Shrek' active 2026-05-15 through 2026-05-21,"THE WEEKEND WARRIOR PRINT EDITION for May 15, 2026",2026-05-14,1500000,– Shrek Re-Release (Universal) - $1.5 million N/A
matched,1427,edwarddouglas_substack:US_CA:the-devil-wears-prada-2,The Devil Wears Prada 2,2026-05-15,matched,weekly_forecast_title_activity_window,Matched weekly forecast to active release window 2026-04-30 through 2026-05-21,"THE WEEKEND WARRIOR PRINT EDITION for May 15, 2026",2026-05-14,22400000,"2. The Devil Wears Prada 2 (20th Century, Disney) - $22.4 million -44%"
matched,1429,edwarddouglas_substack:US_CA:the-sheep-detectives,The Sheep Detectives,2026-05-15,matched,weekly_forecast_title_activity_window,Matched weekly forecast to active release window 2026-05-07 through 2026-05-21,"THE WEEKEND WARRIOR PRINT EDITION for May 15, 2026",2026-05-14,8700000,4. The Sheep Detectives (Amazon MGM) - $8.7 million -42%
matched,1432,edwarddouglas_substack:US_CA:the-super-mario-galaxy-movie,The Super Mario Galaxy Movie,2026-05-15,matched,weekly_forecast_title_activity_window,Matched weekly forecast to active release window 2026-04-01 through 2026-05-21,"THE WEEKEND WARRIOR PRINT EDITION for May 15, 2026",2026-05-14,3800000,7. The Super Mario Galaxy Movie (Universal) - $3.8 million -42%
matched,1448,edwarddouglas_substack:US_CA:corporate-retreat,Corporate Retreat,2026-05-22,matched,weekly_forecast_title_activity_window,Matched weekly forecast to active release window 2026-05-22 through 2026-05-28,"THE WEEKEND WARRIOR SHOW for MAY 22, 2026 (Memorial Day weekend!)",2026-05-19,700000,– Corporate Retreat (Western Film Services) - $700k N/A
matched,1445,edwarddouglas_substack:US_CA:i-love-boosters,I Love Boosters,2026-05-22,matched,weekly_forecast_title_activity_window,Matched weekly forecast to active release window 2026-05-21 through 2026-05-28,"THE WEEKEND WARRIOR SHOW for MAY 22, 2026 (Memorial Day weekend!)",2026-05-19,7100000,8. I Love Boosters (Neon) - $7.1 million N/A
matched,1439,edwarddouglas_substack:US_CA:michael,Michael,2026-05-22,matched,weekly_forecast_title_activity_window,Matched weekly forecast to active release window 2026-04-23 through 2026-05-28,"THE WEEKEND WARRIOR SHOW for MAY 22, 2026 (Memorial Day weekend!)",2026-05-19,18300000,2. Michael (Lionsgate) - $18.3 million -30%
matched,1444,edwarddouglas_substack:US_CA:mortal-kombat-ii,Mortal Kombat II,2026-05-22,matched,weekly_forecast_title_activity_window,Matched weekly forecast to active release window 2026-05-07 through 2026-05-28,"THE WEEKEND WARRIOR SHOW for MAY 22, 2026 (Memorial Day weekend!)",2026-05-19,7500000,7. Mortal Kombat II (New Line/WB) - $7.5 million -44%
matched,1441,edwarddouglas_substack:US_CA:obsession,Obsession,2026-05-22,matched,weekly_forecast_title_activity_window,Matched weekly forecast to active release window 2026-05-14 through 2026-05-28,"THE WEEKEND WARRIOR SHOW for MAY 22, 2026 (Memorial Day weekend!)",2026-05-19,11600000,4. Obsession (Focus Features) - $11.6 million -33%
matched,1442,edwarddouglas_substack:US_CA:passenger,Passenger,2026-05-22,matched,weekly_forecast_title_activity_window,Matched weekly forecast to active release window 2026-05-21 through 2026-05-28,"THE WEEKEND WARRIOR SHOW for MAY 22, 2026 (Memorial Day weekend!)",2026-05-19,10400000,5. Passenger (Paramount) - $10.4 million N/A
matched,1447,edwarddouglas_substack:US_CA:project-hail-mary,Project Hail Mary,2026-05-22,matched,weekly_forecast_title_activity_window,Matched weekly forecast to active release window 2026-03-19 through 2026-05-28,"THE WEEKEND WARRIOR SHOW for MAY 22, 2026 (Memorial Day weekend!)",2026-05-19,3600000,10. Project Hail Mary (Amazon MGM) - $3.6 million -20%
matched,1438,edwarddouglas_substack:US_CA:star-wars-the-mandalorian-and-grogu,Star Wars: The Mandalorian and Grogu,2026-05-22,matched,weekly_forecast_title_activity_window,Matched weekly forecast to active release window 2026-05-21 through 2026-05-28,"THE WEEKEND WARRIOR SHOW for MAY 22, 2026 (Memorial Day weekend!)",2026-05-19,110200000,1. Star Wars: The Mandalorian and Grogu (LucasFilm/Disney) - $110.2 million N/A
matched,1440,edwarddouglas_substack:US_CA:the-devil-wears-prada-2,The Devil Wears Prada 2,2026-05-22,matched,weekly_forecast_title_activity_window,Matched weekly forecast to active release window 2026-04-30 through 2026-05-28,"THE WEEKEND WARRIOR SHOW for MAY 22, 2026 (Memorial Day weekend!)",2026-05-19,12000000,"3. The Devil Wears Prada 2 (20th Century, Disney) - $12 million -33%"
matched,1443,edwarddouglas_substack:US_CA:the-sheep-detectives,The Sheep Detectives,2026-05-22,matched,weekly_forecast_title_activity_window,Matched weekly forecast to active release window 2026-05-07 through 2026-05-28,"THE WEEKEND WARRIOR SHOW for MAY 22, 2026 (Memorial Day weekend!)",2026-05-19,8100000,6. The Sheep Detectives (Amazon MGM) - $8.1 million -15%
matched,1446,edwarddouglas_substack:US_CA:the-super-mario-galaxy-movie,The Super Mario Galaxy Movie,2026-05-22,matched,weekly_forecast_title_activity_window,Matched weekly forecast to active release window 2026-04-01 through 2026-05-28,"THE WEEKEND WARRIOR SHOW for MAY 22, 2026 (Memorial Day weekend!)",2026-05-19,3800000,9. The Super Mario Galaxy Movie (Universal) - $3.8 million -42%
matched,1449,edwarddouglas_substack:US_CA:backrooms,Backrooms,2026-05-29,matched,weekly_forecast_title_activity_window,Matched weekly forecast to active release window 2026-05-28 through 2026-06-04,"THE WEEKEND WARRIOR SHOW for May 29, 2026",2026-05-26,46200000,1. Backrooms (A24) - $46.2 million N/A (UP $5.7 million)
matched,1453,edwarddouglas_substack:US_CA:michael,Michael,2026-05-29,matched,weekly_forecast_title_activity_window,Matched weekly forecast to active release window 2026-04-23 through 2026-06-04,"THE WEEKEND WARRIOR SHOW for May 29, 2026",2026-05-26,11300000,5. Michael (Lionsgate) - $11.3 million -45%
matched,1458,edwarddouglas_substack:US_CA:mortal-kombat-ii,Mortal Kombat II,2026-05-29,matched,weekly_forecast_title_activity_window,Matched weekly forecast to active release window 2026-05-07 through 2026-06-04,"THE WEEKEND WARRIOR SHOW for May 29, 2026",2026-05-26,2500000,10. Mortal Kombat II (New Line/WB) - $2.5 million -59%
matched,1451,edwarddouglas_substack:US_CA:obsession,Obsession,2026-05-29,matched,weekly_forecast_title_activity_window,Matched weekly forecast to active release window 2026-05-14 through 2026-06-04,"THE WEEKEND WARRIOR SHOW for May 29, 2026",2026-05-26,18500000,3. Obsession (Focus Features) - $18.5 million -23% (UP $4.1 million)
matched,1456,edwarddouglas_substack:US_CA:passenger,Passenger,2026-05-29,matched,weekly_forecast_title_activity_window,Matched weekly forecast to active release window 2026-05-21 through 2026-06-04,"THE WEEKEND WARRIOR SHOW for May 29, 2026",2026-05-26,3500000,8. Passenger (Paramount) - $3.5 million -60%
matched,1457,edwarddouglas_substack:US_CA:pressure,Pressure,2026-05-29,matched,weekly_forecast_title_activity_window,Matched weekly forecast to active release window 2026-05-29 through 2026-06-04,"THE WEEKEND WARRIOR SHOW for May 29, 2026",2026-05-26,2600000,9. Pressure (Focus Features) - $2.6 million N/A
matched,1450,edwarddouglas_substack:US_CA:star-wars-the-mandalorian-and-grogu,Star Wars: The Mandalorian and Grogu,2026-05-29,matched,weekly_forecast_title_activity_window,Matched weekly forecast to active release window 2026-05-21 through 2026-06-04,"THE WEEKEND WARRIOR SHOW for May 29, 2026",2026-05-26,35000000,2. Star Wars: The Mandalorian and Grogu (LucasFilm/Disney) - $35 million -57%
matched,1452,edwarddouglas_substack:US_CA:the-breadwinner,The Breadwinner,2026-05-29,matched,weekly_forecast_title_activity_window,Matched weekly forecast to active release window 2026-05-28 through 2026-06-04,"THE WEEKEND WARRIOR SHOW for May 29, 2026",2026-05-26,11800000,4. The Breadwinner (Sony) - $11.8 million N/A
matched,1454,edwarddouglas_substack:US_CA:the-devil-wears-prada-2,The Devil Wears Prada 2,2026-05-29,matched,weekly_forecast_title_activity_window,Matched weekly forecast to active release window 2026-04-30 through 2026-06-04,"THE WEEKEND WARRIOR SHOW for May 29, 2026",2026-05-26,6600000,"6. The Devil Wears Prada 2 (20th Century, Disney) - $6.6 million -48%"
matched,1455,edwarddouglas_substack:US_CA:the-sheep-detectives,The Sheep Detectives,2026-05-29,matched,weekly_forecast_title_activity_window,Matched weekly forecast to active release window 2026-05-07 through 2026-06-04,"THE WEEKEND WARRIOR SHOW for May 29, 2026",2026-05-26,5300000,7. The Sheep Detectives (Amazon MGM) - $5.3 million -42%
matched,1460,edwarddouglas_substack:US_CA:backrooms,Backrooms,2026-06-05,matched,weekly_forecast_title_activity_window,Matched weekly forecast to active release window 2026-05-28 through 2026-06-11,"THE WEEKEND WARRIOR SHOW for June 5, 2026",2026-06-02,32600000,2. Backrooms (A24) - $32.6 million -60%
matched,1461,edwarddouglas_substack:US_CA:masters-of-the-universe,Masters of the Universe,2026-06-05,matched,weekly_forecast_title_activity_window,Matched weekly forecast to active release window 2026-06-04 through 2026-06-11,"THE WEEKEND WARRIOR SHOW for June 5, 2026",2026-06-02,31700000,3. Masters of the Universe (Amazon MGM) - $31.7 million N/A
matched,1465,edwarddouglas_substack:US_CA:michael,Michael,2026-06-05,matched,weekly_forecast_title_activity_window,Matched weekly forecast to active release window 2026-04-23 through 2026-06-11,"THE WEEKEND WARRIOR SHOW for June 5, 2026",2026-06-02,6300000,7. Michael (Lionsgate) - $6.3 million -46%
matched,1462,edwarddouglas_substack:US_CA:obsession,Obsession,2026-06-05,matched,weekly_forecast_title_activity_window,Matched weekly forecast to active release window 2026-05-14 through 2026-06-11,"THE WEEKEND WARRIOR SHOW for June 5, 2026",2026-06-02,21000000,4. Obsession (Focus Features) - $21 million -23%
matched,1466,edwarddouglas_substack:US_CA:power-ballad,Power Ballad,2026-06-05,matched,weekly_forecast_title_activity_window,Matched weekly forecast to active release window 2026-05-29 through 2026-06-11,"THE WEEKEND WARRIOR SHOW for June 5, 2026",2026-06-02,4500000,8. Power Ballad (Lionsgate) - $4.5 million
matched,1459,edwarddouglas_substack:US_CA:scary-movie,Scary Movie,2026-06-05,matched,weekly_forecast_title_activity_window,Matched weekly forecast to active release window 2026-06-04 through 2026-06-11,"THE WEEKEND WARRIOR SHOW for June 5, 2026",2026-06-02,44200000,1. Scary Movie (Paramount) - $44.2 million N/A
matched,1463,edwarddouglas_substack:US_CA:star-wars-the-mandalorian-and-grogu,Star Wars: The Mandalorian and Grogu,2026-06-05,matched,weekly_forecast_title_activity_window,Matched weekly forecast to active release window 2026-05-21 through 2026-06-11,"THE WEEKEND WARRIOR SHOW for June 5, 2026",2026-06-02,13000000,5. Star Wars: The Mandalorian and Grogu (LucasFilm/Disney) - $13 million -48%
matched,1464,edwarddouglas_substack:US_CA:the-amazing-digital-circus,The Amazing Digital Circus:,2026-06-05,matched,weekly_forecast_daily_alias_activity_window,Matched weekly forecast to daily chart title 'The Amazing Digital Circus: The Last Act' active 2026-06-04 through 2026-06-11,"THE WEEKEND WARRIOR SHOW for June 5, 2026",2026-06-02,9800000,6. The Amazing Digital Circus: (Fathom Events) - $9.8 million N/A
matched,1467,edwarddouglas_substack:US_CA:the-breadwinner,The Breadwinner,2026-06-05,matched,weekly_forecast_title_activity_window,Matched weekly forecast to active release window 2026-05-28 through 2026-06-11,"THE WEEKEND WARRIOR SHOW for June 5, 2026",2026-06-02,3500000,9. The Breadwinner (Sony) - $3.5 million -52%
matched,1468,edwarddouglas_substack:US_CA:the-devil-wears-prada-2,The Devil Wears Prada 2,2026-06-05,matched,weekly_forecast_title_activity_window,Matched weekly forecast to active release window 2026-04-30 through 2026-06-11,"THE WEEKEND WARRIOR SHOW for June 5, 2026",2026-06-02,3100000,"10. The Devil Wears Prada 2 (20th Century, Disney) - $3.1 million -47%"
matched,1475,edwarddouglas_substack:US_CA:backrooms,Backrooms,2026-06-12,matched,weekly_forecast_title_activity_window,Matched weekly forecast to active release window 2026-05-28 through 2026-06-18,"THE WEEKEND WARRIOR SHOW for June 12, 2026",2026-06-09,13000000,5. Backrooms (A24) - $13 million -50%
matched,1471,edwarddouglas_substack:US_CA:disclosure-day,Disclosure Day,2026-06-12,matched,weekly_forecast_title_activity_window,Matched weekly forecast to active release window 2026-06-11 through 2026-06-18,"THE WEEKEND WARRIOR SHOW for June 12, 2026",2026-06-09,44000000,1. Disclosure Day (Universal) - $44 million N/A
matched,1474,edwarddouglas_substack:US_CA:masters-of-the-universe,Masters of the Universe,2026-06-12,matched,weekly_forecast_title_activity_window,Matched weekly forecast to active release window 2026-06-04 through 2026-06-18,"THE WEEKEND WARRIOR SHOW for June 12, 2026",2026-06-09,17700000,4. Masters of the Universe (Amazon MGM) - $17.7 million -55%
matched,1477,edwarddouglas_substack:US_CA:michael,Michael,2026-06-12,matched,weekly_forecast_title_activity_window,Matched weekly forecast to active release window 2026-04-23 through 2026-06-18,"THE WEEKEND WARRIOR SHOW for June 12, 2026",2026-06-09,5000000,7. Michael (Lionsgate) - $5 million -35%
matched,1472,edwarddouglas_substack:US_CA:obsession,Obsession,2026-06-12,matched,weekly_forecast_title_activity_window,Matched weekly forecast to active release window 2026-05-14 through 2026-06-18,"THE WEEKEND WARRIOR SHOW for June 12, 2026",2026-06-09,20200000,2. Obsession (Focus Features) - $20.2 million -20%
matched,1473,edwarddouglas_substack:US_CA:scary-movie,Scary Movie,2026-06-12,matched,weekly_forecast_title_activity_window,Matched weekly forecast to active release window 2026-06-04 through 2026-06-18,"THE WEEKEND WARRIOR SHOW for June 12, 2026",2026-06-09,19000000,3. Scary Movie (Paramount) - $19 million -65%
matched,1476,edwarddouglas_substack:US_CA:star-wars-the-mandalorian-and-grogu,Star Wars: The Mandalorian and Grogu,2026-06-12,matched,weekly_forecast_title_activity_window,Matched weekly forecast to active release window 2026-05-21 through 2026-06-18,"THE WEEKEND WARRIOR SHOW for June 12, 2026",2026-06-09,5100000,6. Star Wars: The Mandalorian and Grogu (LucasFilm/Disney) - $5.1 million -49%
matched,1478,edwarddouglas_substack:US_CA:stop-that-train,Stop! That! Train!,2026-06-12,matched,weekly_forecast_daily_alias_activity_window,Matched weekly forecast to daily chart title 'Stop! That! Train!' active 2026-06-12 through 2026-06-18,"THE WEEKEND WARRIOR SHOW for June 12, 2026",2026-06-09,3200000,8. Stop! That! Train! (Bleecker Street) - $3.2 million N/A (Down $1 million)
matched,1479,edwarddouglas_substack:US_CA:the-amazing-digital-circus-the-last-act,The Amazing Digital Circus: The Last Act,2026-06-12,matched,weekly_forecast_title_activity_window,Matched weekly forecast to active release window 2026-06-04 through 2026-06-14,"THE WEEKEND WARRIOR SHOW for June 12, 2026",2026-06-09,3500000,9. The Amazing Digital Circus: The Last Act (Fathom Events) - $3.5 million -72%
matched,1480,edwarddouglas_substack:US_CA:the-furious,The Furious,2026-06-12,matched,weekly_forecast_title_activity_window,Matched weekly forecast to active release window 2026-06-12 through 2026-06-18,"THE WEEKEND WARRIOR SHOW for June 12, 2026",2026-06-09,2100000,10. The Furious (Lionsgate) - $2.1 million N/A (up .3 million)
matched,1485,edwarddouglas_substack:US_CA:backrooms,Backrooms,2026-06-19,matched,weekly_forecast_title_activity_window,Matched weekly forecast to active release window 2026-05-28 through 2026-06-25,"THE WEEKEND WARRIOR PRINT EDITION for June 19, 2026",2026-06-16,6000000,5. Backrooms (A24) - $6 million -48%
matched,1482,edwarddouglas_substack:US_CA:disclosure-day,Disclosure Day,2026-06-19,matched,weekly_forecast_title_activity_window,Matched weekly forecast to active release window 2026-06-11 through 2026-06-25,"THE WEEKEND WARRIOR PRINT EDITION for June 19, 2026",2026-06-16,19500000,2. Disclosure Day (Universal) - $19.5 million -56%
matched,1491,edwarddouglas_substack:US_CA:girls-like-girls,Girls Like Girls,2026-06-19,matched,weekly_forecast_title_activity_window,Matched weekly forecast to active release window 2026-06-19 through 2026-06-25,"THE WEEKEND WARRIOR PRINT EDITION for June 19, 2026",2026-06-16,1200000,– Girls Like Girls (Focus Features) - $1.2 million N/A
matched,1490,edwarddouglas_substack:US_CA:leviticus,Leviticus,2026-06-19,matched,weekly_forecast_title_activity_window,Matched weekly forecast to active release window 2026-06-18 through 2026-06-25,"THE WEEKEND WARRIOR PRINT EDITION for June 19, 2026",2026-06-16,2300000,10. Leviticus (Neon) - $2.3 million N/A
matched,1487,edwarddouglas_substack:US_CA:masters-of-the-universe,Masters of the Universe,2026-06-19,matched,weekly_forecast_title_activity_window,Matched weekly forecast to active release window 2026-06-04 through 2026-06-25,"THE WEEKEND WARRIOR PRINT EDITION for June 19, 2026",2026-06-16,4600000,7. Masters of the Universe (Amazon MGM) - $4.6 million -48%
matched,1488,edwarddouglas_substack:US_CA:michael,Michael,2026-06-19,matched,weekly_forecast_title_activity_window,Matched weekly forecast to active release window 2026-04-23 through 2026-06-25,"THE WEEKEND WARRIOR PRINT EDITION for June 19, 2026",2026-06-16,2600000,8. Michael (Lionsgate) - $2.6 million -35%
matched,1483,edwarddouglas_substack:US_CA:obsession,Obsession,2026-06-19,matched,weekly_forecast_title_activity_window,Matched weekly forecast to active release window 2026-05-14 through 2026-06-25,"THE WEEKEND WARRIOR PRINT EDITION for June 19, 2026",2026-06-16,15200000,3. Obsession (Focus Features) - $15.2 million -20%
matched,1484,edwarddouglas_substack:US_CA:scary-movie,Scary Movie,2026-06-19,matched,weekly_forecast_title_activity_window,Matched weekly forecast to active release window 2026-06-04 through 2026-06-25,"THE WEEKEND WARRIOR PRINT EDITION for June 19, 2026",2026-06-16,7000000,4. Scary Movie (Paramount) - $7 million -51%
matched,1489,edwarddouglas_substack:US_CA:star-wars-the-mandalorian-and-grogu,Star Wars: The Mandalorian and Grogu,2026-06-19,matched,weekly_forecast_title_activity_window,Matched weekly forecast to active release window 2026-05-21 through 2026-06-25,"THE WEEKEND WARRIOR PRINT EDITION for June 19, 2026",2026-06-16,2500000,9. Star Wars: The Mandalorian and Grogu (LucasFilm/Disney) - $2.5 million
matched,1486,edwarddouglas_substack:US_CA:the-death-of-robin-hood,The Death of Robin Hood,2026-06-19,matched,weekly_forecast_title_activity_window,Matched weekly forecast to active release window 2026-06-19 through 2026-06-25,"THE WEEKEND WARRIOR PRINT EDITION for June 19, 2026",2026-06-16,5500000,6. The Death of Robin Hood (A24) - $5.5 million N/A (Down $2.8 million and two places)
matched,1481,edwarddouglas_substack:US_CA:toy-story-5,Toy Story 5,2026-06-19,matched,weekly_forecast_title_activity_window,Matched weekly forecast to active release window 2026-06-18 through 2026-06-25,"THE WEEKEND WARRIOR PRINT EDITION for June 19, 2026",2026-06-16,152300000,1. Toy Story 5 (Disney/Pixar) - $152.3 million N/A
matched,1497,edwarddouglas_substack:US_CA:backrooms,Backrooms,2026-06-26,matched,weekly_forecast_title_activity_window,Matched weekly forecast to active release window 2026-05-28 through 2026-07-02,"THE WEEKEND WARRIOR SHOW for June 26, 2026",2026-06-22,4000000,6. Backrooms (A24) - $4 million -44%
matched,1496,edwarddouglas_substack:US_CA:disclosure-day,Disclosure Day,2026-06-26,matched,weekly_forecast_title_activity_window,Matched weekly forecast to active release window 2026-06-11 through 2026-07-02,"THE WEEKEND WARRIOR SHOW for June 26, 2026",2026-06-22,8800000,5. Disclosure Day (Universal) - $8.8 million -50%
matched,1494,edwarddouglas_substack:US_CA:jackass-best-and-last,Jackass: Best and Last,2026-06-26,matched,weekly_forecast_title_activity_window,Matched weekly forecast to active release window 2026-06-25 through 2026-07-02,"THE WEEKEND WARRIOR SHOW for June 26, 2026",2026-06-22,16600000,3. Jackass: Best and Last (Paramount) - $16.6 million N/A (down $4.2 million)
matched,1501,edwarddouglas_substack:US_CA:lucky-strike,Lucky Strike,2026-06-26,matched,weekly_forecast_title_activity_window,Matched weekly forecast to active release window 2026-06-26 through 2026-07-02,"THE WEEKEND WARRIOR SHOW for June 26, 2026",2026-06-22,1600000,10. Lucky Strike (Roadside Attractions/Saban) - $1.6 million N/A
matched,1498,edwarddouglas_substack:US_CA:masters-of-the-universe,Masters of the Universe,2026-06-26,matched,weekly_forecast_title_activity_window,Matched weekly forecast to active release window 2026-06-04 through 2026-07-02,"THE WEEKEND WARRIOR SHOW for June 26, 2026",2026-06-22,3300000,7. Masters of the Universe (Amazon MGM) - $3.3 million -47%
matched,1495,edwarddouglas_substack:US_CA:obsession,Obsession,2026-06-26,matched,weekly_forecast_title_activity_window,Matched weekly forecast to active release window 2026-05-14 through 2026-07-02,"THE WEEKEND WARRIOR SHOW for June 26, 2026",2026-06-22,10000000,4. Obsession (Focus Features) - $10 million -25%
matched,1499,edwarddouglas_substack:US_CA:scary-movie,Scary Movie,2026-06-26,matched,weekly_forecast_title_activity_window,Matched weekly forecast to active release window 2026-06-04 through 2026-07-02,"THE WEEKEND WARRIOR SHOW for June 26, 2026",2026-06-22,3100000,8. Scary Movie (Paramount) - $3.1 million -52%
matched,1500,edwarddouglas_substack:US_CA:star-wars-the-mandalorian-and-grogu,Star Wars: The Mandalorian and Grogu,2026-06-26,matched,weekly_forecast_title_activity_window,Matched weekly forecast to active release window 2026-05-21 through 2026-07-02,"THE WEEKEND WARRIOR SHOW for June 26, 2026",2026-06-22,2100000,9. Star Wars: The Mandalorian and Grogu (Lucasfilm/Disney) - $2.1 million -46%
matched,1493,edwarddouglas_substack:US_CA:supergirl,Supergirl,2026-06-26,matched,weekly_forecast_title_activity_window,Matched weekly forecast to active release window 2026-06-25 through 2026-07-02,"THE WEEKEND WARRIOR SHOW for June 26, 2026",2026-06-22,51800000,2. Supergirl (Warner Bros.) - $51.8 million N/A (down. $4.4 million)
matched,1492,edwarddouglas_substack:US_CA:toy-story-5,Toy Story 5,2026-06-26,matched,weekly_forecast_title_activity_window,Matched weekly forecast to active release window 2026-06-18 through 2026-07-02,"THE WEEKEND WARRIOR SHOW for June 26, 2026",2026-06-22,75000000,1. Toy Story 5 (Disney/Pixar) - $75 million -53%
matched,1511,edwarddouglas_substack:US_CA:alpha,Alpha,2026-07-03,matched,weekly_forecast_title_activity_window,Matched weekly forecast to active release window 2026-03-27 through 2026-04-09,"THE WEEKEND WARRIOR SHOW for July 3, 2026 (4th of July Weekend!)",2026-06-30,1000000,10. Alpha (Yash Raj Films) - $1 million N/A
matched,1509,edwarddouglas_substack:US_CA:backrooms,Backrooms,2026-07-03,matched,weekly_forecast_title_activity_window,Matched weekly forecast to active release window 2026-05-28 through 2026-07-05,"THE WEEKEND WARRIOR SHOW for July 3, 2026 (4th of July Weekend!)",2026-06-30,3000000,8. Backrooms (A24) - $3 million -31%
matched,1507,edwarddouglas_substack:US_CA:disclosure-day,Disclosure Day,2026-07-03,matched,weekly_forecast_title_activity_window,Matched weekly forecast to active release window 2026-06-11 through 2026-07-08,"THE WEEKEND WARRIOR SHOW for July 3, 2026 (4th of July Weekend!)",2026-06-30,4500000,6. Disclosure Day (Universal) - $4.5 million -45%
matched,1508,edwarddouglas_substack:US_CA:jackass-best-and-last,Jackass: Best and Last,2026-07-03,matched,weekly_forecast_title_activity_window,Matched weekly forecast to active release window 2026-06-25 through 2026-07-08,"THE WEEKEND WARRIOR SHOW for July 3, 2026 (4th of July Weekend!)",2026-06-30,4000000,7. Jackass: Best and Last (Paramount) - $4 million -53%
matched,1502,edwarddouglas_substack:US_CA:monsters-and-minions,Monsters and Minions,2026-07-03,matched,weekly_forecast_daily_alias_activity_window,Matched weekly forecast to daily chart title 'Minions & Monsters' active 2026-07-01 through 2026-07-09,"THE WEEKEND WARRIOR SHOW for July 3, 2026 (4th of July Weekend!)",2026-06-30,73400000,1. Monsters and Minions (Universal) - $73.4 million N/A
matched,1506,edwarddouglas_substack:US_CA:obsession,Obsession,2026-07-03,matched,weekly_forecast_title_activity_window,Matched weekly forecast to active release window 2026-05-14 through 2026-07-08,"THE WEEKEND WARRIOR SHOW for July 3, 2026 (4th of July Weekend!)",2026-06-30,6500000,5. Obsession (Focus Features) - $6.5 million -33%
matched,1510,edwarddouglas_substack:US_CA:scary-movie,Scary Movie,2026-07-03,matched,weekly_forecast_title_activity_window,Matched weekly forecast to active release window 2026-06-04 through 2026-07-08,"THE WEEKEND WARRIOR SHOW for July 3, 2026 (4th of July Weekend!)",2026-06-30,1400000,9. Scary Movie (Paramount) - $1.4 million -52%
matched,1504,edwarddouglas_substack:US_CA:supergirl,Supergirl,2026-07-03,matched,weekly_forecast_title_activity_window,Matched weekly forecast to active release window 2026-06-25 through 2026-07-08,"THE WEEKEND WARRIOR SHOW for July 3, 2026 (4th of July Weekend!)",2026-06-30,15000000,3. Supergirl (Warner Bros.) - $15 million -60%
matched,1503,edwarddouglas_substack:US_CA:toy-story-5,Toy Story 5,2026-07-03,matched,weekly_forecast_title_activity_window,Matched weekly forecast to active release window 2026-06-18 through 2026-07-08,"THE WEEKEND WARRIOR SHOW for July 3, 2026 (4th of July Weekend!)",2026-06-30,35000000,2. Toy Story 5 (Disney/Pixar) - $35 million -50%
matched,1505,edwarddouglas_substack:US_CA:young-washington,Young Washington,2026-07-03,matched,weekly_forecast_title_activity_window,Matched weekly forecast to active release window 2026-07-03 through 2026-07-08,"THE WEEKEND WARRIOR SHOW for July 3, 2026 (4th of July Weekend!)",2026-06-30,11500000,4. Young Washington (Angel Studios) - $11.5 million N/A (up $2.4 million)
matched,1519,edwarddouglas_substack:US_CA:disclosure-day,Disclosure Day,2026-07-10,matched,weekly_forecast_title_activity_window,Matched weekly forecast to active release window 2026-06-11 through 2026-07-08,"THE WEEKEND WARRIOR SHOW for July 10, 2026",2026-07-07,3300000,8. Disclosure Day (Universal) - $3.3 million -45%
matched,1513,edwarddouglas_substack:US_CA:evil-dead-burn,Evil Dead Burn,2026-07-10,provisional,edwarddouglas_substack_source_id,Matched existing edwarddouglas_substack source id edwarddouglas_substack:US_CA:evil-dead-burn,"THE WEEKEND WARRIOR SHOW for July 10, 2026",2026-07-07,29500000,2. Evil Dead Burn (New Line/WB) - $29.5 million N/A (down $1.8m)
matched,1514,edwarddouglas_substack:US_CA:minions-and-monsters,Minions and Monsters,2026-07-10,matched,weekly_forecast_title_activity_window,Matched weekly forecast to active release window 2026-07-01 through 2026-07-08,"THE WEEKEND WARRIOR SHOW for July 10, 2026",2026-07-07,20000000,3. Minions and Monsters (Universal) - $20 million -46%
matched,1512,edwarddouglas_substack:US_CA:moana,Moana,2026-07-10,provisional,edwarddouglas_substack_source_id,Matched existing edwarddouglas_substack source id edwarddouglas_substack:US_CA:moana,"THE WEEKEND WARRIOR SHOW for July 10, 2026",2026-07-07,58400000,1. Moana (Disney) - $58.4 million N/A (down $6.1m)
matched,1520,edwarddouglas_substack:US_CA:obsession,Obsession,2026-07-10,matched,weekly_forecast_title_activity_window,Matched weekly forecast to active release window 2026-05-14 through 2026-07-08,"THE WEEKEND WARRIOR SHOW for July 10, 2026",2026-07-07,3100000,9. Obsession (Focus Features) - $3.1 million -42%
matched,1518,edwarddouglas_substack:US_CA:supergirl,Supergirl,2026-07-10,matched,weekly_forecast_title_activity_window,Matched weekly forecast to active release window 2026-06-25 through 2026-07-08,"THE WEEKEND WARRIOR SHOW for July 10, 2026",2026-07-07,3700000,7. Supergirl (Warner Bros.) - $3.7 million -56%
matched,1517,edwarddouglas_substack:US_CA:the-invite,The Invite,2026-07-10,matched,weekly_forecast_title_activity_window,Matched weekly forecast to active release window 2026-06-26 through 2026-07-05,"THE WEEKEND WARRIOR SHOW for July 10, 2026",2026-07-07,5300000,6. The Invite (A24) - $5.3 million +775% (down $700k)
matched,1515,edwarddouglas_substack:US_CA:toy-story-5,Toy Story 5,2026-07-10,matched,weekly_forecast_title_activity_window,Matched weekly forecast to active release window 2026-06-18 through 2026-07-08,"THE WEEKEND WARRIOR SHOW for July 10, 2026",2026-07-07,17500000,4. Toy Story 5 (Disney/Pixar) - $17.5 million -44%
matched,1516,edwarddouglas_substack:US_CA:young-washington,Young Washington,2026-07-10,matched,weekly_forecast_title_activity_window,Matched weekly forecast to active release window 2026-07-03 through 2026-07-08,"THE WEEKEND WARRIOR SHOW for July 10, 2026",2026-07-07,9500000,5. Young Washington (Angel Studios) - $9.5 million -52%
no_title_candidate_or_alias_mismatch,1025,edwarddouglas_substack:US_CA:venom-the-last-waltz,Venom: The Last Waltz,2024-11-01,unmatched,normalized_exact,No movie title matched,"THE WEEKEND WARRIOR November 1, 2024",2024-10-31,21400000,1. Venom: The Last Waltz (Sony) - $21.4 million -58%
no_title_candidate_or_alias_mismatch,1123,edwarddouglas_substack:US_CA:seventeen-live-in-japan,Seventeen: Live in Japan,2025-11-26,unmatched,normalized_exact,No movie title matched,"THE WEEKEND WARRIOR November 26, 2025 (Thanksgiving “Print” Edition)",2025-11-25,1000000,10. Seventeen: Live in Japan (Trafalgar Releasing) - $1 million N/A
no_title_candidate_or_alias_mismatch,1190,edwarddouglas_substack:US_CA:the-chronology-of-water,The Chronology of Water,2026-01-09,unmatched,normalized_exact,No movie title matched,"THE WEEKEND WARRIOR for January 9, 2026",2026-01-07,650000,– The Chronology of Water (The Forge) - $650k N/A
no_title_candidate_or_alias_mismatch,1185,edwarddouglas_substack:US_CA:the-raja-saab,The Raja Saab,2026-01-09,unmatched,normalized_exact,No movie title matched,"THE WEEKEND WARRIOR for January 9, 2026",2026-01-07,4400000,8. The Raja Saab (Prathyangira Cinemas) - $4.4 million N/A
no_title_candidate_or_alias_mismatch,1201,edwarddouglas_substack:US_CA:signing-tony-raymond,Signing Tony Raymond,2026-01-16,unmatched,normalized_exact,No movie title matched,"THE WEEKEND WARRIOR Jan. 16, 2026 (Video Edition)",2026-01-15,550000,"- Signing Tony Raymond (Iconic Events) - $550,000 N/A"
no_title_candidate_or_alias_mismatch,1291,edwarddouglas_substack:US_CA:scream-vii,Scream VII,2026-02-27,unmatched,normalized_exact,No movie title matched,"THE WEEKEND WARRIOR SHOW February 27, 2026",2026-02-24,43400000,1. Scream VII (Paramount) - $43.4 million N/A
no_title_candidate_or_alias_mismatch,1301,edwarddouglas_substack:US_CA:scream-vii,Scream VII,2026-02-27,unmatched,normalized_exact,No movie title matched,"THE WEEKEND WARRIOR PRINT EDITION February 27, 2026",2026-02-25,47200000,1. Scream VII (Paramount) - $47.2 million N/A (Up $3.8 million)
no_title_candidate_or_alias_mismatch,1312,edwarddouglas_substack:US_CA:scream-vii,Scream VII,2026-03-06,unmatched,normalized_exact,No movie title matched,"THE WEEKEND WARRIOR SHOW March 6, 2026",2026-03-03,21600000,2. Scream VII (Paramount) - $21.6 million -66%
no_title_candidate_or_alias_mismatch,1322,edwarddouglas_substack:US_CA:scream-vii,Scream VII,2026-03-06,unmatched,normalized_exact,No movie title matched,"THE WEEKEND WARRIOR PRINT EDITION March 6, 2026",2026-03-04,21600000,2. Scream VII (Paramount) - $21.6 million -66%
no_title_candidate_or_alias_mismatch,1362,edwarddouglas_substack:US_CA:the-a-i-doc,The A.I. Doc,2026-03-27,unmatched,normalized_exact,No movie title matched,"THE WEEKEND WARRIOR SHOW “Print Edition” March 27, 2026",2026-03-25,1400000,– The A.I. Doc (Focus Features) - $1.4 million N/A
no_title_candidate_or_alias_mismatch,1378,edwarddouglas_substack:US_CA:bts-world-tour-arirang-in-goyang,BTS World Tour ‘Arirang’ in Goyang,2026-04-10,unmatched,normalized_exact,No movie title matched,"THE WEEKEND WARRIOR SHOW - April 10, 2026",2026-04-07,5800000,5. BTS World Tour ‘Arirang’ in Goyang (Trafalgar Releasing) - $5.8 million N/A (Saturday only)
no_title_candidate_or_alias_mismatch,1382,edwarddouglas_substack:US_CA:hunting-matthew-nichols,Hunting Matthew Nichols,2026-04-10,unmatched,normalized_exact,No movie title matched,"THE WEEKEND WARRIOR SHOW - April 10, 2026",2026-04-07,1200000,9. Hunting Matthew Nichols (Dropshock) - $1.2 milliion N/A
no_title_candidate_or_alias_mismatch,1415,edwarddouglas_substack:US_CA:rzas-one-spoon-of-chocolate,RZA’s One Spoon of Chocolate,2026-05-01,unmatched,normalized_exact,No movie title matched,"THE WEEKEND WARRIOR SHOW for May 1, 2026",2026-04-28,900000,"– RZA’s One Spoon of Chocolate (Variance) - $900,000 N/A"
no_title_candidate_or_alias_mismatch,1413,edwarddouglas_substack:US_CA:that-time-i-got-reincarnated-etc-etc,That Time I Got Reincarnated Etc. Etc.,2026-05-01,unmatched,normalized_exact,No movie title matched,"THE WEEKEND WARRIOR SHOW for May 1, 2026",2026-04-28,1800000,9. That Time I Got Reincarnated Etc. Etc. (Crunchyroll) - $1.8 million N/A (down $300k)
no_title_candidate_or_alias_mismatch,1470,edwarddouglas_substack:US_CA:the-last-whale-singer,The Last Whale Singer,2026-06-05,unmatched,normalized_exact,No movie title matched,"THE WEEKEND WARRIOR SHOW for June 5, 2026",2026-06-02,900000,"– The Last Whale Singer (Viva Pictures) - $900,000 N/A"
