cause_bucket,prediction_id,source_context,match_status,source_movie_title,target_start_date,target_end_date,weekend_gross_prediction_usd,title_candidate_count,canonical_title_candidate_count,article_id,article_title,article_url,discovered_date,raw_forecast_text,match_method,match_notes
ambiguous_or_wrong_date_candidate,1881,single_movie_prediction,ambiguous,Spider-Man: Homecoming,2017-07-04,2017-07-06,117800000,21,1,1627,Spider-Man: Homecoming Box Office Prediction,https://toddmthatcher.com/2017/06/27/spider-man-homecoming-box-office-prediction/,2017-06-27,Spider-Man: Homecoming opening weekend prediction: $117.8 million,normalized_exact,Multiple movies share the title
ambiguous_or_wrong_date_candidate,1805,single_movie_prediction,ambiguous,How to Be a Latin Lover,2017-05-05,2017-05-07,6300000,11,1,1559,How to Be a Latin Lover Box Office Prediction,https://toddmthatcher.com/2017/04/21/how-to-be-a-latin-lover-box-office-prediction/,2017-04-21,How to Be a Latin Lover opening weekend prediction: $6.3 million,normalized_exact,Multiple movies share the title
ambiguous_or_wrong_date_candidate,1710,single_movie_prediction,ambiguous,Fifty Shades Darker,2017-02-20,2017-02-22,44800000,10,1,1475,Fifty Shades Darker Box Office Prediction,https://toddmthatcher.com/2017/02/01/fifty-shades-darker-box-office-prediction/,2017-02-01,Fifty Shades Darker opening weekend prediction: $44.8 million,normalized_exact,Multiple movies share the title
ambiguous_or_wrong_date_candidate,1217,single_movie_prediction,ambiguous,The Big Short,2015-12-23,2015-12-25,8100000,3,1,1031,The Big Short Box Office Prediction,https://toddmthatcher.com/2015/12/16/the-big-short-box-office-prediction/,2015-12-16,"The Big Short opening weekend prediction: $8.1 million (Friday to Sunday), $10.6 million (Wednesday to Sunday)",normalized_exact,Multiple movies share the title
matched_or_provisional,2002,weekly_ranked_predictions,provisional,Boo 2! A Madea Halloween,2017-10-20,2017-10-22,22600000,4,0,1739,Box Office Predictions: October 20-22,https://toddmthatcher.com/2017/10/16/box-office-predictions-october-20-22/,2017-10-16,"1. Boo 2! A Madea Halloween
Predicted Gross: $22.6 million",normalized_exact_release_date,
matched_or_provisional,1903,weekly_ranked_predictions,provisional,Valerian and the City of a Thousand Planets,2017-07-21,2017-07-23,17800000,2,1,1643,Box Office Predictions: July 21-23,https://toddmthatcher.com/2017/07/17/box-office-predictions-july-21-23/,2017-07-17,"5. Valerian and the City of a Thousand Planets
Predicted Gross: $17.8 million",normalized_exact,
matched_or_provisional,1888,single_movie_prediction,provisional,Valerian and the City of a Thousand Planets,,,17800000,2,1,1633,Valerian and the City of a Thousand Planets Box Office Prediction,https://toddmthatcher.com/2017/07/12/valerian-and-the-city-of-a-thousand-planets-box-office-predictions/,2017-07-12,Valerian and the City of a Thousand Planets opening weekend prediction: $17.8 million,normalized_exact,
matched_or_provisional,1742,weekly_ranked_predictions,provisional,John Wick: Chapter 2,2017-03-03,2017-03-05,5600000,1,0,1505,Box Office Predictions: March 3-5,https://toddmthatcher.com/2017/02/28/box-office-predictions-march-3-5/,2017-02-28,"5. John Wick: Chapter 2
Predicted Gross: $5.6 million (representing a drop of 39%)",normalized_exact,
matched_or_provisional,1733,weekly_ranked_predictions,provisional,John Wick: Chapter 2,2017-02-24,2017-02-26,8400000,1,0,1497,Box Office Predictions: February 24-26,https://toddmthatcher.com/2017/02/21/box-office-predictions-february-24-26/,2017-02-21,"4. John Wick: Chapter 2
Predicted Gross: $8.4 million (representing a drop of 48%)",normalized_exact,
matched_or_provisional,1726,weekly_ranked_predictions,provisional,John Wick: Chapter 2,2017-02-17,2017-02-20,21500000,1,0,1493,Box Office Predictions: February 17-20,https://toddmthatcher.com/2017/02/13/box-office-predictions-february-17-20/,2017-02-13,"4. John Wick: Chapter 2
Predicted Gross: $21.5 million (representing a drop of 29%)",normalized_exact,
matched_or_provisional,1715,weekly_ranked_predictions,provisional,John Wick: Chapter 2,2017-02-10,2017-02-12,20700000,1,0,1481,Box Office Predictions: February 10-12,https://toddmthatcher.com/2017/02/06/box-office-predictions-february-10-12/,2017-02-06,"3. John Wick: Chapter 2
Predicted Gross: $20.7 million",normalized_exact,
matched_or_provisional,1711,single_movie_prediction,provisional,John Wick: Chapter 2,,,20700000,1,0,1477,John Wick: Chapter 2 Box Office Prediction,https://toddmthatcher.com/2017/02/02/john-wick-chapter-2-box-office-prediction/,2017-02-02,John Wick: Chapter 2 opening weekend prediction: $20.7 million,normalized_exact,
matched_or_provisional,1696,weekly_ranked_predictions,provisional,Monster Trucks,2017-01-20,2017-01-22,6200000,6,1,1461,Box Office Predictions: January 20-22,https://toddmthatcher.com/2017/01/17/box-office-predictions-january-20-22/,2017-01-17,"8. Monster Trucks
Predicted Gross: $6.2 million (representing a drop of 43%)",normalized_exact_release_date,
matched_or_provisional,1698,weekly_ranked_predictions,provisional,Sleepless,2017-01-20,2017-01-22,4300000,4,1,1461,Box Office Predictions: January 20-22,https://toddmthatcher.com/2017/01/17/box-office-predictions-january-20-22/,2017-01-17,"10. Sleepless
Predicted Gross: $4.3 million",normalized_exact_release_date,
matched_or_provisional,1690,weekly_ranked_predictions,provisional,Split,2017-01-20,2017-01-22,19600000,7,1,1461,Box Office Predictions: January 20-22,https://toddmthatcher.com/2017/01/17/box-office-predictions-january-20-22/,2017-01-17,"2. Split
Predicted Gross: $19.6 million",normalized_exact_release_date,
matched_or_provisional,1697,weekly_ranked_predictions,provisional,The Bye Bye Man,2017-01-20,2017-01-22,5900000,6,1,1461,Box Office Predictions: January 20-22,https://toddmthatcher.com/2017/01/17/box-office-predictions-january-20-22/,2017-01-17,"9. The Bye Bye Man
Predicted Gross: $5.9 million (representing a drop of 57%)",normalized_exact_release_date,
matched_or_provisional,1661,weekly_ranked_predictions,provisional,Underworld: Blood Wars,2017-01-06,2017-01-08,17600000,3,1,1435,Box Office Predictions: January 6-8,https://toddmthatcher.com/2017/01/03/box-office-predictions-january-6-8/,2017-01-04,"4. Underworld: Blood Wars
Predicted Gross: $17.6 million",normalized_exact_release_date,
matched_or_provisional,1606,weekly_ranked_predictions,provisional,Rules Don’t Apply,2016-11-25,2016-11-27,4800000,0,0,1397,Box Office Predictions: November 25-27,https://toddmthatcher.com/2016/11/21/box-office-predictions-november-25-27/,2016-11-21,"9. Rules Don’t Apply
Predicted Gross: $4.8 million (Friday to Sunday), $6.3 million (Wednesday to Sunday)",normalized_exact,
matched_or_provisional,1596,single_movie_prediction,provisional,Rules Don’t Apply,,,4800000,0,0,1393,Rules Don’t Apply Box Office Prediction,https://toddmthatcher.com/2016/11/16/rules-dont-apply-box-office-prediction/,2016-11-17,"Rules Don’t Apply opening weekend prediction: $4.8 million (Friday to Sunday), $6.3 million (Wednesday to Sunday)",normalized_exact,
matched_or_provisional,1593,weekly_ranked_predictions,provisional,Billy Lynn’s Long Halftime Walk,2016-11-18,2016-11-20,9200000,0,0,1387,Box Office Predictions: November 18-20,https://toddmthatcher.com/2016/11/14/box-office-predictions-november-18-20/,2016-11-14,"6. Billy Lynn’s Long Halftime Walk
Predicted Gross: $9.2 million",normalized_exact,
matched_or_provisional,1592,weekly_ranked_predictions,provisional,The Edge of Seventeen,2016-11-18,2016-11-20,10900000,2,1,1387,Box Office Predictions: November 18-20,https://toddmthatcher.com/2016/11/14/box-office-predictions-november-18-20/,2016-11-14,"5. The Edge of Seventeen
Predicted Gross: $10.9 million",normalized_exact,
matched_or_provisional,1587,single_movie_prediction,provisional,Bleed for This,,,5800000,2,1,1385,Bleed for This Box Office Prediction,https://toddmthatcher.com/2016/11/10/bleed-for-this-box-office-prediction/,2016-11-10,Bleed for This opening weekend prediction: $5.8 million,normalized_exact,
matched_or_provisional,1586,single_movie_prediction,provisional,The Edge of Seventeen,,,10900000,2,1,1383,The Edge of Seventeen Box Office Prediction,https://toddmthatcher.com/2016/11/09/the-edge-of-seventeen-box-office-prediction/,2016-11-10,The Edge of Seventeen opening weekend prediction: $10.9 million,normalized_exact,
matched_or_provisional,1584,single_movie_prediction,provisional,Billy Lynn’s Long Halftime Walk,,,9200000,0,0,1379,Billy Lynn’s Long Halftime Walk Box Office Prediction,https://toddmthatcher.com/2016/11/09/billy-lynns-long-halftime-walk-box-office-prediction/,2016-11-09,Billy Lynn’s Long Halftime Walk opening weekend prediction: $9.2 million,normalized_exact,
matched_or_provisional,1577,single_movie_prediction,provisional,Shut In,,,5700000,2,1,1373,Shut In Box Office Prediction,https://toddmthatcher.com/2016/11/02/shut-in-box-office-prediction/,2016-11-02,Shut In opening weekend prediction: $5.7 million,normalized_exact,
matched_or_provisional,1550,weekly_ranked_predictions,provisional,The Girl on the Train,2016-10-14,2016-10-16,13400000,6,1,1347,Box Office Predictions: October 14-16,https://toddmthatcher.com/2016/10/10/box-office-predictions-october-14-16/,2016-10-10,"3. The Girl on the Train
Predicted Gross: $13.4 million (representing a drop of 45%)",normalized_exact,
matched_or_provisional,1547,single_movie_prediction,provisional,Max Steel,,,3800000,2,1,1345,Max Steel Box Office Prediction,https://toddmthatcher.com/2016/10/06/max-steel-box-office-prediction/,2016-10-06,Max Steel opening weekend prediction: $3.8 million,normalized_exact,
matched_or_provisional,1538,weekly_ranked_predictions,provisional,The Girl on the Train,2016-10-07,2016-10-09,28200000,6,1,1339,Box Office Predictions: October 7-9,https://toddmthatcher.com/2016/10/03/box-office-predictions-october-7-9/,2016-10-03,"1. The Girl on the Train
Predicted Gross: $28.2 million",normalized_exact,
matched_or_provisional,1544,weekly_ranked_predictions,provisional,The Magnificent Seven,2016-10-07,2016-10-09,7700000,5,1,1339,Box Office Predictions: October 7-9,https://toddmthatcher.com/2016/10/03/box-office-predictions-october-7-9/,2016-10-03,"7. The Magnificent Seven
Predicted Gross: $7.7 million (how about that?? – representing a drop of 51%)",normalized_exact,
matched_or_provisional,1536,single_movie_prediction,provisional,The Girl on the Train,,,28200000,6,1,1335,The Girl on the Train Box Office Prediction,https://toddmthatcher.com/2016/09/28/the-girl-on-the-train-box-office-prediction/,2016-09-28,The Girl on the Train opening weekend prediction: $28.2 million,normalized_exact,
matched_or_provisional,1533,weekly_ranked_predictions,provisional,Masterminds,2016-09-30,2016-10-02,6300000,3,1,1331,Box Office Predictions: September 30-October 2,https://toddmthatcher.com/2016/09/26/box-office-predictions-september-30-october-2/,2016-09-26,"6. Masterminds
Predicted Gross: $6.3 million",normalized_exact,
matched_or_provisional,1530,weekly_ranked_predictions,provisional,The Magnificent Seven,2016-09-30,2016-10-02,18200000,5,1,1331,Box Office Predictions: September 30-October 2,https://toddmthatcher.com/2016/09/26/box-office-predictions-september-30-october-2/,2016-09-26,"3. The Magnificent Seven
Predicted Gross: $18.2 million (representing a drop of 47%)",normalized_exact,
matched_or_provisional,1525,single_movie_prediction,provisional,Masterminds,,,6300000,3,1,1325,Masterminds Box Office Prediction,https://toddmthatcher.com/2016/09/21/masterminds-box-office-prediction/,2016-09-21,Masterminds opening weekend prediction: $6.3 million,normalized_exact,
matched_or_provisional,1518,weekly_ranked_predictions,provisional,The Magnificent Seven,2016-09-23,2016-09-25,47100000,5,1,1321,Box Office Predictions: September 23-25,https://toddmthatcher.com/2016/09/19/box-office-predictions-september-23-25/,2016-09-19,"1. The Magnificent Seven
Predicted Gross: $47.1 million",normalized_exact,
matched_or_provisional,1516,single_movie_prediction,provisional,The Magnificent Seven,,,47100000,5,1,1317,The Magnificent Seven Box Office Prediction,https://toddmthatcher.com/2016/09/14/the-magnificent-seven-box-office-prediction/,2016-09-14,The Magnificent Seven opening weekend prediction: $47.1 million,normalized_exact,
matched_or_provisional,1515,single_movie_prediction,provisional,Hillsong – Let Hope Rise,,,3000000,2,1,1315,Hillsong – Let Hope Rise Box Office Prediction,https://toddmthatcher.com/2016/09/12/hillsong-let-hope-rise-box-office-prediction/,2016-09-12,Hillsong – Let Hope Rise opening weekend prediction: $3 million (Updated – see above),normalized_exact,
matched_or_provisional,1459,weekly_ranked_predictions,provisional,Star Trek Beyond,2016-08-05,2016-08-07,10800000,2,1,1265,Box Office Predictions: August 5-7,https://toddmthatcher.com/2016/08/01/box-office-predictions-august-5-7/,2016-08-01,"4. Star Trek Beyond
Predicted Gross: $10.8 million",normalized_exact,
matched_or_provisional,1460,weekly_ranked_predictions,provisional,The Secret Life of Pets,2016-08-05,2016-08-07,10600000,2,1,1265,Box Office Predictions: August 5-7,https://toddmthatcher.com/2016/08/01/box-office-predictions-august-5-7/,2016-08-01,"5. The Secret Life of Pets
Predicted Gross: $10.6 million",normalized_exact,
matched_or_provisional,1455,weekly_ranked_predictions,provisional,Finding Dory,2016-07-29,2016-07-31,4500000,2,1,1263,Box Office Predictions: July 29-31,https://toddmthatcher.com/2016/07/25/box-office-predictions-july-29-31/,2016-07-25,"9. Finding Dory
Predicted Gross: $4.5 million",normalized_exact,
matched_or_provisional,1451,weekly_ranked_predictions,provisional,Ghostbusters,2016-07-29,2016-07-31,11200000,3,2,1263,Box Office Predictions: July 29-31,https://toddmthatcher.com/2016/07/25/box-office-predictions-july-29-31/,2016-07-25,"5. Ghostbusters
Predicted Gross: $11.2 million",normalized_exact,
matched_or_provisional,1454,weekly_ranked_predictions,provisional,Ice Age: Collision Course,2016-07-29,2016-07-31,10100000,2,1,1263,Box Office Predictions: July 29-31,https://toddmthatcher.com/2016/07/25/box-office-predictions-july-29-31/,2016-07-25,"8. Ice Age: Collision Course
Predicted Gross: $10.1 million",normalized_exact,
matched_or_provisional,1453,weekly_ranked_predictions,provisional,Lights Out,2016-07-29,2016-07-31,10600000,2,1,1263,Box Office Predictions: July 29-31,https://toddmthatcher.com/2016/07/25/box-office-predictions-july-29-31/,2016-07-25,"7. Lights Out
Predicted Gross: $10.6 million",normalized_exact,
matched_or_provisional,1448,weekly_ranked_predictions,provisional,Star Trek Beyond,2016-07-29,2016-07-31,28500000,2,1,1263,Box Office Predictions: July 29-31,https://toddmthatcher.com/2016/07/25/box-office-predictions-july-29-31/,2016-07-25,"2. Star Trek Beyond
Predicted Gross: $28.5 million",normalized_exact,
matched_or_provisional,1456,weekly_ranked_predictions,provisional,The Legend of Tarzan,2016-07-29,2016-07-31,3600000,2,1,1263,Box Office Predictions: July 29-31,https://toddmthatcher.com/2016/07/25/box-office-predictions-july-29-31/,2016-07-25,"10. The Legend of Tarzan
Predicted Gross: $3.6 million",normalized_exact,
matched_or_provisional,1450,weekly_ranked_predictions,provisional,The Secret Life of Pets,2016-07-29,2016-07-31,16400000,2,1,1263,Box Office Predictions: July 29-31,https://toddmthatcher.com/2016/07/25/box-office-predictions-july-29-31/,2016-07-25,"4. The Secret Life of Pets
Predicted Gross: $16.4 million",normalized_exact,
matched_or_provisional,1441,weekly_ranked_predictions,provisional,Ghostbusters,2016-07-22,2016-07-24,19800000,3,2,1251,Box Office Predictions: July 22-24,https://toddmthatcher.com/2016/07/18/box-office-predictions-july-22-24/,2016-07-18,"4. Ghostbusters
Predicted Gross: $19.8 million",normalized_exact,
matched_or_provisional,1439,weekly_ranked_predictions,provisional,Ice Age: Collision Course,2016-07-22,2016-07-24,28300000,2,1,1251,Box Office Predictions: July 22-24,https://toddmthatcher.com/2016/07/18/box-office-predictions-july-22-24/,2016-07-18,"2. Ice Age: Collision Course
Predicted Gross: $28.3 million",normalized_exact_release_date,
matched_or_provisional,1442,weekly_ranked_predictions,provisional,Lights Out,2016-07-22,2016-07-24,10200000,2,1,1251,Box Office Predictions: July 22-24,https://toddmthatcher.com/2016/07/18/box-office-predictions-july-22-24/,2016-07-18,"5. Lights Out
Predicted Gross: $10.2 million",normalized_exact_release_date,
matched_or_provisional,1440,weekly_ranked_predictions,provisional,The Secret Life of Pets,2016-07-22,2016-07-24,24900000,2,1,1251,Box Office Predictions: July 22-24,https://toddmthatcher.com/2016/07/18/box-office-predictions-july-22-24/,2016-07-18,"3. The Secret Life of Pets
Predicted Gross: $24.9 million",normalized_exact,
matched_or_provisional,1436,single_movie_prediction,provisional,Lights Out,,,10200000,2,1,1245,Lights Out Box Office Prediction,https://toddmthatcher.com/2016/07/15/lights-out-box-office-prediction/,2016-07-15,Lights Out opening weekend prediction: $10.2 million,normalized_exact,
matched_or_provisional,1438,single_movie_prediction,provisional,Ice Age: Collision Course,,,28300000,2,1,1249,Ice Age: Collision Course Box Office Prediction,https://toddmthatcher.com/2016/07/14/ice-age-collision-course-box-office-prediction/,2016-07-14,Ice Age: Collision Course opening weekend prediction: $28.3 million,normalized_exact,
matched_or_provisional,1435,single_movie_prediction,provisional,Star Trek Beyond,,,53400000,2,1,1243,Star Trek Beyond Box Office Prediction,https://toddmthatcher.com/2016/07/13/star-trek-beyond-box-office-prediction/,2016-07-13,Star Trek Beyond opening weekend prediction: $53.4 million,normalized_exact,
matched_or_provisional,1432,weekly_ranked_predictions,provisional,Finding Dory,2016-07-15,2016-07-17,11200000,2,1,1241,Box Office Predictions: July 15-17,https://toddmthatcher.com/2016/07/11/box-office-predictions-july-15-17/,2016-07-11,"3. Finding Dory
Predicted Gross: $11.2 million",normalized_exact,
matched_or_provisional,1431,weekly_ranked_predictions,provisional,Ghostbusters,2016-07-15,2016-07-17,47300000,3,2,1241,Box Office Predictions: July 15-17,https://toddmthatcher.com/2016/07/11/box-office-predictions-july-15-17/,2016-07-11,"2. Ghostbusters
Predicted Gross: $47.3 million",normalized_exact_release_date,
matched_or_provisional,1434,weekly_ranked_predictions,provisional,Mike and Dave Need Wedding Dates,2016-07-15,2016-07-17,8900000,2,1,1241,Box Office Predictions: July 15-17,https://toddmthatcher.com/2016/07/11/box-office-predictions-july-15-17/,2016-07-11,"5. Mike and Dave Need Wedding Dates
Predicted Gross: $8.9 million",normalized_exact,
matched_or_provisional,1433,weekly_ranked_predictions,provisional,The Legend of Tarzan,2016-07-15,2016-07-17,11100000,2,1,1241,Box Office Predictions: July 15-17,https://toddmthatcher.com/2016/07/11/box-office-predictions-july-15-17/,2016-07-11,"4. The Legend of Tarzan
Predicted Gross: $11.1 million",normalized_exact,
matched_or_provisional,1430,single_movie_prediction,provisional,Ghostbusters,,,47300000,3,2,1239,Ghostbusters Box Office Prediction,https://toddmthatcher.com/2016/07/06/ghostbusters-box-office-prediction/,2016-07-06,Ghostbusters opening weekend prediction: $47.3 million,normalized_exact,
matched_or_provisional,1429,single_movie_prediction,provisional,The Infiltrator,,,4600000,2,1,1237,The Infiltrator Box Office Prediction,https://toddmthatcher.com/2016/07/06/the-infiltrator-box-office-prediction/,2016-07-06,"The Infiltrator opening weekend prediction: $4.6 million (Friday to Sunday), $6.1 million (Wednesday to Sunday)",normalized_exact,
matched_or_provisional,1424,weekly_ranked_predictions,provisional,Finding Dory,2016-07-08,2016-07-10,23300000,2,1,1235,Box Office Predictions: July 8-10,https://toddmthatcher.com/2016/07/05/box-office-predictions-july-8-10/,2016-07-05,"2. Finding Dory
Predicted Gross: $23.3 million (representing a drop of 44%)",normalized_exact,
matched_or_provisional,1426,weekly_ranked_predictions,provisional,Mike and Dave Need Wedding Dates,2016-07-08,2016-07-10,13500000,2,1,1235,Box Office Predictions: July 8-10,https://toddmthatcher.com/2016/07/05/box-office-predictions-july-8-10/,2016-07-05,"4. Mike and Dave Need Wedding Dates
Predicted Gross: $13.5 million",normalized_exact_release_date,
matched_or_provisional,1428,weekly_ranked_predictions,provisional,The BFG,2016-07-08,2016-07-10,10600000,2,1,1235,Box Office Predictions: July 8-10,https://toddmthatcher.com/2016/07/05/box-office-predictions-july-8-10/,2016-07-05,"6. The BFG
Predicted Gross: $10.6 million (representing a drop of 43%)",normalized_exact,
matched_or_provisional,1425,weekly_ranked_predictions,provisional,The Legend of Tarzan,2016-07-08,2016-07-10,19800000,2,1,1235,Box Office Predictions: July 8-10,https://toddmthatcher.com/2016/07/05/box-office-predictions-july-8-10/,2016-07-05,"3. The Legend of Tarzan
Predicted Gross: $19.8 million (representing a drop of 48%)",normalized_exact,
matched_or_provisional,1427,weekly_ranked_predictions,provisional,The Purge: Election Year,2016-07-08,2016-07-10,10900000,2,1,1235,Box Office Predictions: July 8-10,https://toddmthatcher.com/2016/07/05/box-office-predictions-july-8-10/,2016-07-05,"5. The Purge: Election Year
Predicted Gross: $10.9 million (representing a drop of 65%)",normalized_exact,
matched_or_provisional,1422,single_movie_prediction,provisional,Mike and Dave Need Wedding Dates,,,13500000,2,1,1231,Mike and Dave Need Wedding Dates Box Office Prediction,https://toddmthatcher.com/2016/06/29/mike-and-dave-need-wedding-dates-box-office-prediction/,2016-06-30,Mike and Dave Need Wedding Dates opening weekend prediction: $13.5 million,normalized_exact,
matched_or_provisional,1423,single_movie_prediction,provisional,The Secret Life of Pets,,,73700000,2,1,1233,The Secret Life of Pets Box Office Prediction,https://toddmthatcher.com/2016/06/29/the-secret-life-of-pets-box-office-prediction/,2016-06-29,The Secret Life of Pets opening weekend prediction: $73.7 million,normalized_exact,
matched_or_provisional,1420,weekly_ranked_predictions,provisional,Independence Day: Resurgence,2016-07-01,2016-07-04,17800000,2,1,1229,Box Office Predictions: July 1-4,https://toddmthatcher.com/2016/06/27/box-office-predictions-july-1-4/,2016-06-28,"4. Independence Day: Resurgence
Predicted Gross: $17.8 million (Friday to Sunday), $22.8 million (Friday to Monday)",normalized_exact,
matched_or_provisional,1418,weekly_ranked_predictions,provisional,The BFG,2016-07-01,2016-07-04,26600000,2,1,1229,Box Office Predictions: July 1-4,https://toddmthatcher.com/2016/06/27/box-office-predictions-july-1-4/,2016-06-28,"2. The BFG
Predicted Gross: $26.6 million (Friday to Sunday), $33.2 million (Friday to Monday)",normalized_exact_release_date,
matched_or_provisional,1421,weekly_ranked_predictions,provisional,The Legend of Tarzan,2016-07-01,2016-07-04,17500000,2,1,1229,Box Office Predictions: July 1-4,https://toddmthatcher.com/2016/06/27/box-office-predictions-july-1-4/,2016-06-28,"5. The Legend of Tarzan
Predicted Gross: $17.5 million (Friday to Sunday), $22 million (Friday to Monday)",normalized_exact_release_date,
matched_or_provisional,1419,weekly_ranked_predictions,provisional,The Purge: Election Year,2016-07-01,2016-07-04,21700000,2,1,1229,Box Office Predictions: July 1-4,https://toddmthatcher.com/2016/06/27/box-office-predictions-july-1-4/,2016-06-28,"3. The Purge: Election Year
Predicted Gross: $21.7 million (Friday to Sunday), $25.5 million (Friday to Monday)",normalized_exact_release_date,
matched_or_provisional,1415,single_movie_prediction,provisional,The Legend of Tarzan,,,17500000,2,1,1223,The Legend of Tarzan Box Office Prediction,https://toddmthatcher.com/2016/06/22/the-legend-of-tarzan-box-office-prediction/,2016-06-23,"The Legend of Tarzan opening weekend prediction: $17.5 million (Friday to Sunday), $22 million (Friday to Monday)",normalized_exact,
matched_or_provisional,1416,single_movie_prediction,provisional,The BFG,,,26600000,2,1,1225,The BFG Box Office Prediction,https://toddmthatcher.com/2016/06/22/the-bfg-box-office-prediction/,2016-06-22,"The BFG opening weekend prediction: $26.6 million (Friday to Sunday), $33.2 million (Friday to Monday)",normalized_exact,
matched_or_provisional,1417,single_movie_prediction,provisional,The Purge: Election Year,,,21700000,2,1,1227,The Purge: Election Year Box Office Prediction,https://toddmthatcher.com/2016/06/22/the-purge-election-year-box-office-prediction/,2016-06-22,"The Purge: Election Year opening weekend prediction: $21.7 million (Friday to Sunday), $25.5 million (Friday to Monday)",normalized_exact,
matched_or_provisional,1412,weekly_ranked_predictions,provisional,Central Intelligence,2016-06-24,2016-06-26,15200000,2,1,1221,Box Office Predictions: June 24-26,https://toddmthatcher.com/2016/06/20/box-office-predictions-june-24-26/,2016-06-20,"3. Central Intelligence
Predicted Gross: $15.2 million (representing a drop of 57%)",normalized_exact,
matched_or_provisional,1413,weekly_ranked_predictions,provisional,Free State of Jones,2016-06-24,2016-06-26,12700000,2,1,1221,Box Office Predictions: June 24-26,https://toddmthatcher.com/2016/06/20/box-office-predictions-june-24-26/,2016-06-20,"4. Free State of Jones
Predicted Gross: $12.7 million",normalized_exact_release_date,
matched_or_provisional,1411,weekly_ranked_predictions,provisional,Independence Day: Resurgence,2016-06-24,2016-06-26,63500000,2,1,1221,Box Office Predictions: June 24-26,https://toddmthatcher.com/2016/06/20/box-office-predictions-june-24-26/,2016-06-20,"2. Independence Day: Resurgence
Predicted Gross: $63.5 million",normalized_exact_release_date,
matched_or_provisional,1414,weekly_ranked_predictions,provisional,The Shallows,2016-06-24,2016-06-26,10400000,2,1,1221,Box Office Predictions: June 24-26,https://toddmthatcher.com/2016/06/20/box-office-predictions-june-24-26/,2016-06-20,"5. The Shallows
Predicted Gross: $10.4 million",normalized_exact_release_date,
matched_or_provisional,1408,single_movie_prediction,provisional,Free State of Jones,,,12700000,2,1,1215,Free State of Jones Box Office Prediction,https://toddmthatcher.com/2016/06/15/free-state-of-jones-box-office-prediction/,2016-06-15,Free State of Jones opening weekend prediction: $12.7 million,normalized_exact,
matched_or_provisional,1409,single_movie_prediction,provisional,Independence Day: Resurgence,,,63500000,2,1,1217,Independence Day: Resurgence Box Office Prediction,https://toddmthatcher.com/2016/06/15/independence-day-resurgence-box-office-prediction/,2016-06-15,Independence Day: Resurgence opening weekend prediction: $63.5 million,normalized_exact,
matched_or_provisional,1410,single_movie_prediction,provisional,The Shallows,,,10400000,2,1,1219,The Shallows Box Office Prediction,https://toddmthatcher.com/2016/06/15/the-shallows-box-office-prediction/,2016-06-15,The Shallows opening weekend prediction: $10.4 million,normalized_exact,
matched_or_provisional,1404,weekly_ranked_predictions,provisional,Central Intelligence,2016-06-17,2016-06-19,34100000,2,1,1213,Box Office Predictions: June 17-19,https://toddmthatcher.com/2016/06/13/box-office-predictions-june-17-19/,2016-06-13,"2. Central Intelligence
Predicted Gross: $34.1 million",normalized_exact_release_date,
matched_or_provisional,1406,weekly_ranked_predictions,provisional,Now You See Me 2,2016-06-17,2016-06-19,12500000,2,1,1213,Box Office Predictions: June 17-19,https://toddmthatcher.com/2016/06/13/box-office-predictions-june-17-19/,2016-06-13,"4. Now You See Me 2
Predicted Gross: $12.5 million (representing a drop of 44%)",normalized_exact,
matched_or_provisional,1405,weekly_ranked_predictions,provisional,The Conjuring 2,2016-06-17,2016-06-19,20300000,1,0,1213,Box Office Predictions: June 17-19,https://toddmthatcher.com/2016/06/13/box-office-predictions-june-17-19/,2016-06-13,"3. The Conjuring 2
Predicted Gross: $20.3 million (representing a drop of 49%)",normalized_exact,
matched_or_provisional,1407,weekly_ranked_predictions,provisional,Warcraft,2016-06-17,2016-06-19,8900000,2,1,1213,Box Office Predictions: June 17-19,https://toddmthatcher.com/2016/06/13/box-office-predictions-june-17-19/,2016-06-13,"5. Warcraft
Predicted Gross: $8.9 million (representing a drop of 63%)",normalized_exact,
matched_or_provisional,1403,single_movie_prediction,provisional,Central Intelligence,,,34100000,2,1,1211,Central Intelligence Box Office Prediction,https://toddmthatcher.com/2016/06/08/central-intelligence-box-office-prediction/,2016-06-08,Central Intelligence opening weekend prediction: $34.1 million,normalized_exact,
matched_or_provisional,1402,single_movie_prediction,provisional,Finding Dory,,,117300000,2,1,1209,Finding Dory Box Office Prediction,https://toddmthatcher.com/2016/06/08/finding-dory-box-office-prediction/,2016-06-08,Finding Dory opening weekend prediction: $117.3 million,normalized_exact,
matched_or_provisional,1401,weekly_ranked_predictions,provisional,Me Before You,2016-06-10,2016-06-12,10000000,2,1,1207,Box Office Predictions: June 10-12,https://toddmthatcher.com/2016/06/06/box-office-predictions-june-10-12/,2016-06-06,"6. Me Before You
Predicted Gross: $10 million (representing a drop of 47%)",normalized_exact,
matched_or_provisional,1397,weekly_ranked_predictions,provisional,Now You See Me 2,2016-06-10,2016-06-12,24100000,2,1,1207,Box Office Predictions: June 10-12,https://toddmthatcher.com/2016/06/06/box-office-predictions-june-10-12/,2016-06-06,"2. Now You See Me 2
Predicted Gross: $24.1 million",normalized_exact_release_date,
matched_or_provisional,1399,weekly_ranked_predictions,provisional,Teenage Mutant Ninja Turtles: Out of the Shadows,2016-06-10,2016-06-12,14400000,2,1,1207,Box Office Predictions: June 10-12,https://toddmthatcher.com/2016/06/06/box-office-predictions-june-10-12/,2016-06-06,"4. Teenage Mutant Ninja Turtles: Out of the Shadows
Predicted Gross: $14.4 million (representing a drop of 59%)",normalized_exact,
matched_or_provisional,1398,weekly_ranked_predictions,provisional,Warcraft,2016-06-10,2016-06-12,23300000,2,1,1207,Box Office Predictions: June 10-12,https://toddmthatcher.com/2016/06/06/box-office-predictions-june-10-12/,2016-06-06,"3. Warcraft
Predicted Gross: $23.3 million",normalized_exact_release_date,
matched_or_provisional,1400,weekly_ranked_predictions,provisional,X-Men: Apocalypse,2016-06-10,2016-06-12,10400000,2,1,1207,Box Office Predictions: June 10-12,https://toddmthatcher.com/2016/06/06/box-office-predictions-june-10-12/,2016-06-06,"5. X-Men: Apocalypse
Predicted Gross: $10.4 million (representing a drop of 54%)",normalized_exact,
matched_or_provisional,1394,single_movie_prediction,provisional,Now You See Me 2,,,24100000,2,1,1201,Now You See Me 2 Box Office Prediction,https://toddmthatcher.com/2016/06/01/now-you-see-me-2-box-office-prediction/,2016-06-02,Now You See Me 2 opening weekend prediction: $24.1 million,normalized_exact,
matched_or_provisional,1396,single_movie_prediction,provisional,Warcraft,,,23300000,2,1,1205,Warcraft Box Office Prediction,https://toddmthatcher.com/2016/06/01/warcraft-box-office-prediction/,2016-06-02,Warcraft opening weekend prediction: $23.3 million,normalized_exact,
matched_or_provisional,1395,single_movie_prediction,provisional,The Conjuring 2,,,42600000,1,0,1203,The Conjuring 2 Box Office Prediction,https://toddmthatcher.com/2016/06/01/the-conjuring-2-box-office-prediction/,2016-06-01,The Conjuring 2 opening weekend prediction: $42.6 million,normalized_exact,
matched_or_provisional,1390,weekly_ranked_predictions,provisional,Alice Through the Looking Glass,2016-06-03,2016-06-05,10000000,2,1,1199,Box Office Predictions: June 3-5,https://toddmthatcher.com/2016/05/31/box-office-predictions-june-3-5/,2016-05-31,"4. Alice Through the Looking Glass
Predicted Gross: $10 million (representing a drop of 63%)",normalized_exact,
matched_or_provisional,1392,weekly_ranked_predictions,provisional,Captain America: Civil War,2016-06-03,2016-06-05,7600000,2,1,1199,Box Office Predictions: June 3-5,https://toddmthatcher.com/2016/05/31/box-office-predictions-june-3-5/,2016-05-31,"6. Captain America: Civil War
Predicted Gross: $7.6 million (representing a drop of 50%)",normalized_exact,
matched_or_provisional,1389,weekly_ranked_predictions,provisional,Me Before You,2016-06-03,2016-06-05,11500000,2,1,1199,Box Office Predictions: June 3-5,https://toddmthatcher.com/2016/05/31/box-office-predictions-june-3-5/,2016-05-31,"3. Me Before You
Predicted Gross: $11.5 million",normalized_exact_release_date,
matched_or_provisional,1393,weekly_ranked_predictions,provisional,Popstar: Never Stop Never Stopping,2016-06-03,2016-06-05,5600000,2,1,1199,Box Office Predictions: June 3-5,https://toddmthatcher.com/2016/05/31/box-office-predictions-june-3-5/,2016-05-31,"7. Popstar: Never Stop Never Stopping
Predicted Gross: $5.6 million",normalized_exact_release_date,
matched_or_provisional,1391,weekly_ranked_predictions,provisional,The Angry Birds Movie,2016-06-03,2016-06-05,9800000,1,0,1199,Box Office Predictions: June 3-5,https://toddmthatcher.com/2016/05/31/box-office-predictions-june-3-5/,2016-05-31,"5. The Angry Birds Movie
Predicted Gross: $9.8 million (representing a drop of 46%)",normalized_exact,
matched_or_provisional,1388,weekly_ranked_predictions,provisional,X-Men: Apocalypse,2016-06-03,2016-06-05,25300000,2,1,1199,Box Office Predictions: June 3-5,https://toddmthatcher.com/2016/05/31/box-office-predictions-june-3-5/,2016-05-31,"2. X-Men: Apocalypse
Predicted Gross: $25.3 million (representing a drop of 61%)",normalized_exact,
matched_or_provisional,1385,single_movie_prediction,provisional,Me Before You,,,11500000,2,1,1193,Me Before You Box Office Prediction,https://toddmthatcher.com/2016/05/25/me-before-you-box-office-prediction/,2016-05-26,Me Before You opening weekend prediction: $11.5 million,normalized_exact,
matched_or_provisional,1387,single_movie_prediction,provisional,Popstar: Never Stop Never Stopping,,,5600000,2,1,1197,Popstar: Never Stop Never Stopping Box Office Prediction,https://toddmthatcher.com/2016/05/26/popstar-never-stop-never-stopping-box-office-prediction/,2016-05-26,Popstar: Never Stop Never Stopping opening weekend prediction: $5.6 million,normalized_exact,
matched_or_provisional,1386,single_movie_prediction,provisional,Teenage Mutant Ninja Turtles: Out of the Shadows,,,50300000,2,1,1195,Teenage Mutant Ninja Turtles: Out of the Shadows Box Office Prediction,https://toddmthatcher.com/2016/05/25/teenage-mutant-ninja-turtles-out-of-the-shadows-box-office-prediction/,2016-05-25,Teenage Mutant Ninja Turtles: Out of the Shadows opening weekend prediction: $50.3 million,normalized_exact,
matched_or_provisional,1381,weekly_ranked_predictions,provisional,Alice Through the Looking Glass,2016-05-27,2016-05-30,53600000,2,1,1191,Box Office Predictions: May 27-30,https://toddmthatcher.com/2016/05/23/box-office-predictions-may-27-30/,2016-05-23,"2. Alice Through the Looking Glass
Predicted Gross: $53.6 million (Friday to Sunday), $67.7 million (Friday to Monday)",normalized_exact_release_date,
matched_or_provisional,1383,weekly_ranked_predictions,provisional,Captain America: Civil War,2016-05-27,2016-05-30,18100000,2,1,1191,Box Office Predictions: May 27-30,https://toddmthatcher.com/2016/05/23/box-office-predictions-may-27-30/,2016-05-23,"4. Captain America: Civil War
Predicted Gross: $18.1 million (Friday to Sunday), $22.2 million (Friday to Monday)",normalized_exact,
matched_or_provisional,1384,weekly_ranked_predictions,provisional,Neighbors 2: Sorority Rising,2016-05-27,2016-05-30,10400000,2,1,1191,Box Office Predictions: May 27-30,https://toddmthatcher.com/2016/05/23/box-office-predictions-may-27-30/,2016-05-23,"5. Neighbors 2: Sorority Rising
Predicted Gross: $10.4 million (Friday to Sunday), $12.2 million (Friday to Monday)",normalized_exact,
matched_or_provisional,1382,weekly_ranked_predictions,provisional,The Angry Birds Movie,2016-05-27,2016-05-30,20400000,1,0,1191,Box Office Predictions: May 27-30,https://toddmthatcher.com/2016/05/23/box-office-predictions-may-27-30/,2016-05-23,"3. The Angry Birds Movie
Predicted Gross: $20.4 million (Friday to Sunday), $24.5 million (Friday to Monday)",normalized_exact,
matched_or_provisional,1379,single_movie_prediction,provisional,Alice Through the Looking Glass,,,53600000,2,1,1187,Alice Through the Looking Glass Box Office Prediction,https://toddmthatcher.com/2016/05/18/alice-through-the-looking-glass-box-office-prediction/,2016-05-18,"Alice Through the Looking Glass opening weekend prediction: $53.6 million (Friday to Sunday), $67.7 million (Friday to Monday)",normalized_exact,
matched_or_provisional,1380,single_movie_prediction,provisional,X-Men: Apocalypse,,,82800000,2,1,1189,X-Men: Apocalypse Box Office Prediction,https://toddmthatcher.com/2016/05/18/x-men-apocalypse-box-office-prediction/,2016-05-18,"X-Men: Apocalypse opening weekend prediction: $82.8 million (Friday to Sunday), $100.4 million (Friday to Monday)",normalized_exact,
matched_or_provisional,1375,weekly_ranked_predictions,provisional,Captain America: Civil War,2016-05-20,2016-05-22,35100000,2,1,1185,Box Office Predictions: May 20-22,https://toddmthatcher.com/2016/05/16/box-office-predictions-may-20-22/,2016-05-16,"2. Captain America: Civil War
Predicted Gross: $35.1 million (representing a drop of 51%)",normalized_exact,
matched_or_provisional,1376,weekly_ranked_predictions,provisional,The Angry Birds Movie,2016-05-20,2016-05-22,34500000,1,0,1185,Box Office Predictions: May 20-22,https://toddmthatcher.com/2016/05/16/box-office-predictions-may-20-22/,2016-05-16,"3. The Angry Birds Movie
Predicted Gross: $34.5 million",normalized_exact_release_date,
matched_or_provisional,1377,weekly_ranked_predictions,provisional,The Nice Guys,2016-05-20,2016-05-22,14400000,2,1,1185,Box Office Predictions: May 20-22,https://toddmthatcher.com/2016/05/16/box-office-predictions-may-20-22/,2016-05-16,"4. The Nice Guys
Predicted Gross: $14.4 million",normalized_exact_release_date,
matched_or_provisional,1372,single_movie_prediction,provisional,Neighbors 2: Sorority Rising,,,38200000,2,1,1179,Neighbors 2: Sorority Rising Box Office Prediction,https://toddmthatcher.com/2016/05/11/neighbors-2-sorority-rising-box-office-prediction/,2016-05-11,Neighbors 2: Sorority Rising opening weekend prediction: $38.2 million,normalized_exact,
matched_or_provisional,1373,single_movie_prediction,provisional,The Angry Birds Movie,,,34500000,1,0,1181,The Angry Birds Movie Box Office Prediction,https://toddmthatcher.com/2016/05/11/the-angry-birds-movie-box-office-prediction/,2016-05-11,The Angry Birds Movie opening weekend prediction: $34.5 million,normalized_exact,
matched_or_provisional,1374,single_movie_prediction,provisional,The Nice Guys,,,14400000,2,1,1183,The Nice Guys Box Office Prediction,https://toddmthatcher.com/2016/05/11/the-nice-guys-box-office-prediction/,2016-05-11,The Nice Guys opening weekend prediction: $14.4 million,normalized_exact,
matched_or_provisional,1369,weekly_ranked_predictions,provisional,Money Monster,2016-05-13,2016-05-15,12700000,2,1,1177,Box Office Predictions: May 13-15,https://toddmthatcher.com/2016/05/09/box-office-predictions-may-13-15/,2016-05-09,"3. Money Monster
Predicted Gross: $12.7 million",normalized_exact_release_date,
matched_or_provisional,1370,weekly_ranked_predictions,provisional,The Darkness,2016-05-13,2016-05-15,5600000,2,1,1177,Box Office Predictions: May 13-15,https://toddmthatcher.com/2016/05/09/box-office-predictions-may-13-15/,2016-05-09,"4. The Darkness
Predicted Gross: $5.6 million",normalized_exact_release_date,
matched_or_provisional,1367,single_movie_prediction,provisional,Money Monster,,,12700000,2,1,1175,Money Monster Box Office Prediction,https://toddmthatcher.com/2016/05/04/money-monster-box-office-prediction/,2016-05-04,Money Monster opening weekend prediction: $12.7 million,normalized_exact,
matched_or_provisional,1366,single_movie_prediction,provisional,The Darkness,,,5600000,2,1,1173,The Darkness Box Office Prediction,https://toddmthatcher.com/2016/05/04/the-darkness-box-office-prediction/,2016-05-04,The Darkness opening weekend prediction: $5.6 million,normalized_exact,
matched_or_provisional,1363,weekly_ranked_predictions,provisional,Keanu,2016-05-06,2016-05-08,4900000,2,1,1171,Box Office Predictions: May 6-8,https://toddmthatcher.com/2016/05/02/box-office-predictions-may-6-8/,2016-05-02,"4. Keanu
Predicted Gross: $4.9 million (representing a drop of 48%)",normalized_exact,
matched_or_provisional,1365,weekly_ranked_predictions,provisional,The Huntsman Winter’s War,2016-05-06,2016-05-08,4500000,0,0,1171,Box Office Predictions: May 6-8,https://toddmthatcher.com/2016/05/02/box-office-predictions-may-6-8/,2016-05-02,"6. The Huntsman Winter’s War
Predicted Gross: $4.5 million (representing a drop of 54%)",normalized_exact,
matched_or_provisional,1364,weekly_ranked_predictions,provisional,Zootopia,2016-05-06,2016-05-08,4800000,2,1,1171,Box Office Predictions: May 6-8,https://toddmthatcher.com/2016/05/02/box-office-predictions-may-6-8/,2016-05-02,"5. Zootopia
Predicted Gross: $4.8 million (representing a drop of 14%)",normalized_exact,
matched_or_provisional,1360,single_movie_prediction,provisional,Captain America: Civil War,,,205600000,2,1,1169,Captain America: Civil War Box Office Prediction,https://toddmthatcher.com/2016/04/27/captain-america-civil-war-box-office-prediction/,2016-04-27,Captain America: Civil War opening weekend prediction: $205.6 million,normalized_exact,
matched_or_provisional,1358,weekly_ranked_predictions,provisional,Barbershop: The Next Cut,2016-04-29,2016-05-01,6200000,2,1,1167,Box Office Predictions: April 29-May 1,https://toddmthatcher.com/2016/04/25/box-office-predictions-april-29-may-1/,2016-04-25,"5. Barbershop: The Next Cut
Predicted Gross: $6.2 million (representing a drop of 41%)",normalized_exact,
matched_or_provisional,1355,weekly_ranked_predictions,provisional,Keanu,2016-04-29,2016-05-01,17600000,2,1,1167,Box Office Predictions: April 29-May 1,https://toddmthatcher.com/2016/04/25/box-office-predictions-april-29-may-1/,2016-04-25,"2. Keanu
Predicted Gross: $17.6 million",normalized_exact_release_date,
matched_or_provisional,1359,weekly_ranked_predictions,provisional,Ratchet & Clank,2016-04-29,2016-05-01,5200000,2,1,1167,Box Office Predictions: April 29-May 1,https://toddmthatcher.com/2016/04/25/box-office-predictions-april-29-may-1/,2016-04-25,"6. Ratchet & Clank
Predicted Gross: $5.2 million",normalized_exact_release_date,
matched_or_provisional,1357,weekly_ranked_predictions,provisional,The Huntsman Winter’s War,2016-04-29,2016-05-01,8100000,0,0,1167,Box Office Predictions: April 29-May 1,https://toddmthatcher.com/2016/04/25/box-office-predictions-april-29-may-1/,2016-04-25,"4. The Huntsman Winter’s War
Predicted Gross: $8.1 million (representing a drop of 58%)",normalized_exact,
matched_or_provisional,1352,single_movie_prediction,provisional,Keanu,,,17600000,2,1,1161,Keanu Box Office Prediction,https://toddmthatcher.com/2016/04/22/keanu-box-office-prediction/,2016-04-23,Keanu opening weekend prediction: $17.6 million,normalized_exact,
matched_or_provisional,1353,single_movie_prediction,provisional,Ratchet & Clank,,,5200000,2,1,1163,Ratchet & Clank Box Office Prediction,https://toddmthatcher.com/2016/04/23/ratchet-clank-box-office-prediction/,2016-04-23,Ratchet & Clank opening weekend prediction: $5.2 million,normalized_exact,
matched_or_provisional,1349,weekly_ranked_predictions,provisional,Barbershop: The Next Cut,2016-04-22,2016-04-24,11200000,2,1,1159,Box Office Predictions: April 22-24,https://toddmthatcher.com/2016/04/18/box-office-predictions-april-22-24/,2016-04-18,"3. Barbershop: The Next Cut
Predicted Gross: $11.2 million (representing a drop of 45%)",normalized_exact,
matched_or_provisional,1351,weekly_ranked_predictions,provisional,The Boss,2016-04-22,2016-04-24,4900000,2,1,1159,Box Office Predictions: April 22-24,https://toddmthatcher.com/2016/04/18/box-office-predictions-april-22-24/,2016-04-18,"5. The Boss
Predicted Gross: $4.9 million (representing a drop of 50%)",normalized_exact,
matched_or_provisional,1348,weekly_ranked_predictions,provisional,The Huntsman Winter’s War,2016-04-22,2016-04-24,26300000,0,0,1159,Box Office Predictions: April 22-24,https://toddmthatcher.com/2016/04/18/box-office-predictions-april-22-24/,2016-04-18,"2. The Huntsman Winter’s War
Predicted Gross: $26.3 million",normalized_exact_release_date,
matched_or_provisional,1350,weekly_ranked_predictions,provisional,Zootopia,2016-04-22,2016-04-24,5000000,2,1,1159,Box Office Predictions: April 22-24,https://toddmthatcher.com/2016/04/18/box-office-predictions-april-22-24/,2016-04-18,"4. Zootopia
Predicted Gross: $5 million (representing a drop of 40%)",normalized_exact,
matched_or_provisional,1347,single_movie_prediction,provisional,The Huntsman Winter’s War,,,26300000,0,0,1157,The Huntsman Winter’s War Box Office Prediction,https://toddmthatcher.com/2016/04/14/the-huntsman-winters-war-box-office-prediction/,2016-04-14,The Huntsman Winter’s War opening weekend prediction: $26.3 million,normalized_exact,
matched_or_provisional,1343,weekly_ranked_predictions,provisional,Barbershop: The Next Cut,2016-04-15,2016-04-17,23100000,2,1,1155,Box Office Predictions: April 15-17,https://toddmthatcher.com/2016/04/11/box-office-predictions-april-15-17/,2016-04-11,"2. Barbershop: The Next Cut
Predicted Gross: $23.1 million",normalized_exact_release_date,
matched_or_provisional,1345,weekly_ranked_predictions,provisional,Batman v Superman: Dawn of Justice,2016-04-15,2016-04-17,11100000,2,1,1155,Box Office Predictions: April 15-17,https://toddmthatcher.com/2016/04/11/box-office-predictions-april-15-17/,2016-04-11,"4. Batman v Superman: Dawn of Justice
Predicted Gross: $11.1 million (representing a drop of 52%)",normalized_exact,
matched_or_provisional,1344,weekly_ranked_predictions,provisional,The Boss,2016-04-15,2016-04-17,13500000,2,1,1155,Box Office Predictions: April 15-17,https://toddmthatcher.com/2016/04/11/box-office-predictions-april-15-17/,2016-04-11,"3. The Boss
Predicted Gross: $13.5 million (representing a drop of 42%)",normalized_exact,
matched_or_provisional,1340,single_movie_prediction,provisional,Barbershop: The Next Cut,,,23100000,2,1,1149,Barbershop: The Next Cut Box Office Prediction,https://toddmthatcher.com/2016/04/06/barbershop-the-next-cut-box-office-prediction/,2016-04-07,Barbershop: The Next Cut opening weekend prediction: $23.1 million,normalized_exact,
matched_or_provisional,1338,weekly_ranked_predictions,provisional,Hardcore Henry,2016-04-08,2016-04-10,7800000,2,1,1147,Box Office Predictions: April 8-10,https://toddmthatcher.com/2016/04/04/box-office-predictions-april-8-10/,2016-04-04,"4. Hardcore Henry
Predicted Gross: $7.8 million",normalized_exact_release_date,
matched_or_provisional,1339,weekly_ranked_predictions,provisional,My Big Fat Greek Wedding 2,2016-04-08,2016-04-10,7300000,2,1,1147,Box Office Predictions: April 8-10,https://toddmthatcher.com/2016/04/04/box-office-predictions-april-8-10/,2016-04-04,"5. My Big Fat Greek Wedding 2
Predicted Gross: $7.3 million (representing a drop of 35%)",normalized_exact,
matched_or_provisional,1336,weekly_ranked_predictions,provisional,The Boss,2016-04-08,2016-04-10,23400000,2,1,1147,Box Office Predictions: April 8-10,https://toddmthatcher.com/2016/04/04/box-office-predictions-april-8-10/,2016-04-04,"2. The Boss
Predicted Gross: $23.4 million",normalized_exact_release_date,
matched_or_provisional,1337,weekly_ranked_predictions,provisional,Zootopia,2016-04-08,2016-04-10,14900000,2,1,1147,Box Office Predictions: April 8-10,https://toddmthatcher.com/2016/04/04/box-office-predictions-april-8-10/,2016-04-04,"3. Zootopia
Predicted Gross: $14.9 million (representing a drop of 23%)",normalized_exact,
matched_or_provisional,1334,single_movie_prediction,provisional,Hardcore Henry,,,7800000,2,1,1143,Hardcore Henry Box Office Prediction,https://toddmthatcher.com/2016/03/31/hardcore-henry-box-office-prediction/,2016-03-31,Hardcore Henry opening weekend prediction: $7.8 million,normalized_exact,
matched_or_provisional,1335,single_movie_prediction,provisional,The Boss,,,23400000,2,1,1145,The Boss Box Office Prediction,https://toddmthatcher.com/2016/03/31/the-boss-box-office-prediction/,2016-03-31,The Boss opening weekend prediction: $23.4 million,normalized_exact,
matched_or_provisional,1330,weekly_ranked_predictions,provisional,God’s Not Dead 2,2016-04-01,2016-04-03,9600000,0,0,1139,Box Office Predictions: April 1-3,https://toddmthatcher.com/2016/03/28/box-office-predictions-april-1-3/,2016-03-28,"3. God’s Not Dead 2
Predicted Gross: $9.6 million",normalized_exact_release_date,
matched_or_provisional,1333,single_movie_prediction,provisional,Meet the Blacks,,,3700000,2,1,1141,Meet the Blacks Box Office Prediction,https://toddmthatcher.com/2016/03/28/meet-the-blacks-box-office-prediction/,2016-03-28,Meet the Blacks opening weekend prediction: $3.7 million,normalized_exact,
matched_or_provisional,1332,weekly_ranked_predictions,provisional,Miracles from Heaven,2016-04-01,2016-04-03,5700000,2,1,1139,Box Office Predictions: April 1-3,https://toddmthatcher.com/2016/03/28/box-office-predictions-april-1-3/,2016-03-28,"5. Miracles from Heaven
Predicted Gross: $5.7 million (representing a drop of 41%)",normalized_exact,
matched_or_provisional,1331,weekly_ranked_predictions,provisional,My Big Fat Greek Wedding 2,2016-04-01,2016-04-03,9400000,2,1,1139,Box Office Predictions: April 1-3,https://toddmthatcher.com/2016/03/28/box-office-predictions-april-1-3/,2016-03-28,"4. My Big Fat Greek Wedding 2
Predicted Gross: $9.4 million (representing a drop of 47%)",normalized_exact,
matched_or_provisional,1329,weekly_ranked_predictions,provisional,Zootopia,2016-04-01,2016-04-03,14900000,2,1,1139,Box Office Predictions: April 1-3,https://toddmthatcher.com/2016/03/28/box-office-predictions-april-1-3/,2016-03-28,"2. Zootopia
Predicted Gross: $14.9 million (representing a drop of 38%)",normalized_exact,
matched_or_provisional,1328,single_movie_prediction,provisional,God’s Not Dead 2,,,9600000,0,0,1137,God’s Not Dead 2 Box Office Prediction,https://toddmthatcher.com/2016/03/24/gods-not-dead-2-box-office-prediction/,2016-03-24,God’s Not Dead 2 opening weekend prediction: $9.6 million,normalized_exact,
matched_or_provisional,1327,weekly_ranked_predictions,provisional,Miracles from Heaven,2016-03-25,2016-03-27,10900000,2,1,1135,Box Office Predictions: March 25-27,https://toddmthatcher.com/2016/03/21/box-office-predictions-march-25-27/,2016-03-21,"5. Miracles from Heaven
Predicted Gross: $10.9 million",normalized_exact,
matched_or_provisional,1325,weekly_ranked_predictions,provisional,My Big Fat Greek Wedding 2,2016-03-25,2016-03-27,13100000,2,1,1135,Box Office Predictions: March 25-27,https://toddmthatcher.com/2016/03/21/box-office-predictions-march-25-27/,2016-03-21,"3. My Big Fat Greek Wedding 2
Predicted Gross: $13.1 million",normalized_exact_release_date,
matched_or_provisional,1326,weekly_ranked_predictions,provisional,The Divergent Series: Allegiant,2016-03-25,2016-03-27,12700000,2,1,1135,Box Office Predictions: March 25-27,https://toddmthatcher.com/2016/03/21/box-office-predictions-march-25-27/,2016-03-21,"4. The Divergent Series: Allegiant
Predicted Gross: $12.7 million",normalized_exact,
matched_or_provisional,1324,weekly_ranked_predictions,provisional,Zootopia,2016-03-25,2016-03-27,23400000,2,1,1135,Box Office Predictions: March 25-27,https://toddmthatcher.com/2016/03/21/box-office-predictions-march-25-27/,2016-03-21,"2. Zootopia
Predicted Gross: $23.4 million",normalized_exact,
matched_or_provisional,1323,single_movie_prediction,provisional,My Big Fat Greek Wedding 2,,,13100000,2,1,1133,My Big Fat Greek Wedding 2 Box Office Prediction,https://toddmthatcher.com/2016/03/17/my-big-fat-greek-wedding-2-box-office-prediction/,2016-03-17,My Big Fat Greek Wedding 2 opening weekend prediction: $13.1 million,normalized_exact,
matched_or_provisional,1322,single_movie_prediction,provisional,Batman v Superman: Dawn of Justice,,,166400000,2,1,1131,Batman v Superman: Dawn of Justice Box Office Prediction,https://toddmthatcher.com/2016/03/16/batman-v-superman-dawn-of-justice-box-office-prediction/,2016-03-16,Batman v Superman: Dawn of Justice opening weekend prediction: $166.4 million,normalized_exact,
matched_or_provisional,1320,weekly_ranked_predictions,provisional,10 Cloverfield Lane,2016-03-18,2016-03-20,10100000,2,1,1129,Box Office Predictions: March 18-20,https://toddmthatcher.com/2016/03/14/box-office-predictions-march-18-20/,2016-03-14,"4. 10 Cloverfield Lane
Predicted Gross: $10.1 million (representing a drop of 58%)",normalized_exact,
matched_or_provisional,1321,weekly_ranked_predictions,provisional,Deadpool,2016-03-18,2016-03-20,7200000,2,1,1129,Box Office Predictions: March 18-20,https://toddmthatcher.com/2016/03/14/box-office-predictions-march-18-20/,2016-03-14,"5. Deadpool
Predicted Gross: $7.2 million (representing a drop of 35%)",normalized_exact,
matched_or_provisional,1319,weekly_ranked_predictions,provisional,Miracles from Heaven,2016-03-18,2016-03-20,15800000,2,1,1129,Box Office Predictions: March 18-20,https://toddmthatcher.com/2016/03/14/box-office-predictions-march-18-20/,2016-03-14,"3. Miracles from Heaven
Predicted Gross: $15.8 million (Friday to Sunday), $20.8 million (Wednesday to Sunday prediction)",normalized_exact_release_date,
matched_or_provisional,1318,weekly_ranked_predictions,provisional,Zootopia,2016-03-18,2016-03-20,32000000,2,1,1129,Box Office Predictions: March 18-20,https://toddmthatcher.com/2016/03/14/box-office-predictions-march-18-20/,2016-03-14,"2. Zootopia
Predicted Gross: $32 million (representing a drop of 37%)",normalized_exact,
matched_or_provisional,1316,single_movie_prediction,provisional,Miracles from Heaven,,,15800000,2,1,1125,Miracles from Heaven Box Office Prediction,https://toddmthatcher.com/2016/03/10/miracles-from-heaven-box-office-prediction/,2016-03-11,"Miracles from Heaven opening weekend prediction: $15.8 million (Friday to Sunday), $20.8 million (Wednesday to Sunday)",normalized_exact,
matched_or_provisional,1317,single_movie_prediction,provisional,The Divergent Series: Allegiant,2016-03-20,2016-03-22,43700000,2,1,1127,The Divergent Series: Allegiant Box Office Prediction,https://toddmthatcher.com/2016/03/10/the-divergent-series-allegiant-box-office-prediction/,2016-03-10,The Divergent Series: Allegiant opening weekend prediction: $43.7 million,normalized_exact,
matched_or_provisional,1311,weekly_ranked_predictions,provisional,10 Cloverfield Lane,2016-03-11,2016-03-13,28300000,2,1,1123,Box Office Predictions: March 11-13,https://toddmthatcher.com/2016/03/07/box-office-predictions-march-11-13/,2016-03-07,"2. 10 Cloverfield Lane
Predicted Gross: $28.3 million",normalized_exact_release_date,
matched_or_provisional,1315,weekly_ranked_predictions,provisional,Deadpool,2016-03-11,2016-03-13,9400000,2,1,1123,Box Office Predictions: March 11-13,https://toddmthatcher.com/2016/03/07/box-office-predictions-march-11-13/,2016-03-07,"6. Deadpool
Predicted Gross: $9.4 million (representing a drop of 44%)",normalized_exact,
matched_or_provisional,1314,weekly_ranked_predictions,provisional,London Has Fallen,2016-03-11,2016-03-13,9900000,2,1,1123,Box Office Predictions: March 11-13,https://toddmthatcher.com/2016/03/07/box-office-predictions-march-11-13/,2016-03-07,"5. London Has Fallen
Predicted Gross: $9.9 million (representing a drop of 54%)",normalized_exact,
matched_or_provisional,1313,weekly_ranked_predictions,provisional,The Brothers Grimsby,2016-03-11,2016-03-13,11400000,2,1,1123,Box Office Predictions: March 11-13,https://toddmthatcher.com/2016/03/07/box-office-predictions-march-11-13/,2016-03-07,"4. The Brothers Grimsby
Predicted Gross: $11.4 million",normalized_exact_release_date,
matched_or_provisional,1312,weekly_ranked_predictions,provisional,The Young Messiah,2016-03-11,2016-03-13,12700000,2,1,1123,Box Office Predictions: March 11-13,https://toddmthatcher.com/2016/03/07/box-office-predictions-march-11-13/,2016-03-07,"3. The Young Messiah
Predicted Gross: $12.7 million",normalized_exact_release_date,
matched_or_provisional,1310,single_movie_prediction,provisional,The Perfect Match,,,4100000,2,1,1121,The Perfect Match Box Office Prediction,https://toddmthatcher.com/2016/03/03/the-perfect-match-box-office-prediction/,2016-03-04,The Perfect Match opening weekend prediction: $4.1 million,normalized_exact,
matched_or_provisional,1309,single_movie_prediction,provisional,The Young Messiah,,,12700000,2,1,1119,The Young Messiah Box Office Prediction,https://toddmthatcher.com/2016/03/03/the-young-messiah-box-office-prediction/,2016-03-04,The Young Messiah opening weekend prediction: $12.7 million,normalized_exact,
matched_or_provisional,1307,single_movie_prediction,provisional,10 Cloverfield Lane,,,28300000,2,1,1115,10 Cloverfield Lane Box Office Prediction,https://toddmthatcher.com/2016/03/03/10-cloverfield-lane-box-office-prediction/,2016-03-03,10 Cloverfield Lane opening weekend prediction: $28.3 million,normalized_exact,
matched_or_provisional,1308,single_movie_prediction,provisional,The Brothers Grimsby,,,11400000,2,1,1117,The Brothers Grimsby Box Office Prediction,https://toddmthatcher.com/2016/03/03/the-brothers-grimsby-box-office-prediction/,2016-03-03,The Brothers Grimsby opening weekend prediction: $11.4 million,normalized_exact,
matched_or_provisional,1304,weekly_ranked_predictions,provisional,Deadpool,2016-03-04,2016-03-06,16900000,2,1,1113,Box Office Predictions: March 4-6,https://toddmthatcher.com/2016/02/29/box-office-predictions-march-4-6/,2016-02-29,"3. Deadpool
Predicted Gross: $16.9 million (representing a drop of 45%)",normalized_exact,
matched_or_provisional,1306,weekly_ranked_predictions,provisional,Gods of Egypt,2016-03-04,2016-03-06,5800000,2,1,1113,Box Office Predictions: March 4-6,https://toddmthatcher.com/2016/02/29/box-office-predictions-march-4-6/,2016-02-29,"5. Gods of Egypt
Predicted Gross: $5.8 million (representing a drop of 58%)",normalized_exact,
matched_or_provisional,1303,weekly_ranked_predictions,provisional,London Has Fallen,2016-03-04,2016-03-06,24600000,2,1,1113,Box Office Predictions: March 4-6,https://toddmthatcher.com/2016/02/29/box-office-predictions-march-4-6/,2016-02-29,"2. London Has Fallen
Predicted Gross: $24.6 million",normalized_exact_release_date,
matched_or_provisional,1305,weekly_ranked_predictions,provisional,Whiskey Tango Foxtrot,2016-03-04,2016-03-06,8400000,2,1,1113,Box Office Predictions: March 4-6,https://toddmthatcher.com/2016/02/29/box-office-predictions-march-4-6/,2016-02-29,"4. Whiskey Tango Foxtrot
Predicted Gross: $8.4 million",normalized_exact_release_date,
matched_or_provisional,1299,single_movie_prediction,provisional,London Has Fallen,,,24600000,2,1,1105,London Has Fallen Box Office Prediction,https://toddmthatcher.com/2016/02/25/london-has-fallen-box-office-prediction/,2016-02-26,London Has Fallen opening weekend prediction: $24.6 million,normalized_exact,
matched_or_provisional,1300,single_movie_prediction,provisional,Whiskey Tango Foxtrot,,,8400000,2,1,1107,Whiskey Tango Foxtrot Box Office Prediction,https://toddmthatcher.com/2016/02/25/whiskey-tango-foxtrot-box-office-prediction/,2016-02-26,Whiskey Tango Foxtrot opening weekend prediction: $8.4 million,normalized_exact,
matched_or_provisional,1301,single_movie_prediction,provisional,Zootopia,,,54400000,2,1,1109,Zootopia Box Office Prediction,https://toddmthatcher.com/2016/02/25/zootopia-box-office-prediction/,2016-02-25,Zootopia opening weekend prediction: $54.4 million,normalized_exact,
matched_or_provisional,1295,weekly_ranked_predictions,provisional,Eddie the Eagle,2016-02-26,2016-02-28,11200000,2,1,1103,Box Office Predictions: February 26-28,https://toddmthatcher.com/2016/02/22/box-office-predictions-february-26-28/,2016-02-22,"3. Eddie the Eagle
Predicted Gross: $11.2 million",normalized_exact_release_date,
matched_or_provisional,1294,weekly_ranked_predictions,provisional,Gods of Egypt,2016-02-26,2016-02-28,13900000,2,1,1103,Box Office Predictions: February 26-28,https://toddmthatcher.com/2016/02/22/box-office-predictions-february-26-28/,2016-02-22,"2. Gods of Egypt
Predicted Gross: $13.9 million",normalized_exact_release_date,
matched_or_provisional,1296,weekly_ranked_predictions,provisional,Kung Fu Panda 3,2016-02-26,2016-02-28,8200000,2,1,1103,Box Office Predictions: February 26-28,https://toddmthatcher.com/2016/02/22/box-office-predictions-february-26-28/,2016-02-22,"4. Kung Fu Panda 3
Predicted Gross: $8.2 million (representing a drop of 35%)",normalized_exact,
matched_or_provisional,1297,weekly_ranked_predictions,provisional,Risen,2016-02-26,2016-02-28,7100000,2,1,1103,Box Office Predictions: February 26-28,https://toddmthatcher.com/2016/02/22/box-office-predictions-february-26-28/,2016-02-22,"5. Risen
Predicted Gross: $7.1 million (representing a drop of 38%)",normalized_exact,
matched_or_provisional,1298,weekly_ranked_predictions,provisional,Triple 9,2016-02-26,2016-02-28,6900000,2,1,1103,Box Office Predictions: February 26-28,https://toddmthatcher.com/2016/02/22/box-office-predictions-february-26-28/,2016-02-22,"6. Triple 9
Predicted Gross: $6.9 million",normalized_exact_release_date,
matched_or_provisional,1291,single_movie_prediction,provisional,Eddie the Eagle,,,11200000,2,1,1097,Eddie the Eagle Box Office Prediction,https://toddmthatcher.com/2016/02/18/eddie-the-eagle-box-office-prediction/,2016-02-19,Eddie the Eagle opening weekend prediction: $11.2 million,normalized_exact,
matched_or_provisional,1293,single_movie_prediction,provisional,Triple 9,,,6900000,2,1,1101,Triple 9 Box Office Prediction,https://toddmthatcher.com/2016/02/18/triple-9-box-office-prediction/,2016-02-19,Triple 9 opening weekend prediction: $6.9 million,normalized_exact,
matched_or_provisional,1292,single_movie_prediction,provisional,Gods of Egypt,,,13900000,2,1,1099,Gods of Egypt Box Office Prediction,https://toddmthatcher.com/2016/02/18/gods-of-egypt-box-office-prediction/,2016-02-18,Gods of Egypt opening weekend prediction: $13.9 million,normalized_exact,
matched_or_provisional,1288,weekly_ranked_predictions,provisional,How to Be Single,2016-02-19,2016-02-21,9200000,2,1,1095,Box Office Predictions: February 19-21,https://toddmthatcher.com/2016/02/16/box-office-predictions-february-19-21/,2016-02-16,"5. How to Be Single
Predicted Gross: $9.2 million (representing a drop of 48%)",normalized_exact,
matched_or_provisional,1286,weekly_ranked_predictions,provisional,Kung Fu Panda 3,2016-02-19,2016-02-21,10800000,2,1,1095,Box Office Predictions: February 19-21,https://toddmthatcher.com/2016/02/16/box-office-predictions-february-19-21/,2016-02-16,"3. Kung Fu Panda 3
Predicted Gross: $10.8 million (representing a drop of 45%)",normalized_exact,
matched_or_provisional,1285,weekly_ranked_predictions,provisional,Risen,2016-02-19,2016-02-21,14200000,2,1,1095,Box Office Predictions: February 19-21,https://toddmthatcher.com/2016/02/16/box-office-predictions-february-19-21/,2016-02-16,"2. Risen
Predicted Gross: $14.2 million",normalized_exact_release_date,
matched_or_provisional,1289,weekly_ranked_predictions,provisional,The Witch,2016-02-19,2016-02-21,6700000,2,1,1095,Box Office Predictions: February 19-21,https://toddmthatcher.com/2016/02/16/box-office-predictions-february-19-21/,2016-02-16,"6. The Witch
Predicted Gross: $6.7 million",normalized_exact_release_date,
matched_or_provisional,1284,single_movie_prediction,provisional,The Witch,,,6700000,2,1,1093,The Witch Box Office Prediction,https://toddmthatcher.com/2016/02/11/the-witch-box-office-prediction/,2016-02-12,The Witch opening weekend prediction: $6.7 million,normalized_exact,
matched_or_provisional,1283,single_movie_prediction,provisional,Risen,,,14200000,2,1,1091,Risen Box Office Prediction,https://toddmthatcher.com/2016/02/11/risen-box-office-prediction/,2016-02-11,Risen opening weekend prediction: $14.2 million,normalized_exact,
matched_or_provisional,1281,weekly_ranked_predictions,provisional,"Hail, Caesar!",2016-02-12,2016-02-14,5600000,0,0,1087,Box Office Predictions: February 12-14,https://toddmthatcher.com/2016/02/08/box-office-predictions-february-12-14/,2016-02-08,"5. Hail, Caesar!
Predicted Gross: $5.6 million (representing a drop of 51%)",normalized_exact,
matched_or_provisional,1279,weekly_ranked_predictions,provisional,How to Be Single,2016-02-12,2016-02-14,18700000,2,1,1087,Box Office Predictions: February 12-14,https://toddmthatcher.com/2016/02/08/box-office-predictions-february-12-14/,2016-02-08,"3. How to Be Single
Predicted Gross: $18.7 million",normalized_exact_release_date,
matched_or_provisional,1280,weekly_ranked_predictions,provisional,Kung Fu Panda 3,2016-02-12,2016-02-14,14000000,2,1,1087,Box Office Predictions: February 12-14,https://toddmthatcher.com/2016/02/08/box-office-predictions-february-12-14/,2016-02-08,"4. Kung Fu Panda 3
Predicted Gross: $14 million (representing a drop of 34%)",normalized_exact,
matched_or_provisional,1275,single_movie_prediction,provisional,Deadpool,,,58200000,2,1,1081,Deadpool Box Office Prediction,https://toddmthatcher.com/2016/02/03/deadpool-box-office-prediction/,2016-02-04,Deadpool opening weekend prediction: $58.2 million,normalized_exact,
matched_or_provisional,1277,single_movie_prediction,provisional,How to Be Single,,,18700000,2,1,1085,How to Be Single Box Office Prediction,https://toddmthatcher.com/2016/02/04/how-to-be-single-box-office-prediction/,2016-02-04,How to Be Single opening weekend prediction: $18.7 million,normalized_exact,
matched_or_provisional,1271,weekly_ranked_predictions,provisional,"Hail, Caesar!",2016-02-05,2016-02-07,14300000,0,0,1079,Box Office Predictions: February 5-7,https://toddmthatcher.com/2016/02/01/box-office-predictions-february-5-7/,2016-02-02,"2. Hail, Caesar!
Predicted Gross: $14.3 million",normalized_exact_release_date,
matched_or_provisional,1274,weekly_ranked_predictions,provisional,Pride and Prejudice and Zombies,2016-02-05,2016-02-07,8100000,2,1,1079,Box Office Predictions: February 5-7,https://toddmthatcher.com/2016/02/01/box-office-predictions-february-5-7/,2016-02-02,"5. Pride and Prejudice and Zombies
Predicted Gross: $8.1 million",normalized_exact_release_date,
matched_or_provisional,1272,weekly_ranked_predictions,provisional,The Choice,2016-02-05,2016-02-07,9600000,2,1,1079,Box Office Predictions: February 5-7,https://toddmthatcher.com/2016/02/01/box-office-predictions-february-5-7/,2016-02-02,"3. The Choice
Predicted Gross: $9.6 million",normalized_exact_release_date,
matched_or_provisional,1270,single_movie_prediction,provisional,The Choice,,,9600000,2,1,1077,The Choice Box Office Prediction,https://toddmthatcher.com/2016/01/28/the-choice-box-office-prediction/,2016-01-29,The Choice opening weekend prediction: $9.6 million,normalized_exact,
matched_or_provisional,1268,single_movie_prediction,provisional,"Hail, Caesar!",,,14300000,0,0,1073,"Hail, Caesar! Box Office Prediction",https://toddmthatcher.com/2016/01/28/hail-caesar-box-office-prediction/,2016-01-28,"Hail, Caesar! opening weekend prediction: $14.3 million",normalized_exact,
matched_or_provisional,1269,single_movie_prediction,provisional,Pride and Prejudice and Zombies,,,8100000,2,1,1075,Pride and Prejudice and Zombies Box Office Prediction,https://toddmthatcher.com/2016/01/28/pride-and-prejudice-and-zombies-box-office-prediction/,2016-01-28,Pride and Prejudice and Zombies opening weekend prediction: $8.1 million,normalized_exact,
matched_or_provisional,1264,weekly_ranked_predictions,provisional,Fifty Shades of Black,2016-01-29,2016-01-31,16000000,2,1,1071,Box Office Predictions: January 29-31,https://toddmthatcher.com/2016/01/25/box-office-predictions-january-29-31/,2016-01-25,"2. Fifty Shades of Black
Predicted Gross: $16 million",normalized_exact_release_date,
matched_or_provisional,1267,weekly_ranked_predictions,provisional,Star Wars: The Force Awakens,2016-01-29,2016-01-31,8600000,1,0,1071,Box Office Predictions: January 29-31,https://toddmthatcher.com/2016/01/25/box-office-predictions-january-29-31/,2016-01-25,"5. Star Wars: The Force Awakens
Predicted Gross: $8.6 million (representing a drop of 38%)",normalized_exact,
matched_or_provisional,1265,weekly_ranked_predictions,provisional,The Finest Hours,2016-01-29,2016-01-31,10200000,2,1,1071,Box Office Predictions: January 29-31,https://toddmthatcher.com/2016/01/25/box-office-predictions-january-29-31/,2016-01-25,"3. The Finest Hours
Predicted Gross: $10.2 million",normalized_exact_release_date,
matched_or_provisional,1262,single_movie_prediction,provisional,The Finest Hours,,,10200000,2,1,1067,The Finest Hours Box Office Prediction,https://toddmthatcher.com/2016/01/21/the-finest-hours-box-office-prediction/,2016-01-22,The Finest Hours opening weekend prediction: $10.2 million,normalized_exact,
matched_or_provisional,1261,single_movie_prediction,provisional,Fifty Shades of Black,,,16000000,2,1,1065,Fifty Shades of Black Box Office Prediction,https://toddmthatcher.com/2016/01/21/fifty-shades-of-black-box-office-prediction/,2016-01-21,Fifty Shades of Black opening weekend prediction: $16 million,normalized_exact,
matched_or_provisional,1260,single_movie_prediction,provisional,Kung Fu Panda 3,,,41700000,2,1,1063,Kung Fu Panda 3 Box Office Prediction,https://toddmthatcher.com/2016/01/20/kung-fu-panda-3-box-office-prediction/,2016-01-21,Kung Fu Panda 3 opening weekend prediction: $41.7 million,normalized_exact,
matched_or_provisional,1256,weekly_ranked_predictions,provisional,Star Wars: The Force Awakens,2016-01-22,2016-01-24,15900000,1,0,1061,Box Office Predictions: January 22-24,https://toddmthatcher.com/2016/01/19/box-office-predictions-january-22-24/,2016-01-20,"3. Star Wars: The Force Awakens
Predicted Gross: $15.9 million (representing a drop of 39%)",normalized_exact,
matched_or_provisional,1249,weekly_ranked_predictions,provisional,Star Wars: The Force Awakens,2016-01-15,2016-01-17,23900000,1,0,1053,Box Office Predictions: January 15-17,https://toddmthatcher.com/2016/01/11/box-office-predictions-january-15-17/,2016-01-11,"3. Star Wars: The Force Awakens
Predicted Gross: $23.9 million (representing a drop of 43%)",normalized_exact,
matched_or_provisional,1242,weekly_ranked_predictions,provisional,Daddy’s Home,2016-01-08,2016-01-10,16800000,0,0,1045,Box Office Predictions: January 8-10,https://toddmthatcher.com/2016/01/04/box-office-predictions-january-8-10/,2016-01-04,"3. Daddy’s Home
Predicted Gross: $16.8 million (representing a drop of 42%)",normalized_exact,
matched_or_provisional,1244,weekly_ranked_predictions,provisional,The Forest,2016-01-08,2016-01-10,8700000,2,1,1045,Box Office Predictions: January 8-10,https://toddmthatcher.com/2016/01/04/box-office-predictions-january-8-10/,2016-01-04,"5. The Forest
Predicted Gross: $8.7 million",normalized_exact,
matched_or_provisional,1243,weekly_ranked_predictions,provisional,The Hateful Eight,2016-01-08,2016-01-10,10500000,2,1,1045,Box Office Predictions: January 8-10,https://toddmthatcher.com/2016/01/04/box-office-predictions-january-8-10/,2016-01-04,"4. The Hateful Eight
Predicted Gross: $10.5 million (representing a drop of 33%)",normalized_exact,
matched_or_provisional,1238,single_movie_prediction,provisional,The Forest,2015-01-08,2015-01-10,8700000,2,1,1039,The Forest Box Office Prediction,https://toddmthatcher.com/2015/12/30/the-forest-box-office-prediction/,2015-12-31,The Forest opening weekend prediction: $8.7 million,provisional_toddmthatcher_identity,Created provisional movie
matched_or_provisional,1233,weekly_ranked_predictions,provisional,Alvin and the Chipmunks: The Road Chip,2015-01-01,2015-01-03,9100000,2,1,1037,Box Office Predictions: January 1-3,https://toddmthatcher.com/2015/12/29/box-office-predictions-january-1-3/,2015-12-29,"6. Alvin and the Chipmunks: The Road Chip
Predicted Gross: $9.1 million (representing a drop of 30%)",normalized_exact,
matched_or_provisional,1230,weekly_ranked_predictions,provisional,Daddy’s Home,2015-01-01,2015-01-03,25900000,0,0,1037,Box Office Predictions: January 1-3,https://toddmthatcher.com/2015/12/29/box-office-predictions-january-1-3/,2015-12-29,"3. Daddy’s Home
Predicted Gross: $25.9 million (representing a drop of 33%)",normalized_exact,
matched_or_provisional,1231,weekly_ranked_predictions,provisional,Joy,2015-01-01,2015-01-03,10700000,2,1,1037,Box Office Predictions: January 1-3,https://toddmthatcher.com/2015/12/29/box-office-predictions-january-1-3/,2015-12-29,"4. Joy
Predicted Gross: $10.7 million (representing a drop of 37%)",normalized_exact,
matched_or_provisional,1232,weekly_ranked_predictions,provisional,Sisters,2015-01-01,2015-01-03,9200000,2,1,1037,Box Office Predictions: January 1-3,https://toddmthatcher.com/2015/12/29/box-office-predictions-january-1-3/,2015-12-29,"5. Sisters
Predicted Gross: $9.2 million (representing a drop of 35%)",normalized_exact,
matched_or_provisional,1229,weekly_ranked_predictions,provisional,The Hateful Eight,2015-01-01,2015-01-03,29200000,2,1,1037,Box Office Predictions: January 1-3,https://toddmthatcher.com/2015/12/29/box-office-predictions-january-1-3/,2015-12-29,"2. The Hateful Eight
Predicted Gross: $29.2 million",normalized_exact,
matched_or_provisional,1228,single_movie_prediction,provisional,The Hateful Eight,,,27200000,2,1,1035,The Hateful Eight Box Office Prediction,https://toddmthatcher.com/2015/12/22/the-hateful-eight-box-office-prediction/,2015-12-22,"The Hateful Eight opening weekend prediction: $27.2 million (Friday to Sunday), $36.1 million (Wednesday to Sunday)",normalized_exact,
matched_or_provisional,1218,weekly_ranked_predictions,provisional,Alvin and the Chipmunks: The Road Chip,2015-12-25,2015-12-27,16700000,2,1,1033,Box Office Predictions: December 25-27,https://toddmthatcher.com/2015/12/21/box-office-predictions-december-25-27/,2015-12-21,"2. Alvin and the Chipmunks: The Road Chip
Predicted Gross: $16.7 million (representing an increase of 17%)",normalized_exact,
matched_or_provisional,1219,weekly_ranked_predictions,provisional,Daddy’s Home,2015-12-25,2015-12-27,16500000,0,0,1033,Box Office Predictions: December 25-27,https://toddmthatcher.com/2015/12/21/box-office-predictions-december-25-27/,2015-12-21,"3. Daddy’s Home
Predicted Gross: $16.5 million",normalized_exact_release_date,
matched_or_provisional,1220,weekly_ranked_predictions,provisional,Joy,2015-12-25,2015-12-27,14900000,2,1,1033,Box Office Predictions: December 25-27,https://toddmthatcher.com/2015/12/21/box-office-predictions-december-25-27/,2015-12-21,"4. Joy
Predicted Gross: $14.9 million",normalized_exact_release_date,
matched_or_provisional,1223,weekly_ranked_predictions,provisional,Sisters,2015-12-25,2015-12-27,10400000,2,1,1033,Box Office Predictions: December 25-27,https://toddmthatcher.com/2015/12/21/box-office-predictions-december-25-27/,2015-12-21,"7. Sisters
Predicted Gross: $10.4 million (representing a drop of 25%)",normalized_exact,
matched_or_provisional,1214,single_movie_prediction,provisional,Daddy’s Home,,,16500000,0,0,1025,Daddy’s Home Box Office Prediction,https://toddmthatcher.com/2015/12/15/daddys-home-box-office-prediction/,2015-12-15,Daddy’s Home opening weekend prediction: $16.5 million,normalized_exact,
matched_or_provisional,1215,single_movie_prediction,provisional,Joy,,,14900000,2,1,1027,Joy Box Office Prediction,https://toddmthatcher.com/2015/12/15/joy-box-office-prediction/,2015-12-15,Joy opening weekend prediction: $14.9 million,normalized_exact,
matched_or_provisional,1206,weekly_ranked_predictions,provisional,Alvin and the Chipmunks: The Road Chip,2015-12-18,2015-12-20,14300000,2,1,1019,Box Office Predictions: December 18-20,https://toddmthatcher.com/2015/12/14/box-office-predictions-december-18-20/,2015-12-14,"2. Alvin and the Chipmunks: The Road Chip
Predicted Gross: $14.3 million",normalized_exact_release_date,
matched_or_provisional,1211,weekly_ranked_predictions,provisional,In the Heart of the Sea,2015-12-18,2015-12-20,5600000,2,1,1019,Box Office Predictions: December 18-20,https://toddmthatcher.com/2015/12/14/box-office-predictions-december-18-20/,2015-12-14,"7. In the Heart of the Sea
Predicted Gross: $5.6 million (representing a drop of 49%)",normalized_exact,
matched_or_provisional,1207,weekly_ranked_predictions,provisional,Sisters,2015-12-18,2015-12-20,13900000,2,1,1019,Box Office Predictions: December 18-20,https://toddmthatcher.com/2015/12/14/box-office-predictions-december-18-20/,2015-12-14,"3. Sisters
Predicted Gross: $13.9 million",normalized_exact_release_date,
matched_or_provisional,1204,single_movie_prediction,provisional,Alvin and the Chipmunks: The Road Chip,,,14300000,2,1,1015,Alvin and the Chipmunks: The Road Chip Box Office Prediction,https://toddmthatcher.com/2015/12/10/alvin-and-the-chipmunks-the-road-chip-box-office-prediction/,2015-12-10,Alvin and the Chipmunks: The Road Chip opening weekend prediction: $14.3 million,normalized_exact,
matched_or_provisional,1205,single_movie_prediction,provisional,Sisters,,,13900000,2,1,1017,Sisters Box Office Prediction,https://toddmthatcher.com/2015/12/10/sisters-box-office-prediction/,2015-12-10,Sisters opening weekend prediction: $13.9 million,normalized_exact,
matched_or_provisional,1212,single_movie_prediction,provisional,Star Wars: The Force Awakens,2015-12-18,2015-12-20,234700000,1,0,1021,Star Wars: The Force Awakens Box Office Prediction,https://toddmthatcher.com/2015/12/08/star-wars-the-force-awakens-box-office-prediction/,2015-12-08,Star Wars: The Force Awakens opening weekend prediction: $234.7 million,normalized_exact_release_date,
matched_or_provisional,1203,weekly_ranked_predictions,provisional,Krampus,2015-12-11,2015-12-13,7300000,2,1,1013,Box Office Predictions: December 11-13,https://toddmthatcher.com/2015/12/07/box-office-predictions-december-11-13/,2015-12-07,"5. Krampus
Predicted Gross: $7.3 million (representing a drop of 54%)",normalized_exact,
matched_or_provisional,1199,single_movie_prediction,provisional,In the Heart of the Sea,,,18400000,2,1,1011,In the Heart of the Sea Box Office Prediction,https://toddmthatcher.com/2015/12/03/in-the-heart-of-the-sea-box-office-prediction/,2015-12-03,In the Heart of the Sea opening weekend prediction: $18.4 million,normalized_exact,
matched_or_provisional,1197,weekly_ranked_predictions,provisional,Krampus,2015-12-04,2015-12-06,7100000,2,1,1009,Box Office Predictions: December 4-6,https://toddmthatcher.com/2015/11/30/box-office-predictions-december-4-6/,2015-12-01,"4. Krampus
Predicted Gross: $7.1 million",normalized_exact,
matched_or_provisional,1198,weekly_ranked_predictions,provisional,Spectre,2015-12-04,2015-12-06,6000000,2,1,1009,Box Office Predictions: December 4-6,https://toddmthatcher.com/2015/11/30/box-office-predictions-december-4-6/,2015-12-01,"5. Spectre
Predicted Gross: $6 million (representing a drop of 52%)",normalized_exact,
matched_or_provisional,1194,single_movie_prediction,provisional,Krampus,,,7100000,2,1,1007,Krampus Box Office Prediction,https://toddmthatcher.com/2015/11/26/krampus-box-office-prediction/,2015-11-26,Krampus opening weekend prediction: $7.1 million,normalized_exact,
matched_or_provisional,1190,weekly_ranked_predictions,provisional,Spectre,,,13100000,2,1,1005,Thanksgiving 2015 Box Office Predictions,https://toddmthatcher.com/2015/11/23/thanksgiving-2015-box-office-predictions/,2015-11-23,"4. Spectre
Predicted Gross: $13.1 million (Friday to Sunday), $17.7 million (Wednesday to Sunday)",toddmthatcher_source_id,
matched_or_provisional,1193,weekly_ranked_predictions,provisional,The Night Before,,,8000000,2,1,1005,Thanksgiving 2015 Box Office Predictions,https://toddmthatcher.com/2015/11/23/thanksgiving-2015-box-office-predictions/,2015-11-23,"7. The Night Before
Predicted Gross: $8 million (Friday to Sunday), $10.7 million (Wednesday to Sunday)",toddmthatcher_source_id,
matched_or_provisional,1187,single_movie_prediction,provisional,Spotlight,,,4700000,2,1,1003,Spotlight Box Office Prediction,https://toddmthatcher.com/2015/11/20/spotlight-box-office-prediction/,2015-11-20,Spotlight opening weekend prediction: $4.7 million,normalized_exact,
matched_or_provisional,1180,weekly_ranked_predictions,provisional,Spectre,2015-11-20,2015-11-22,15300000,2,1,995,Box Office Predictions: November 20-22,https://toddmthatcher.com/2015/11/16/box-office-predictions-november-20-22/,2015-11-16,"3. Spectre
Predicted Gross: $15.3 million (representing a drop of 54%)",normalized_exact,
matched_or_provisional,1179,weekly_ranked_predictions,provisional,The Night Before,2015-11-20,2015-11-22,16600000,2,1,995,Box Office Predictions: November 20-22,https://toddmthatcher.com/2015/11/16/box-office-predictions-november-20-22/,2015-11-16,"2. The Night Before
Predicted Gross: $16.6 million",normalized_exact,
matched_or_provisional,1178,single_movie_prediction,provisional,The Night Before,,,16600000,2,1,993,The Night Before Box Office Prediction,https://toddmthatcher.com/2015/11/14/the-night-before-box-office-prediction/,2015-11-14,The Night Before opening weekend prediction: $16.6 million,normalized_exact,
matched_or_provisional,1164,single_movie_prediction,provisional,Spectre,,,91300000,2,1,977,Spectre Box Office Prediction,https://toddmthatcher.com/2015/10/29/spectre-box-office-prediction/,2015-10-29,Spectre opening weekend prediction: $91.3 million,normalized_exact,
matched_or_provisional,1094,weekly_ranked_predictions,matched,No Escape,2015-09-04,2015-09-07,6000000,2,2,903,Box Office Predictions: September 4-7,https://toddmthatcher.com/2015/08/31/box-office-predictions-september-4-7/,2015-08-31,"5. No Escape
Predicted Gross: $6 million",normalized_exact,
matched_or_provisional,1087,weekly_ranked_predictions,matched,No Escape,2015-08-28,2015-08-30,4700000,2,2,895,Box Office Predictions: August 28-30,https://toddmthatcher.com/2015/08/24/box-office-predictions-august-28-30/,2015-08-24,"5. No Escape
Predicted Gross: $4.7 million (Friday to Sunday), $6.3 million (Wednesday to Sunday prediction)",normalized_exact,
matched_or_provisional,1083,single_movie_prediction,matched,No Escape,,,4700000,2,2,893,No Escape Box Office Prediction,https://toddmthatcher.com/2015/08/21/no-escape-box-office-prediction/,2015-08-21,"No Escape opening weekend prediction: $4.7 million (Friday to Sunday), $6.3 million (Wednesday to Sunday)",normalized_exact,
matched_or_provisional,1054,weekly_ranked_predictions,provisional,Minions,2015-07-31,2015-08-02,11800000,2,1,865,Box Office Predictions: July 31-August 2,https://toddmthatcher.com/2015/07/27/box-office-predictions-july-31-august-2/,2015-07-27,"3. Minions
Predicted Gross: $11.8 million (representing a drop of 48%)",normalized_exact,
matched_or_provisional,1047,weekly_ranked_predictions,provisional,Minions,2015-07-24,2015-07-26,23400000,2,1,859,Box Office Predictions: July 24-26,https://toddmthatcher.com/2015/07/20/box-office-predictions-july-24-26/,2015-07-20,"4. Minions
Predicted Gross: $23.4 million (representing a drop of 52%)",normalized_exact,
matched_or_provisional,1037,weekly_ranked_predictions,provisional,Minions,2015-07-17,2015-07-19,56900000,2,1,851,Box Office Predictions: July 17-19,https://toddmthatcher.com/2015/07/13/box-office-predictions-july-17-19/,2015-07-13,"2. Minions
Predicted Gross: $56.9 million (representing a drop of 50%)",normalized_exact,
matched_or_provisional,1027,weekly_ranked_predictions,provisional,Minions,2015-07-10,2015-07-12,96400000,2,1,845,Box Office Predictions: July 10-12,https://toddmthatcher.com/2015/07/06/box-office-predictions-july-10-12/,2015-07-06,"1. Minions
Predicted Gross: $96.4 million",normalized_exact,
matched_or_provisional,1024,single_movie_prediction,provisional,Minions,2015-07-04,2015-07-06,96400000,2,1,839,Minions Box Office Prediction,https://toddmthatcher.com/2015/07/03/minions-box-office-prediction/,2015-07-03,Minions opening weekend prediction: $96.4 million,provisional_toddmthatcher_identity,Created provisional movie
matched_or_provisional,729,weekly_ranked_predictions,provisional,Annabelle,2014-10-10,2014-10-12,14800000,2,1,583,Box Office Predictions: October 10-12,https://toddmthatcher.com/2014/10/06/box-office-predictions-october-10-12/,2014-10-06,"4. Annabelle
Predicted Gross: $14.8 million (representing a drop of 60%)",normalized_exact,
matched_or_provisional,721,weekly_ranked_predictions,provisional,Annabelle,2014-10-03,2014-10-05,21200000,2,1,581,Box Office Predictions: October 3-5,https://toddmthatcher.com/2014/09/29/box-office-predictions-october-3-5/,2014-09-30,"2. Annabelle
Predicted Gross: $21.2 million",normalized_exact,
matched_or_provisional,713,single_movie_prediction,provisional,Annabelle,2014-10-20,2014-10-22,21200000,2,1,567,Annabelle Box Office Prediction,https://toddmthatcher.com/2014/09/28/annabelle-box-office-prediction/,2014-09-28,Annabelle opening weekend prediction: $21.2 million,provisional_toddmthatcher_identity,Created provisional movie
matched_or_provisional,625,weekly_ranked_predictions,provisional,Earth to Echo,2014-07-11,2014-07-13,5200000,2,1,489,Box Office Predictions: July 11-13,https://toddmthatcher.com/2014/07/07/box-office-predictions-july-11-13/,2014-07-07,"6. Earth to Echo
Predicted Gross: $5.2 million (representing a drop of 39%)",normalized_exact,
matched_or_provisional,617,weekly_ranked_predictions,provisional,Earth to Echo,2014-07-04,2014-07-06,8000000,2,1,485,Box Office Predictions: July 4-6,https://toddmthatcher.com/2014/06/30/box-office-predictions-july-4-6/,2014-06-30,"5. Earth to Echo
Predicted Gross: $8 million ($12.3 million prediction from Wednesday to Sunday)",toddmthatcher_source_id,
matched_or_provisional,612,single_movie_prediction,provisional,Earth to Echo,2014-07-04,2014-07-06,8000000,2,1,481,Earth to Echo Box Office Prediction,https://toddmthatcher.com/2014/06/29/earth-to-echo-box-office-prediction/,2014-06-29,"Earth to Echo opening weekend prediction: $8 million (Friday-to-Sunday), $12.3 million (Wednesday-to-Sunday)",provisional_toddmthatcher_identity,Created provisional movie
matched_or_provisional,363,single_movie_prediction,matched,Oldboy,,,2400000,2,2,269,Oldboy Box Office Prediction,https://toddmthatcher.com/2013/11/24/oldboy-box-office-prediction/,2013-11-24,"Oldboy opening weekend prediction: $2.4 million (Friday-to-Sunday), $3.5 million (Wednesday-to-Sunday)",normalized_exact,
matched_or_provisional,66,weekly_ranked_predictions,matched,Les Miserables,2013-01-25,2013-01-27,6300000,0,0,23,Box Office Predictions: January 25-27,https://toddmthatcher.com/2013/01/23/box-office-predictions-january-25-27/,2013-01-24,"5. Les Miserables
Predicted Gross: $6.3 million (representing a drop of 30%)",normalized_exact,
matched_or_provisional,52,weekly_ranked_predictions,matched,Les Miserables,2013-01-11,2013-01-13,9500000,0,0,19,Box Office Predictions: January 11-13,https://toddmthatcher.com/2013/01/09/box-office-predictions-january-11-13/,2013-01-09,"5. Les Miserables
Predicted Gross: $9.5 million (representing a drop of 41%)",normalized_exact,
matched_or_provisional,43,weekly_ranked_predictions,matched,Les Miserables,2013-01-04,2013-01-06,18800000,0,0,17,Box Office Predictions: January 4-6,https://toddmthatcher.com/2013/01/02/box-office-predictions-january-4-6/,2013-01-03,"3. Les Miserables
Predicted Gross: $18.8 million (representing a drop of 35%)",normalized_exact,
matched_or_provisional,35,weekly_ranked_predictions,matched,Les Miserables,2012-12-25,2012-12-30,29400000,0,0,15,Box Office Predictions: December 25-30,https://toddmthatcher.com/2012/12/24/box-office-predictions-december-25-30/,2012-12-24,"1. Les Miserables
Predicted Gross: $29.4 million (6 day gross: $47.1M)",normalized_exact,
missing_weekend_target_date,1189,weekly_ranked_predictions,ambiguous,Creed,,,19600000,4,1,1005,Thanksgiving 2015 Box Office Predictions,https://toddmthatcher.com/2015/11/23/thanksgiving-2015-box-office-predictions/,2015-11-23,"3. Creed
Predicted Gross: $19.6 million (Friday to Sunday), $27.4 million (Wednesday to Sunday)",normalized_exact,Multiple movies share the title
missing_weekend_target_date,1188,weekly_ranked_predictions,ambiguous,The Hunger Games: Mockingjay – Part 2,,,48400000,4,1,1005,Thanksgiving 2015 Box Office Predictions,https://toddmthatcher.com/2015/11/23/thanksgiving-2015-box-office-predictions/,2015-11-23,"2. The Hunger Games: Mockingjay – Part 2
Predicted Gross: $48.4 million (Friday to Sunday), $75.5 million (Wednesday to Sunday)",normalized_exact,Multiple movies share the title
missing_weekend_target_date,1191,weekly_ranked_predictions,unmatched,The Peanuts Movie,,,11100000,1,1,1005,Thanksgiving 2015 Box Office Predictions,https://toddmthatcher.com/2015/11/23/thanksgiving-2015-box-office-predictions/,2015-11-23,"5. The Peanuts Movie
Predicted Gross: $11.1 million (Friday to Sunday), $15.3 million (Wednesday to Sunday)",normalized_exact,No movie title matched
missing_weekend_target_date,1192,weekly_ranked_predictions,unmatched,Victor Frankenstein,,,10800000,1,1,1005,Thanksgiving 2015 Box Office Predictions,https://toddmthatcher.com/2015/11/23/thanksgiving-2015-box-office-predictions/,2015-11-23,"6. Victor Frankenstein
Predicted Gross: $10.8 million (Friday to Sunday), $14.8 million (Wednesday to Sunday)",normalized_exact,No movie title matched
missing_weekend_target_date,409,weekly_ranked_predictions,unmatched,47 Ronin,,,11400000,1,1,307,Box Office Predictions: Christmas Weekend 2013,https://toddmthatcher.com/2013/12/23/box-office-predictions-christmas-weekend-2013/,2013-12-23,"8. 47 Ronin
Predicted Gross: $11.4 million ($17.8 million predicted for five-day opening)",normalized_exact,No movie title matched
missing_weekend_target_date,406,weekly_ranked_predictions,unmatched,American Hustle,,,14900000,1,1,307,Box Office Predictions: Christmas Weekend 2013,https://toddmthatcher.com/2013/12/23/box-office-predictions-christmas-weekend-2013/,2013-12-23,"5. American Hustle
Predicted Gross: $14.9 million (representing a drop of 22%)",normalized_exact,No movie title matched
missing_weekend_target_date,405,weekly_ranked_predictions,unmatched,Anchorman: The Legend Continues,,,19600000,0,0,307,Box Office Predictions: Christmas Weekend 2013,https://toddmthatcher.com/2013/12/23/box-office-predictions-christmas-weekend-2013/,2013-12-23,"4. Anchorman: The Legend Continues
Predicted Gross: $19.6 million (representing a drop of 26%)",normalized_exact,No movie title matched
missing_weekend_target_date,404,weekly_ranked_predictions,unmatched,Frozen,,,22100000,2,2,307,Box Office Predictions: Christmas Weekend 2013,https://toddmthatcher.com/2013/12/23/box-office-predictions-christmas-weekend-2013/,2013-12-23,"3. Frozen
Predicted Gross: $22.1 million (representing an increase of 13%)",normalized_exact,No movie title matched
missing_weekend_target_date,407,weekly_ranked_predictions,unmatched,Grudge Match,,,13900000,1,1,307,Box Office Predictions: Christmas Weekend 2013,https://toddmthatcher.com/2013/12/23/box-office-predictions-christmas-weekend-2013/,2013-12-23,"6. Grudge Match
Predicted Gross: $13.9 million ($24.5 million predicted for five-day opening)",normalized_exact,No movie title matched
missing_weekend_target_date,410,weekly_ranked_predictions,unmatched,Saving Mr. Banks,,,10600000,1,1,307,Box Office Predictions: Christmas Weekend 2013,https://toddmthatcher.com/2013/12/23/box-office-predictions-christmas-weekend-2013/,2013-12-23,"9. Saving Mr. Banks
Predicted Gross: $10.6 million (representing an increase of 15%)",normalized_exact,No movie title matched
missing_weekend_target_date,402,weekly_ranked_predictions,unmatched,The Hobbit: The Desolation of Smaug,,,25700000,1,1,307,Box Office Predictions: Christmas Weekend 2013,https://toddmthatcher.com/2013/12/23/box-office-predictions-christmas-weekend-2013/,2013-12-23,"1. The Hobbit: The Desolation of Smaug
Predicted Gross: $25.7 million (representing a drop of 18%)",normalized_exact,No movie title matched
missing_weekend_target_date,411,weekly_ranked_predictions,unmatched,The Hunger Games: Catching Fire,,,7700000,1,1,307,Box Office Predictions: Christmas Weekend 2013,https://toddmthatcher.com/2013/12/23/box-office-predictions-christmas-weekend-2013/,2013-12-23,"10. The Hunger Games: Catching Fire
Predicted Gross: $7.7 million (representing a drop of 12%)",normalized_exact,No movie title matched
missing_weekend_target_date,408,weekly_ranked_predictions,unmatched,The Secret Life of Walter Mitty,,,11700000,1,1,307,Box Office Predictions: Christmas Weekend 2013,https://toddmthatcher.com/2013/12/23/box-office-predictions-christmas-weekend-2013/,2013-12-23,"7. The Secret Life of Walter Mitty
Predicted Gross: $11.7 million ($19.3 million predicted for five-day opening)",normalized_exact,No movie title matched
missing_weekend_target_date,403,weekly_ranked_predictions,unmatched,The Wolf of Wall Street,,,25400000,1,1,307,Box Office Predictions: Christmas Weekend 2013,https://toddmthatcher.com/2013/12/23/box-office-predictions-christmas-weekend-2013/,2013-12-23,"2. The Wolf of Wall Street
Predicted Gross: $25.4 million ($44.2 million predicted for five-day opening)",normalized_exact,No movie title matched
missing_weekend_target_date,368,weekly_ranked_predictions,unmatched,Black Nativity,,,19300000,1,1,275,Box Office Predictions: Thanksgiving 2013,https://toddmthatcher.com/2013/11/25/box-office-predictions-thanksgiving-2013/,2013-11-25,"3. Black Nativity
Predicted Gross: $19.3 million ($26.8 million for five-day opening)",normalized_exact,No movie title matched
missing_weekend_target_date,373,weekly_ranked_predictions,unmatched,Delivery Man,,,5500000,1,1,275,Box Office Predictions: Thanksgiving 2013,https://toddmthatcher.com/2013/11/25/box-office-predictions-thanksgiving-2013/,2013-11-25,"8. Delivery Man
Predicted Gross: $5.5 million (representing a drop of 30%)",normalized_exact,No movie title matched
missing_weekend_target_date,374,weekly_ranked_predictions,unmatched,Free Birds,,,4700000,1,1,275,Box Office Predictions: Thanksgiving 2013,https://toddmthatcher.com/2013/11/25/box-office-predictions-thanksgiving-2013/,2013-11-25,"9. Free Birds
Predicted Gross: $4.7 million (representing a drop of 12%)",normalized_exact,No movie title matched
missing_weekend_target_date,367,weekly_ranked_predictions,unmatched,Frozen,,,48300000,2,2,275,Box Office Predictions: Thanksgiving 2013,https://toddmthatcher.com/2013/11/25/box-office-predictions-thanksgiving-2013/,2013-11-25,"2. Frozen
Predicted Gross: $48.3 million ($69.1 million for five-day opening)",normalized_exact,No movie title matched
missing_weekend_target_date,370,weekly_ranked_predictions,unmatched,Homefront,,,8700000,1,1,275,Box Office Predictions: Thanksgiving 2013,https://toddmthatcher.com/2013/11/25/box-office-predictions-thanksgiving-2013/,2013-11-25,"5. Homefront
Predicted Gross: $8.7 million ($12.8 million for five-day opening)",normalized_exact,No movie title matched
missing_weekend_target_date,375,weekly_ranked_predictions,unmatched,Philomena,,,3900000,1,1,275,Box Office Predictions: Thanksgiving 2013,https://toddmthatcher.com/2013/11/25/box-office-predictions-thanksgiving-2013/,2013-11-25,"10. Philomena
Predicted Gross: $3.9 million ($5.1 million for five-day opening)",normalized_exact,No movie title matched
missing_weekend_target_date,371,weekly_ranked_predictions,unmatched,The Best Man Holiday,,,7100000,1,1,275,Box Office Predictions: Thanksgiving 2013,https://toddmthatcher.com/2013/11/25/box-office-predictions-thanksgiving-2013/,2013-11-25,"6. The Best Man Holiday
Predicted Gross: $7.1 million (representing a drop of 42%)",normalized_exact,No movie title matched
missing_weekend_target_date,372,weekly_ranked_predictions,unmatched,The Book Thief,,,5600000,1,1,275,Box Office Predictions: Thanksgiving 2013,https://toddmthatcher.com/2013/11/25/box-office-predictions-thanksgiving-2013/,2013-11-25,"7. The Book Thief
Predicted Gross: $5.6 million ($7.2 million for five-day opening)",normalized_exact,No movie title matched
missing_weekend_target_date,366,weekly_ranked_predictions,unmatched,The Hunger Games: Catching Fire,,,56800000,1,1,275,Box Office Predictions: Thanksgiving 2013,https://toddmthatcher.com/2013/11/25/box-office-predictions-thanksgiving-2013/,2013-11-25,"1. The Hunger Games: Catching Fire
Predicted Gross: $56.8 million (representing a drop of 64%)",normalized_exact,No movie title matched
missing_weekend_target_date,369,weekly_ranked_predictions,unmatched,Thor: The Dark World,,,9500000,1,1,275,Box Office Predictions: Thanksgiving 2013,https://toddmthatcher.com/2013/11/25/box-office-predictions-thanksgiving-2013/,2013-11-25,"4. Thor: The Dark World
Predicted Gross: $9.5 million (representing a drop of 32%)",normalized_exact,No movie title matched
missing_weekend_target_date,203,weekly_ranked_predictions,unmatched,Despicable Me 2,,,61300000,1,1,125,Box Office Predictions: Fourth of July Weekend,https://toddmthatcher.com/2013/07/03/box-office-predictions-fourth-of-july-weekend/,2013-07-03,"1. Despicable Me 2
Predicted Gross: $61.3 million (projected five-day opening: $104.8 million)",normalized_exact,No movie title matched
missing_weekend_target_date,205,weekly_ranked_predictions,unmatched,Monsters University,,,25000000,1,1,125,Box Office Predictions: Fourth of July Weekend,https://toddmthatcher.com/2013/07/03/box-office-predictions-fourth-of-july-weekend/,2013-07-03,"3. Monsters University
Predicted Gross: $25 million (representing a drop of 45%)",normalized_exact,No movie title matched
missing_weekend_target_date,206,weekly_ranked_predictions,unmatched,The Heat,,,23700000,1,1,125,Box Office Predictions: Fourth of July Weekend,https://toddmthatcher.com/2013/07/03/box-office-predictions-fourth-of-july-weekend/,2013-07-03,"4. The Heat
Predicted Gross: $23.7 million (representing a drop of 39%)",normalized_exact,No movie title matched
missing_weekend_target_date,204,weekly_ranked_predictions,unmatched,The Lone Ranger,,,37800000,1,1,125,Box Office Predictions: Fourth of July Weekend,https://toddmthatcher.com/2013/07/03/box-office-predictions-fourth-of-july-weekend/,2013-07-03,"2. The Lone Ranger
Predicted Gross: $37.8 million (projected five-day opening: $63.9 million)",normalized_exact,No movie title matched
missing_weekend_target_date,207,weekly_ranked_predictions,unmatched,World War Z,,,15000000,1,1,125,Box Office Predictions: Fourth of July Weekend,https://toddmthatcher.com/2013/07/03/box-office-predictions-fourth-of-july-weekend/,2013-07-03,"5. World War Z
Predicted Gross: $15 million (representing a drop of 49%)",normalized_exact,No movie title matched
missing_weekend_target_date,166,weekly_ranked_predictions,unmatched,Epic,,,45500000,1,1,83,Box Office Predictions: Memorial Day Weekend 2013,https://toddmthatcher.com/2013/05/22/box-office-predictions-memorial-day-weekend-2013/,2013-05-22,"3. Epic
Predicted Gross: $45.5 million",normalized_exact,No movie title matched
missing_weekend_target_date,164,weekly_ranked_predictions,unmatched,Fast&Furious 6,,,106800000,1,1,83,Box Office Predictions: Memorial Day Weekend 2013,https://toddmthatcher.com/2013/05/22/box-office-predictions-memorial-day-weekend-2013/,2013-05-22,"1. Fast&Furious 6
Predicted Gross: $106.8 million",normalized_exact,No movie title matched
missing_weekend_target_date,168,weekly_ranked_predictions,unmatched,Iron Man 3,,,21700000,1,1,83,Box Office Predictions: Memorial Day Weekend 2013,https://toddmthatcher.com/2013/05/22/box-office-predictions-memorial-day-weekend-2013/,2013-05-22,"5. Iron Man 3
Predicted Gross: $21.7 million",normalized_exact,No movie title matched
missing_weekend_target_date,167,weekly_ranked_predictions,unmatched,Star Trek Into Darkness,,,41000000,1,1,83,Box Office Predictions: Memorial Day Weekend 2013,https://toddmthatcher.com/2013/05/22/box-office-predictions-memorial-day-weekend-2013/,2013-05-22,"4. Star Trek Into Darkness
Predicted Gross: $41 million",normalized_exact,No movie title matched
missing_weekend_target_date,165,weekly_ranked_predictions,unmatched,The Hangover Part III,,,60300000,0,0,83,Box Office Predictions: Memorial Day Weekend 2013,https://toddmthatcher.com/2013/05/22/box-office-predictions-memorial-day-weekend-2013/,2013-05-22,"2. The Hangover Part III
Predicted Gross: $60.3 million ($77.4 million projected five-day opening)",normalized_exact,No movie title matched
missing_weekend_target_date,9,weekly_ranked_predictions,unmatched,Life of Pi,,,24400000,1,1,5,Box Office Predictions: Thanksgiving Weekend,https://toddmthatcher.com/2012/11/20/box-office-predictions-thanksgiving-weekend/,2012-11-20,"5. Life of Pi
Predicted Gross: $24.4 million",normalized_exact,No movie title matched
missing_weekend_target_date,8,weekly_ranked_predictions,unmatched,Lincoln,,,31200000,1,1,5,Box Office Predictions: Thanksgiving Weekend,https://toddmthatcher.com/2012/11/20/box-office-predictions-thanksgiving-weekend/,2012-11-20,"4. Lincoln
Predicted Gross: $31.2 million",normalized_exact,No movie title matched
missing_weekend_target_date,11,weekly_ranked_predictions,unmatched,Red Dawn,,,14000000,1,1,5,Box Office Predictions: Thanksgiving Weekend,https://toddmthatcher.com/2012/11/20/box-office-predictions-thanksgiving-weekend/,2012-11-20,"7. Red Dawn
Predicted Gross: $14 million",normalized_exact,No movie title matched
missing_weekend_target_date,6,weekly_ranked_predictions,unmatched,Rise of the Guardians,,,53800000,1,1,5,Box Office Predictions: Thanksgiving Weekend,https://toddmthatcher.com/2012/11/20/box-office-predictions-thanksgiving-weekend/,2012-11-20,"2. Rise of the Guardians
Predicted Gross: $53.8 million",normalized_exact,No movie title matched
missing_weekend_target_date,7,weekly_ranked_predictions,unmatched,Skyfall,,,33500000,1,1,5,Box Office Predictions: Thanksgiving Weekend,https://toddmthatcher.com/2012/11/20/box-office-predictions-thanksgiving-weekend/,2012-11-20,"3. Skyfall
Predicted Gross: $33.5 million",normalized_exact,No movie title matched
missing_weekend_target_date,5,weekly_ranked_predictions,unmatched,"The Twilight Saga, Breaking Dawn Part 2",,,61400000,1,1,5,Box Office Predictions: Thanksgiving Weekend,https://toddmthatcher.com/2012/11/20/box-office-predictions-thanksgiving-weekend/,2012-11-20,"1. The Twilight Saga, Breaking Dawn Part 2
Predicted Gross: $61.4 million",normalized_exact,No movie title matched
missing_weekend_target_date,10,weekly_ranked_predictions,unmatched,Wreck-It-Ralph,,,18500000,1,1,5,Box Office Predictions: Thanksgiving Weekend,https://toddmthatcher.com/2012/11/20/box-office-predictions-thanksgiving-weekend/,2012-11-20,"6. Wreck-It-Ralph
Predicted Gross: $18.5 million",normalized_exact,No movie title matched
no_title_candidate_or_alias_mismatch,2051,weekly_ranked_predictions,ambiguous,Daddy’s Home 2,2017-12-01,2017-12-03,7100000,0,0,1775,Box Office Predictions: December 1-3,https://toddmthatcher.com/2017/11/27/box-office-predictions-december-1-3/,2017-11-27,"5. Daddy’s Home 2
Predicted Gross: $7.1 million (representing a drop of 46%)",normalized_exact,Multiple movies share the title
no_title_candidate_or_alias_mismatch,2044,weekly_ranked_predictions,ambiguous,Daddy’s Home 2,2017-11-24,2017-11-26,11900000,0,0,1773,Box Office Predictions: November 24-26,https://toddmthatcher.com/2017/11/20/box-office-predictions-november-24-26/,2017-11-20,"5. Daddy’s Home 2
Predicted Gross: $11.9 million (representing a drop of 18%)",normalized_exact,Multiple movies share the title
no_title_candidate_or_alias_mismatch,2034,weekly_ranked_predictions,ambiguous,Daddy’s Home 2,2017-11-17,2017-11-19,15900000,0,0,1767,Box Office Predictions: November 17-19,https://toddmthatcher.com/2017/11/13/box-office-predictions-november-17-19/,2017-11-13,"3. Daddy’s Home 2
Predicted Gross: $15.9 million (representing a drop of 46%)",normalized_exact,Multiple movies share the title
no_title_candidate_or_alias_mismatch,2026,weekly_ranked_predictions,ambiguous,Daddy’s Home 2,2017-11-10,2017-11-12,21800000,0,0,1759,Box Office Predictions: November 10-12,https://toddmthatcher.com/2017/11/06/box-office-predictions-november-10-12/,2017-11-06,"3. Daddy’s Home 2
Predicted Gross: $21.8 million",normalized_exact,Multiple movies share the title
no_title_candidate_or_alias_mismatch,1961,weekly_ranked_predictions,ambiguous,mother!,2017-09-15,2017-09-17,14700000,0,0,1699,Box Office Predictions: September 15-17,https://toddmthatcher.com/2017/09/11/box-office-predictions-september-15-17/,2017-09-11,"2. mother!
Predicted Gross: $14.7 million",normalized_exact,Multiple movies share the title
no_title_candidate_or_alias_mismatch,1964,weekly_ranked_predictions,ambiguous,The Hitman’s Bodyguard,2017-09-15,2017-09-17,2600000,0,0,1699,Box Office Predictions: September 15-17,https://toddmthatcher.com/2017/09/11/box-office-predictions-september-15-17/,2017-09-11,"5. The Hitman’s Bodyguard
Predicted Gross: $2.6 million (representing a drop of 46%)",normalized_exact,Multiple movies share the title
no_title_candidate_or_alias_mismatch,1955,weekly_ranked_predictions,ambiguous,The Hitman’s Bodyguard,2017-09-08,2017-09-10,5400000,0,0,1693,Box Office Predictions: September 8-10,https://toddmthatcher.com/2017/09/05/box-office-predictions-september-8-10/,2017-09-05,"3. The Hitman’s Bodyguard
Predicted Gross: $5.4 million (representing a drop of 48%)",normalized_exact,Multiple movies share the title
no_title_candidate_or_alias_mismatch,1947,weekly_ranked_predictions,ambiguous,Leap!,2017-09-01,2017-09-04,5400000,0,0,1685,Box Office Predictions: September 1-4,https://toddmthatcher.com/2017/08/28/box-office-predictions-september-1-4/,2017-08-28,"3. Leap!
Predicted Gross: $5.4 million (representing an increase of 15%)",normalized_exact,Multiple movies share the title
no_title_candidate_or_alias_mismatch,1945,weekly_ranked_predictions,ambiguous,The Hitman’s Bodyguard,2017-09-01,2017-09-04,8900000,0,0,1685,Box Office Predictions: September 1-4,https://toddmthatcher.com/2017/08/28/box-office-predictions-september-1-4/,2017-08-28,"1. The Hitman’s Bodyguard
Predicted Gross: $8.9 million (representing a drop of 13%)",normalized_exact,Multiple movies share the title
no_title_candidate_or_alias_mismatch,1942,weekly_ranked_predictions,ambiguous,Leap!,2017-08-25,2017-08-27,4100000,0,0,1681,Box Office Predictions: August 25-27,https://toddmthatcher.com/2017/08/21/box-office-predictions-august-25-27/,2017-08-21,"4. Leap!
Predicted Gross: $4.1 million",normalized_exact,Multiple movies share the title
no_title_candidate_or_alias_mismatch,1939,weekly_ranked_predictions,ambiguous,The Hitman’s Bodyguard,2017-08-25,2017-08-27,10500000,0,0,1681,Box Office Predictions: August 25-27,https://toddmthatcher.com/2017/08/21/box-office-predictions-august-25-27/,2017-08-21,"1. The Hitman’s Bodyguard
Predicted Gross: $10.5 million (representing a drop of 51%)",normalized_exact,Multiple movies share the title
no_title_candidate_or_alias_mismatch,1930,weekly_ranked_predictions,ambiguous,The Hitman’s Bodyguard,2017-08-18,2017-08-20,16700000,0,0,1671,Box Office Predictions: August 18-20,https://toddmthatcher.com/2017/08/14/box-office-predictions-august-18-20/,2017-08-14,"1. The Hitman’s Bodyguard
Predicted Gross: $16.7 million",normalized_exact,Multiple movies share the title
no_title_candidate_or_alias_mismatch,1706,weekly_ranked_predictions,ambiguous,A Dog’s Purpose,2017-02-03,2017-02-05,12500000,0,0,1473,Box Office Predictions: February 3-5,https://toddmthatcher.com/2017/01/30/box-office-predictions-february-3-5/,2017-01-30,"3. A Dog’s Purpose
Predicted Gross: $12.5 million (representing a drop of 31%)",normalized_exact,Multiple movies share the title
no_title_candidate_or_alias_mismatch,1667,weekly_ranked_predictions,ambiguous,Assassin’s Creed,2017-01-06,2017-01-08,4200000,0,0,1435,Box Office Predictions: January 6-8,https://toddmthatcher.com/2017/01/03/box-office-predictions-january-6-8/,2017-01-04,"10. Assassin’s Creed
Predicted Gross: $4.2 million",normalized_exact,Multiple movies share the title
no_title_candidate_or_alias_mismatch,1666,weekly_ranked_predictions,ambiguous,Why Him?,2017-01-06,2017-01-08,6000000,0,0,1435,Box Office Predictions: January 6-8,https://toddmthatcher.com/2017/01/03/box-office-predictions-january-6-8/,2017-01-04,"9. Why Him?
Predicted Gross: $6 million",normalized_exact,Multiple movies share the title
no_title_candidate_or_alias_mismatch,1650,weekly_ranked_predictions,ambiguous,Assassin’s Creed,2016-12-30,2017-01-02,12200000,0,0,1427,Box Office Predictions: December 30-January 2,https://toddmthatcher.com/2016/12/27/box-office-predictions-december-30-january-2/,2016-12-28,"6. Assassin’s Creed
Predicted Gross: $12.2 million",normalized_exact,Multiple movies share the title
no_title_candidate_or_alias_mismatch,1648,weekly_ranked_predictions,ambiguous,Why Him?,2016-12-30,2017-01-02,16100000,0,0,1427,Box Office Predictions: December 30-January 2,https://toddmthatcher.com/2016/12/27/box-office-predictions-december-30-january-2/,2016-12-28,"4. Why Him?
Predicted Gross: $16.1 million",normalized_exact,Multiple movies share the title
no_title_candidate_or_alias_mismatch,1638,weekly_ranked_predictions,ambiguous,Assassin’s Creed,2016-12-23,2016-12-26,19800000,0,0,1425,Box Office Predictions: December 23-26,https://toddmthatcher.com/2016/12/19/box-office-predictions-december-23-26/,2016-12-19,"4. Assassin’s Creed
Predicted Gross: $19.8 million (Friday to Monday), $28.1 million (Wednesday to Monday)",normalized_exact,Multiple movies share the title
no_title_candidate_or_alias_mismatch,1639,weekly_ranked_predictions,ambiguous,Why Him?,2016-12-23,2016-12-26,13200000,0,0,1425,Box Office Predictions: December 23-26,https://toddmthatcher.com/2016/12/19/box-office-predictions-december-23-26/,2016-12-19,"5. Why Him?
Predicted Gross: $13.2 million",normalized_exact,Multiple movies share the title
no_title_candidate_or_alias_mismatch,1549,weekly_ranked_predictions,ambiguous,Kevin Hart: What Now?,2016-10-14,2016-10-16,13500000,0,0,1347,Box Office Predictions: October 14-16,https://toddmthatcher.com/2016/10/10/box-office-predictions-october-14-16/,2016-10-10,"2. Kevin Hart: What Now?
Predicted Gross: $13.5 million",normalized_exact,Multiple movies share the title
no_title_candidate_or_alias_mismatch,1551,weekly_ranked_predictions,ambiguous,Miss Peregrine’s Home for Peculiar Children,2016-10-14,2016-10-16,8200000,0,0,1347,Box Office Predictions: October 14-16,https://toddmthatcher.com/2016/10/10/box-office-predictions-october-14-16/,2016-10-10,"4. Miss Peregrine’s Home for Peculiar Children
Predicted Gross: $8.2 million (representing a drop of 46%)",normalized_exact,Multiple movies share the title
no_title_candidate_or_alias_mismatch,1539,weekly_ranked_predictions,ambiguous,Miss Peregrine’s Home for Peculiar Children,2016-10-07,2016-10-09,14300000,0,0,1339,Box Office Predictions: October 7-9,https://toddmthatcher.com/2016/10/03/box-office-predictions-october-7-9/,2016-10-03,"2. Miss Peregrine’s Home for Peculiar Children
Predicted Gross: $14.3 million (representing a drop of 50%)",normalized_exact,Multiple movies share the title
no_title_candidate_or_alias_mismatch,1529,weekly_ranked_predictions,unmatched,Miss Peregrine’s Home for the Peculiar Children,2016-09-30,2016-10-02,19600000,0,0,1331,Box Office Predictions: September 30-October 2,https://toddmthatcher.com/2016/09/26/box-office-predictions-september-30-october-2/,2016-09-26,"2. Miss Peregrine’s Home for the Peculiar Children
Predicted Gross: $19.6 million",normalized_exact,No movie title matched
no_title_candidate_or_alias_mismatch,1521,weekly_ranked_predictions,ambiguous,Bridget Jones’s Baby,2016-09-23,2016-09-25,5100000,0,0,1321,Box Office Predictions: September 23-25,https://toddmthatcher.com/2016/09/19/box-office-predictions-september-23-25/,2016-09-19,"4. Bridget Jones’s Baby
Predicted Gross: $5.1 million (representing a drop of 40%)",normalized_exact,Multiple movies share the title
no_title_candidate_or_alias_mismatch,1512,weekly_ranked_predictions,ambiguous,Bridget Jones’s Baby,2016-09-16,2016-09-18,12300000,0,0,1313,Box Office Predictions: September 16-18,https://toddmthatcher.com/2016/09/12/box-office-predictions-september-16-18/,2016-09-12,"3. Bridget Jones’s Baby
Predicted Gross: $12.3 million",normalized_exact,Multiple movies share the title
no_title_candidate_or_alias_mismatch,1504,weekly_ranked_predictions,ambiguous,Don’t Breathe,2016-09-09,2016-09-11,7500000,0,0,1305,Box Office Predictions: September 9-11,https://toddmthatcher.com/2016/09/06/box-office-predictions-september-9-11/,2016-09-06,"3. Don’t Breathe
Predicted Gross: $7.5 million (representing a drop of 52%)",normalized_exact,Multiple movies share the title
no_title_candidate_or_alias_mismatch,1483,weekly_ranked_predictions,ambiguous,Don’t Breathe,2016-09-02,2016-09-05,13000000,0,0,1293,Box Office Predictions: September 2-5,https://toddmthatcher.com/2016/08/29/box-office-predictions-september-2-5/,2016-08-29,"1. Don’t Breathe
Predicted Gross: $13 million (Friday to Sunday), $16.7 million (Friday to Monday)",normalized_exact,Multiple movies share the title
no_title_candidate_or_alias_mismatch,1488,weekly_ranked_predictions,ambiguous,Don’t Breathe,2016-08-26,2016-08-28,12400000,0,0,1295,Box Office Predictions: August 26-28,https://toddmthatcher.com/2016/08/22/box-office-predictions-august-26-28/,2016-08-22,"1. Don’t Breathe
Predicted Gross: $12.4 million",normalized_exact,Multiple movies share the title
no_title_candidate_or_alias_mismatch,1494,weekly_ranked_predictions,ambiguous,Pete’s Dragon,2016-08-26,2016-08-28,6600000,0,0,1295,Box Office Predictions: August 26-28,https://toddmthatcher.com/2016/08/22/box-office-predictions-august-26-28/,2016-08-22,"7. Pete’s Dragon
Predicted Gross: $6.6 million (representing a drop of 42%)",normalized_exact,Multiple movies share the title
no_title_candidate_or_alias_mismatch,1477,weekly_ranked_predictions,ambiguous,Pete’s Dragon,2016-08-19,2016-08-21,12300000,0,0,1281,Box Office Predictions: August 19-21,https://toddmthatcher.com/2016/08/15/box-office-predictions-august-19-21/,2016-08-15,"6. Pete’s Dragon
Predicted Gross: $12.3 million (representing a drop of 43%)",normalized_exact,Multiple movies share the title
no_title_candidate_or_alias_mismatch,1465,weekly_ranked_predictions,ambiguous,Pete’s Dragon,2016-08-12,2016-08-14,29800000,0,0,1273,Box Office Predictions: August 12-14,https://toddmthatcher.com/2016/08/08/box-office-predictions-august-12-14/,2016-08-08,"2. Pete’s Dragon
Predicted Gross: $29.8 million",normalized_exact,Multiple movies share the title
no_title_candidate_or_alias_mismatch,1371,weekly_ranked_predictions,unmatched,Mother’s Day,2016-05-13,2016-05-15,4700000,0,0,1177,Box Office Predictions: May 13-15,https://toddmthatcher.com/2016/05/09/box-office-predictions-may-13-15/,2016-05-09,"5. Mother’s Day
Predicted Gross: $4.7 million (representing a drop of 58%)",normalized_exact,No movie title matched
no_title_candidate_or_alias_mismatch,1362,weekly_ranked_predictions,unmatched,Mother’s Day,2016-05-06,2016-05-08,5100000,0,0,1171,Box Office Predictions: May 6-8,https://toddmthatcher.com/2016/05/02/box-office-predictions-may-6-8/,2016-05-02,"3. Mother’s Day
Predicted Gross: $5.1 million (representing a drop of 39%)",normalized_exact,No movie title matched
no_title_candidate_or_alias_mismatch,1356,weekly_ranked_predictions,unmatched,Mother’s Day,2016-04-29,2016-05-01,14700000,0,0,1167,Box Office Predictions: April 29-May 1,https://toddmthatcher.com/2016/04/25/box-office-predictions-april-29-may-1/,2016-04-25,"3. Mother’s Day
Predicted Gross: $14.7 million",normalized_exact,No movie title matched
no_title_candidate_or_alias_mismatch,1290,weekly_ranked_predictions,unmatched,Zoolander No. 2,2016-02-19,2016-02-21,6100000,0,0,1095,Box Office Predictions: February 19-21,https://toddmthatcher.com/2016/02/16/box-office-predictions-february-19-21/,2016-02-16,"7. Zoolander No. 2
Predicted Gross: $6.1 million (representing a drop of 56%)",normalized_exact,No movie title matched
no_title_candidate_or_alias_mismatch,1278,weekly_ranked_predictions,unmatched,Zoolander No. 2,2016-02-12,2016-02-14,20900000,0,0,1087,Box Office Predictions: February 12-14,https://toddmthatcher.com/2016/02/08/box-office-predictions-february-12-14/,2016-02-08,"2. Zoolander No. 2
Predicted Gross: $20.9 million",normalized_exact,No movie title matched
no_title_candidate_or_alias_mismatch,1080,weekly_ranked_predictions,unmatched,The Man from U.N.C.L.E.,2015-08-21,2015-08-23,7100000,0,0,889,Box Office Predictions: August 21-23,https://toddmthatcher.com/2015/08/17/box-office-predictions-august-21-23/,2015-08-17,"5. The Man from U.N.C.L.E.
Predicted Gross: $7.1 million (representing a drop of 47%)",normalized_exact,No movie title matched
no_title_candidate_or_alias_mismatch,1070,weekly_ranked_predictions,unmatched,The Man from U.N.C.L.E.,2015-08-14,2015-08-16,18600000,0,0,881,Box Office Predictions: August 14-16,https://toddmthatcher.com/2015/08/10/box-office-predictions-august-14-16/,2015-08-10,"2. The Man from U.N.C.L.E.
Predicted Gross: $18.6 million",normalized_exact,No movie title matched
no_title_candidate_or_alias_mismatch,1067,weekly_ranked_predictions,unmatched,Shaun the Sheep Movie,2015-08-07,2015-08-09,8200000,0,0,875,Box Office Predictions: August 7-9,https://toddmthatcher.com/2015/08/03/box-office-predictions-august-7-9/,2015-08-03,"5. Shaun the Sheep Movie
Predicted Gross: $8.2 million",normalized_exact,No movie title matched
no_title_candidate_or_alias_mismatch,1016,weekly_ranked_predictions,unmatched,Spy,2015-06-26,2015-06-28,7600000,0,0,831,Box Office Predictions: June 26-28,https://toddmthatcher.com/2015/06/22/box-office-predictions-june-26-28/,2015-06-22,"5. Spy
Predicted Gross: $7.6 million (representing a drop of 32%)",normalized_exact,No movie title matched
no_title_candidate_or_alias_mismatch,1007,weekly_ranked_predictions,unmatched,Spy,2015-06-19,2015-06-21,9100000,0,0,825,Box Office Predictions: June 19-21,https://toddmthatcher.com/2015/06/15/box-office-predictions-june-19-21/,2015-06-15,"3. Spy
Predicted Gross: $9.1 million (representing a drop of 42%",normalized_exact,No movie title matched
no_title_candidate_or_alias_mismatch,1000,weekly_ranked_predictions,unmatched,Spy,2015-06-12,2015-06-14,19700000,0,0,821,Box Office Predictions: June 12-14,https://toddmthatcher.com/2015/06/08/box-office-predictions-june-12-14/,2015-06-08,"2. Spy
Predicted Gross: $19.7 million (representing a drop of 32%)",normalized_exact,No movie title matched
no_title_candidate_or_alias_mismatch,993,weekly_ranked_predictions,unmatched,Spy,2015-06-05,2015-06-07,42100000,0,0,817,Box Office Predictions: June 5-7,https://toddmthatcher.com/2015/06/01/box-office-predictions-june-5-7/,2015-06-01,"1. Spy
Predicted Gross: $42.1 million",normalized_exact,No movie title matched
no_title_candidate_or_alias_mismatch,933,weekly_ranked_predictions,unmatched,Insurgent,2015-04-03,2015-04-05,10900000,0,0,763,Box Office Predictions: April 3-5,https://toddmthatcher.com/2015/03/30/box-office-predictions-april-3-5/,2015-03-30,"4. Insurgent
Predicted Gross: $10.9 million (representing a drop of 49%)",normalized_exact,No movie title matched
no_title_candidate_or_alias_mismatch,925,weekly_ranked_predictions,unmatched,Insurgent,2015-03-27,2015-03-29,24000000,0,0,757,Box Office Predictions: March 27-29,https://toddmthatcher.com/2015/03/23/box-office-predictions-march-27-29/,2015-03-23,"3. Insurgent
Predicted Gross: $24 million (representing a drop of 54%)",normalized_exact,No movie title matched
no_title_candidate_or_alias_mismatch,918,weekly_ranked_predictions,unmatched,Do You Believe?,2015-03-20,2015-03-22,12300000,0,0,751,Box Office Predictions: March 20-22,https://toddmthatcher.com/2015/03/16/box-office-predictions-march-20-22/,2015-03-16,"3. Do You Believe?
Predicted Gross: $12.3 millon",normalized_exact,No movie title matched
no_title_candidate_or_alias_mismatch,916,weekly_ranked_predictions,unmatched,Insurgent,2015-03-20,2015-03-22,62100000,0,0,751,Box Office Predictions: March 20-22,https://toddmthatcher.com/2015/03/16/box-office-predictions-march-20-22/,2015-03-16,"1. Insurgent
Predicted Gross: $62.1 million",normalized_exact,No movie title matched
no_title_candidate_or_alias_mismatch,897,weekly_ranked_predictions,unmatched,The SpongeBob SquarePants Movie: Sponge Out of Water,2015-02-27,2015-03-01,9300000,0,0,729,Box Office Predictions: February 27-March 1,https://toddmthatcher.com/2015/02/23/box-office-predictions-february-27-march-1/,2015-02-23,"5. The SpongeBob SquarePants Movie: Sponge Out of Water
Predicted Gross: $9.3 million (representing a drop of 44%)",normalized_exact,No movie title matched
no_title_candidate_or_alias_mismatch,758,weekly_ranked_predictions,unmatched,"Alexander and the Horrible, Terrible, No Good, Very Bad Day",2014-10-31,2014-11-02,4400000,0,0,607,Box Office Predictions: October 31-November 2,https://toddmthatcher.com/2014/10/27/box-office-predictions-october-31-november-2/,2014-10-27,"8. Alexander and the Horrible, Terrible, No Good, Very Bad Day
Predicted Gross: $4.4 million (representing a drop of 38%)",normalized_exact,No movie title matched
no_title_candidate_or_alias_mismatch,759,weekly_ranked_predictions,unmatched,Saw 10th Anniversary,2014-10-31,2014-11-02,4100000,0,0,607,Box Office Predictions: October 31-November 2,https://toddmthatcher.com/2014/10/27/box-office-predictions-october-31-november-2/,2014-10-27,"9. Saw 10th Anniversary
Predicted Gross: $4.1 million",normalized_exact,No movie title matched
no_title_candidate_or_alias_mismatch,697,weekly_ranked_predictions,unmatched,Let’s Be Cops,2014-09-12,2014-09-14,3400000,0,0,551,Box Office Predictions: September 12-14,https://toddmthatcher.com/2014/09/08/box-office-predictions-september-12-14/,2014-09-08,"5. Let’s Be Cops
Predicted Gross: $3.4 million (representing a drop of 37%)",normalized_exact,No movie title matched
no_title_candidate_or_alias_mismatch,689,weekly_ranked_predictions,unmatched,Let’s Be Cops,2014-09-05,2014-09-07,4500000,0,0,545,Box Office Predictions: September 5-7,https://toddmthatcher.com/2014/09/02/box-office-predictions-september-5-7/,2014-09-02,"4. Let’s Be Cops
Predicted Gross: $4.5 million (representing a drop of 45%)",normalized_exact,No movie title matched
no_title_candidate_or_alias_mismatch,682,weekly_ranked_predictions,unmatched,Let’s Be Cops,2014-08-29,2014-09-01,11400000,0,0,541,Box Office Predictions: August 29-September 1,https://toddmthatcher.com/2014/08/25/box-office-predictions-august-29-september-1/,2014-08-25,"5. Let’s Be Cops
Predicted Gross: $11.4 million (representing an increase of 6%)",normalized_exact,No movie title matched
no_title_candidate_or_alias_mismatch,667,weekly_ranked_predictions,unmatched,Let’s Be Cops,2014-08-15,2014-08-17,17700000,0,0,529,Box Office Predictions: August 15-17,https://toddmthatcher.com/2014/08/11/box-office-predictions-august-15-17/,2014-08-11,"4. Let’s Be Cops
Predicted Gross: $17.7 million (opens Wednesday: $23.4 million predicted for five-day debut)",normalized_exact,No movie title matched
no_title_candidate_or_alias_mismatch,559,weekly_ranked_predictions,unmatched,Legends of Oz: Dorothy’s Return,2014-05-09,2014-05-11,5700000,0,0,437,Box Office Predictions: May 9-11,https://toddmthatcher.com/2014/05/05/box-office-predictions-may-9-11/,2014-05-05,"4. Legends of Oz: Dorothy’s Return
Predicted Gross: $5.7 million",normalized_exact,No movie title matched
no_title_candidate_or_alias_mismatch,512,weekly_ranked_predictions,unmatched,God’s Not Dead,2014-03-28,2014-03-30,7900000,0,0,395,Box Office Predictions: March 28-30,https://toddmthatcher.com/2014/03/24/box-office-predictions-march-28-30/,2014-03-25,"6. God’s Not Dead
Predicted Gross: $7.9 million (representing a drop of 16%)",normalized_exact,No movie title matched
no_title_candidate_or_alias_mismatch,496,weekly_ranked_predictions,unmatched,Tyler Perry’s The Single Moms Club,2014-03-14,2014-03-16,17600000,0,0,383,Box Office Predictions: March 14-16,https://toddmthatcher.com/2014/03/10/box-office-predictions-march-14-16/,2014-03-10,"4. Tyler Perry’s The Single Moms Club
Predicted Gross: $17.6 million",normalized_exact,No movie title matched
no_title_candidate_or_alias_mismatch,466,weekly_ranked_predictions,unmatched,Winter’s Tale,2014-02-14,2014-02-17,18400000,0,0,359,Box Office Predictions: February 14-17,https://toddmthatcher.com/2014/02/10/box-office-predictions-february-14-17/,2014-02-11,"4. Winter’s Tale
Predicted Gross: $18.4 million",normalized_exact,No movie title matched
no_title_candidate_or_alias_mismatch,437,weekly_ranked_predictions,unmatched,Devil’s Due,2014-01-17,2014-01-20,17100000,0,0,331,Box Office Predictions: January 17-20,https://toddmthatcher.com/2014/01/13/box-office-predictions-january-17-20/,2014-01-13,"5. Devil’s Due
Predicted Gross: $17.1 million",normalized_exact,No movie title matched
no_title_candidate_or_alias_mismatch,385,weekly_ranked_predictions,unmatched,Tyler Perry’s A Madea Christmas,2013-12-13,2013-12-15,33700000,0,0,285,Box Office Predictions: December 13-15,https://toddmthatcher.com/2013/12/09/box-office-predictions-december-13-15/,2013-12-09,"2. Tyler Perry’s A Madea Christmas
Predicted Gross: $33.7 million",normalized_exact,No movie title matched
no_title_candidate_or_alias_mismatch,379,weekly_ranked_predictions,unmatched,Out of the Furnance,2013-12-06,2013-12-08,9600000,0,0,279,Box Office Predictions: December 6-8,https://toddmthatcher.com/2013/12/02/box-office-predictions-december-6-8/,2013-12-02,"3. Out of the Furnance
Predicted Gross: $9.6 million",normalized_exact,No movie title matched
no_title_candidate_or_alias_mismatch,342,weekly_ranked_predictions,unmatched,Ender’s Game,2013-11-08,2013-11-10,13600000,0,0,251,Box Office Predictions: November 8-10,https://toddmthatcher.com/2013/11/04/box-office-predictions-november-8-10/,2013-11-04,"2. Ender’s Game
Predicted Gross: $13.6 million (representing a drop of 49%)",normalized_exact,No movie title matched
no_title_candidate_or_alias_mismatch,334,weekly_ranked_predictions,unmatched,Ender’s Game,2013-11-01,2013-11-03,32900000,0,0,245,Box Office Predictions: November 1-3,https://toddmthatcher.com/2013/10/28/box-office-predictions-november-1-3/,2013-10-28,"1. Ender’s Game
Predicted Gross: $32.9 million",normalized_exact,No movie title matched
no_title_candidate_or_alias_mismatch,291,weekly_ranked_predictions,unmatched,We’re the Millers,2013-09-20,2013-09-22,3800000,0,0,199,Box Office Predictions: September 20-22,https://toddmthatcher.com/2013/09/16/box-office-predictions-september-20-22/,2013-09-16,"5. We’re the Millers
Predicted Gross: $3.8 million (representing a drop of 31%)",normalized_exact,No movie title matched
no_title_candidate_or_alias_mismatch,283,weekly_ranked_predictions,unmatched,Instructions Not Included,2013-09-13,2013-09-15,5900000,0,0,193,Box Office Predictions: September 13-15,https://toddmthatcher.com/2013/09/09/box-office-predictions-september-13-15/,2013-09-10,"4. Instructions Not Included
Predicted Gross: $5.9 million (representing a drop of 28%)",normalized_exact,No movie title matched
no_title_candidate_or_alias_mismatch,276,weekly_ranked_predictions,unmatched,Instructions Not Included,2013-09-06,2013-09-08,5600000,0,0,185,Box Office Predictions: September 6-8,https://toddmthatcher.com/2013/09/03/box-office-predictions-september-6-8/,2013-09-03,"5. Instructions Not Included
Predicted Gross: $5.6 million (representing a drop of 26%)",normalized_exact,No movie title matched
no_title_candidate_or_alias_mismatch,274,weekly_ranked_predictions,unmatched,We’re the Millers,2013-09-06,2013-09-08,7800000,0,0,185,Box Office Predictions: September 6-8,https://toddmthatcher.com/2013/09/03/box-office-predictions-september-6-8/,2013-09-03,"3. We’re the Millers
Predicted Gross: $7.8 million (representing a drop of 39%)",normalized_exact,No movie title matched
no_title_candidate_or_alias_mismatch,271,weekly_ranked_predictions,unmatched,Planes,2013-08-30,2013-09-02,9000000,0,0,183,Labor Day Weekend Box Office Predictions: August 30-September 2,https://toddmthatcher.com/2013/08/26/labor-day-weekend-box-office-predictions-august-30-september-2/,2013-08-26,"5. Planes
Predicted Gross: $9 million (representing an increase of 7%)",normalized_exact,No movie title matched
no_title_candidate_or_alias_mismatch,268,weekly_ranked_predictions,unmatched,We’re the Millers,2013-08-30,2013-09-02,15100000,0,0,183,Labor Day Weekend Box Office Predictions: August 30-September 2,https://toddmthatcher.com/2013/08/26/labor-day-weekend-box-office-predictions-august-30-september-2/,2013-08-26,"2. We’re the Millers
Predicted Gross: $15.1 million (representing an increase of 15%)",normalized_exact,No movie title matched
no_title_candidate_or_alias_mismatch,262,weekly_ranked_predictions,unmatched,The World’s End,2013-08-23,2013-08-25,12400000,0,0,175,Box Office Predictions: August 23-25,https://toddmthatcher.com/2013/08/19/box-office-predictions-august-23-25/,2013-08-19,"4. The World’s End
Predicted Gross: $12.4 million",normalized_exact,No movie title matched
no_title_candidate_or_alias_mismatch,263,weekly_ranked_predictions,unmatched,We’re the Millers,2013-08-23,2013-08-25,11000000,0,0,175,Box Office Predictions: August 23-25,https://toddmthatcher.com/2013/08/19/box-office-predictions-august-23-25/,2013-08-19,"5. We’re the Millers
Predicted Gross: $11 million (representing a drop of 39%)",normalized_exact,No movie title matched
no_title_candidate_or_alias_mismatch,259,weekly_ranked_predictions,unmatched,You’re Next,2013-08-23,2013-08-25,21600000,0,0,175,Box Office Predictions: August 23-25,https://toddmthatcher.com/2013/08/19/box-office-predictions-august-23-25/,2013-08-19,"1. You’re Next
Predicted Gross: $21.6 million",normalized_exact,No movie title matched
no_title_candidate_or_alias_mismatch,251,weekly_ranked_predictions,unmatched,Planes,2013-08-16,2013-08-18,14100000,0,0,167,Box Office Predictions: August 16-18,https://toddmthatcher.com/2013/08/12/box-office-predictions-august-16-18/,2013-08-12,"4. Planes
Predicted Gross: $14.1 million (representing a drop of 36%)",normalized_exact,No movie title matched
no_title_candidate_or_alias_mismatch,250,weekly_ranked_predictions,unmatched,We’re the Millers,2013-08-16,2013-08-18,16200000,0,0,167,Box Office Predictions: August 16-18,https://toddmthatcher.com/2013/08/12/box-office-predictions-august-16-18/,2013-08-12,"3. We’re the Millers
Predicted Gross: $16.2 million (representing a drop of 39%)",normalized_exact,No movie title matched
no_title_candidate_or_alias_mismatch,242,weekly_ranked_predictions,unmatched,Planes,2013-08-09,2013-08-11,19100000,0,0,157,Box Office Predictions: August 9-11,https://toddmthatcher.com/2013/08/05/box-office-predictions-august-9-11/,2013-08-05,"3. Planes
Predicted Gross: $19.1 million",normalized_exact,No movie title matched
no_title_candidate_or_alias_mismatch,241,weekly_ranked_predictions,unmatched,We’re the Millers,2013-08-09,2013-08-11,19400000,0,0,157,Box Office Predictions: August 9-11,https://toddmthatcher.com/2013/08/05/box-office-predictions-august-9-11/,2013-08-05,"2. We’re the Millers
Predicted Gross: $19.4 million ($27.2 million projected five-day gross)",normalized_exact,No movie title matched
no_title_candidate_or_alias_mismatch,222,weekly_ranked_predictions,unmatched,R.I.P.D.,2013-07-19,2013-07-21,13600000,0,0,137,Box Office Predictions: July 19-21,https://toddmthatcher.com/2013/07/15/box-office-predictions-july-19-21/,2013-07-16,"7. R.I.P.D.
Predicted Gross: $13.6 million",normalized_exact,No movie title matched
no_title_candidate_or_alias_mismatch,175,weekly_ranked_predictions,unmatched,The Hangover Part III,2013-05-31,2013-06-02,17100000,0,0,89,Box Office Predictions: May 31-June 2,https://toddmthatcher.com/2013/05/29/box-office-predictions-may-31-june-2/,2013-05-30,"5. The Hangover Part III
Predicted Gross: $17.1 million (representing a drop of 59%)",normalized_exact,No movie title matched
no_title_candidate_or_alias_mismatch,154,weekly_ranked_predictions,unmatched,Tyler Perry Presents Peeples,2013-05-10,2013-05-12,18500000,0,0,71,Box Office Predictions: May 10-12,https://toddmthatcher.com/2013/05/08/box-office-predictions-may-10-12/,2013-05-08,"3. Tyler Perry Presents Peeples
Predicted Gross: $18.5 million",normalized_exact,No movie title matched
no_title_candidate_or_alias_mismatch,131,weekly_ranked_predictions,unmatched,Jurassic Park 3D,2013-04-12,2013-04-14,8800000,0,0,51,42 and Scary Movie V Debut: April 12-14 Box Office Predictions,https://toddmthatcher.com/2013/04/10/42-scary-movie-v-box-office-predictions-weekend-of-april-12-14/,2013-04-10,"6. Jurassic Park 3D
Predicted Gross: $8.8 million (representing a drop of 53%)",normalized_exact,No movie title matched
no_title_candidate_or_alias_mismatch,130,weekly_ranked_predictions,unmatched,The Evil Dead,2013-04-12,2013-04-14,9100000,0,0,51,42 and Scary Movie V Debut: April 12-14 Box Office Predictions,https://toddmthatcher.com/2013/04/10/42-scary-movie-v-box-office-predictions-weekend-of-april-12-14/,2013-04-10,"5. The Evil Dead
Predicted Gross: $9.1 million (representing a drop of 65%)",normalized_exact,No movie title matched
no_title_candidate_or_alias_mismatch,124,weekly_ranked_predictions,unmatched,Jurassic Park 3D,2013-04-05,2013-04-07,12800000,0,0,49,Box Office Predictions: April 5-7,https://toddmthatcher.com/2013/04/03/box-office-predictions-april-5-7/,2013-04-03,"4. Jurassic Park 3D
Predicted Gross: $12.8 million",normalized_exact,No movie title matched
no_title_candidate_or_alias_mismatch,121,weekly_ranked_predictions,unmatched,The Evil Dead,2013-04-05,2013-04-07,19800000,0,0,49,Box Office Predictions: April 5-7,https://toddmthatcher.com/2013/04/03/box-office-predictions-april-5-7/,2013-04-03,"1. The Evil Dead
Predicted Gross: $19.8 million",normalized_exact,No movie title matched
no_title_candidate_or_alias_mismatch,125,weekly_ranked_predictions,unmatched,Tyler Perry’s Temptation: Confessions of a Marriage Counselor,2013-04-05,2013-04-07,8900000,0,0,49,Box Office Predictions: April 5-7,https://toddmthatcher.com/2013/04/03/box-office-predictions-april-5-7/,2013-04-03,"5. Tyler Perry’s Temptation: Confessions of a Marriage Counselor
Predicted Gross: $8.9 million (representing a drop of 59%)",normalized_exact,No movie title matched
no_title_candidate_or_alias_mismatch,117,weekly_ranked_predictions,unmatched,Tyler Perry’s Temptation: Confessions of a Marriage Counselor,2013-03-29,2013-03-31,19200000,0,0,45,Box Office Predictions: March 29-31,https://toddmthatcher.com/2013/03/27/box-office-predictions-march-29-31/,2013-03-28,"3. Tyler Perry’s Temptation: Confessions of a Marriage Counselor
Predicted Gross: $19.2 million",normalized_exact,No movie title matched
no_title_candidate_or_alias_mismatch,83,weekly_ranked_predictions,unmatched,A Good to Die Hard,2013-02-14,2013-02-18,45600000,0,0,29,Box Office Predictions: February 14-18,https://toddmthatcher.com/2013/02/13/box-office-predictions-february-14-18/,2013-02-14,"1. A Good to Die Hard
Predicted Gross: $45.6 million",normalized_exact,No movie title matched
no_title_candidate_or_alias_mismatch,33,weekly_ranked_predictions,unmatched,Monsters Inc.,2012-12-21,2012-12-23,12300000,0,0,13,Box Office Predictions: December 21-23,https://toddmthatcher.com/2012/12/19/box-office-predictions-december-21-23/,2012-12-19,"4. Monsters Inc.
Predicted Gross: $12.3 million (predicting $16.2 for 4 day gross)",normalized_exact,No movie title matched
no_title_candidate_or_alias_mismatch,12,weekly_ranked_predictions,unmatched,"The Twilight Saga, Breaking Dawn 2",2012-11-30,2012-12-02,17100000,0,0,7,Box Office Predictions: November 30-December 2,https://toddmthatcher.com/2012/11/29/box-office-predictions-november-30-december-2/,2012-11-29,"1. The Twilight Saga, Breaking Dawn 2
Predicted Gross: $17.1 million (representing a drop of 61%)",normalized_exact,No movie title matched
single_movie_missing_opening_date,2068,single_movie_prediction,ambiguous,Father Figures,,,8600000,5,1,1789,Father Figures Box Office Prediction,https://toddmthatcher.com/2017/12/14/father-figures-box-office-prediction/,2017-12-14,Father Figures opening weekend prediction: $8.6 million (Friday to Monday estimate),normalized_exact,Multiple movies share the title
single_movie_missing_opening_date,2067,single_movie_prediction,ambiguous,The Greatest Showman,,,16100000,23,1,1787,The Greatest Showman Box Office Prediction,https://toddmthatcher.com/2017/12/12/the-greatest-showman-box-office-prediction/,2017-12-12,"The Greatest Showman opening weekend prediction: $16.1 million (Friday to Monday), $22.4 million (Wednesday to Monday)",normalized_exact,Multiple movies share the title
single_movie_missing_opening_date,2055,single_movie_prediction,ambiguous,Ferdinand,,,18600000,10,1,1781,Ferdinand Box Office Prediction,https://toddmthatcher.com/2017/12/06/ferdinand-box-office-prediction/,2017-12-06,Ferdinand opening weekend prediction: $18.6 million,normalized_exact,Multiple movies share the title
single_movie_missing_opening_date,2054,single_movie_prediction,ambiguous,Star Wars: The Last Jedi,,,219700000,16,0,1779,Star Wars: The Last Jedi Box Office Prediction,https://toddmthatcher.com/2017/12/04/star-wars-the-last-jedi-box-office-prediction/,2017-12-05,Star Wars: The Last Jedi opening weekend prediction: $219.7 million,normalized_exact,Multiple movies share the title
single_movie_missing_opening_date,2053,single_movie_prediction,ambiguous,Just Getting Started,,,5200000,3,1,1777,Just Getting Started Box Office Prediction,https://toddmthatcher.com/2017/11/29/just-getting-started-box-office-prediction/,2017-11-29,Just Getting Started opening weekend prediction: $5.2 million,normalized_exact,Multiple movies share the title
single_movie_missing_opening_date,2038,single_movie_prediction,ambiguous,"Roman J. Israel, Esq.",,,5000000,0,0,1769,"Roman J. Israel, Esq. Box Office Prediction",https://toddmthatcher.com/2017/11/19/roman-j-israel-esq-box-office-prediction/,2017-11-20,"Roman J. Israel, Esq. opening weekend prediction: $5 million (Friday to Sunday), $6.9 million (Wednesday to Sunday)",normalized_exact,Multiple movies share the title
single_movie_missing_opening_date,2039,single_movie_prediction,unmatched,Coco,,,54100000,1,1,1771,Coco Box Office Prediction,https://toddmthatcher.com/2017/11/14/coco-box-office-prediction/,2017-11-14,"Coco opening weekend prediction: $54.1 million (Friday to Sunday), $74.6 million (Wednesday to Sunday)",normalized_exact,No movie title matched
single_movie_missing_opening_date,2030,single_movie_prediction,ambiguous,The Star,,,10300000,10,1,1763,The Star Box Office Prediction,https://toddmthatcher.com/2017/11/08/the-star-box-office-prediction/,2017-11-08,The Star opening weekend prediction: $10.3 million,normalized_exact,Multiple movies share the title
single_movie_missing_opening_date,2031,single_movie_prediction,ambiguous,Wonder,,,12900000,15,1,1765,Wonder Box Office Prediction,https://toddmthatcher.com/2017/11/08/wonder-box-office-prediction/,2017-11-08,Wonder opening weekend prediction: $12.9 million,normalized_exact,Multiple movies share the title
single_movie_missing_opening_date,2029,single_movie_prediction,ambiguous,Justice League,,,128400000,12,1,1761,Justice League Box Office Prediction,https://toddmthatcher.com/2017/11/07/justice-league-box-office-prediction/,2017-11-07,Justice League opening weekend prediction: $128.4 million,normalized_exact,Multiple movies share the title
single_movie_missing_opening_date,2022,single_movie_prediction,ambiguous,Murder on the Orient Express,,,24600000,13,1,1755,Murder on the Orient Express Box Office Prediction,https://toddmthatcher.com/2017/11/01/murder-on-the-orient-express-box-office-prediction/,2017-11-01,Murder on the Orient Express opening weekend prediction: $24.6 million,normalized_exact,Multiple movies share the title
single_movie_missing_opening_date,2023,single_movie_prediction,ambiguous,Daddy’s Home 2,,,21800000,0,0,1757,Daddy’s Home 2 Box Office Prediction,https://toddmthatcher.com/2017/10/31/daddys-home-2-box-office-prediction/,2017-10-31,Daddy’s Home 2 opening weekend prediction: $21.8 million,normalized_exact,Multiple movies share the title
single_movie_missing_opening_date,2016,single_movie_prediction,ambiguous,A Bad Moms Christmas,,,18700000,12,1,1751,A Bad Moms Christmas Box Office Prediction,https://toddmthatcher.com/2017/10/25/a-bad-moms-christmas-box-office-prediction/,2017-10-25,"A Bad Moms Christmas opening weekend prediction: $18.7 million (Friday to Monday), $26.2 million (Wednesday to Sunday)",normalized_exact,Multiple movies share the title
single_movie_missing_opening_date,2015,single_movie_prediction,ambiguous,Thor: Ragnarok,,,107600000,15,1,1749,Thor: Ragnarok Box Office Prediction,https://toddmthatcher.com/2017/10/24/thor-ragnarok-box-office-prediction/,2017-10-24,Thor: Ragnarok opening weekend prediction: $107.6 million,normalized_exact,Multiple movies share the title
single_movie_missing_opening_date,2009,single_movie_prediction,ambiguous,Thank You for Your Service,,,5200000,6,1,1745,Thank You for Your Service Box Office Prediction,https://toddmthatcher.com/2017/10/18/thank-you-for-your-service-box-office-prediction/,2017-10-19,Thank You for Your Service opening weekend prediction: $5.2 million,normalized_exact,Multiple movies share the title
single_movie_missing_opening_date,2008,single_movie_prediction,ambiguous,Jigsaw,,,14800000,9,1,1743,Jigsaw Box Office Prediction,https://toddmthatcher.com/2017/10/18/jigsaw-box-office-prediction/,2017-10-18,Jigsaw opening weekend prediction: $14.8 million,normalized_exact,Multiple movies share the title
single_movie_missing_opening_date,2007,single_movie_prediction,ambiguous,Suburbicon,,,7300000,3,1,1741,Suburbicon Box Office Prediction,https://toddmthatcher.com/2017/10/18/suburbicon-box-office-prediction/,2017-10-18,Suburbicon opening weekend prediction: $7.3 million,normalized_exact,Multiple movies share the title
single_movie_missing_opening_date,2001,single_movie_prediction,ambiguous,Geostorm,,,11200000,9,1,1737,Geostorm Box Office Prediction,https://toddmthatcher.com/2017/10/12/geostorm-box-office-prediction/,2017-10-12,Geostorm opening weekend prediction: $11.2 million,normalized_exact,Multiple movies share the title
single_movie_missing_opening_date,2000,single_movie_prediction,ambiguous,Only the Brave,,,10000000,7,2,1735,Only the Brave Box Office Prediction,https://toddmthatcher.com/2017/10/11/only-the-brave-box-office-prediction/,2017-10-12,Only the Brave opening weekend prediction: $10 million,normalized_exact,Multiple movies share the title
single_movie_missing_opening_date,1998,single_movie_prediction,ambiguous,The Snowman,,,8000000,3,1,1731,The Snowman Box Office Prediction,https://toddmthatcher.com/2017/10/12/the-snowman-box-office-prediction/,2017-10-12,The Snowman opening weekend prediction: $8 million,normalized_exact,Multiple movies share the title
single_movie_missing_opening_date,1999,single_movie_prediction,ambiguous,Boo 2! A Madea Halloween,,,22600000,4,0,1733,Boo 2! A Madea Halloween Box Office Prediction,https://toddmthatcher.com/2017/10/11/boo-2-a-madea-halloween-box-office-prediction/,2017-10-11,Boo 2! A Madea Halloween opening weekend prediction: $22.6 million,normalized_exact,Multiple movies share the title
single_movie_missing_opening_date,1983,single_movie_prediction,unmatched,Marshall,,,4000000,1,1,1719,Marshall Box Office Prediction,https://toddmthatcher.com/2017/10/05/marshall-box-office-prediction/,2017-10-05,Marshall opening weekend prediction: $4 million,normalized_exact,No movie title matched
single_movie_missing_opening_date,1984,single_movie_prediction,ambiguous,The Foreigner,,,8800000,8,1,1721,The Foreigner Box Office Prediction,https://toddmthatcher.com/2017/10/05/the-foreigner-box-office-prediction/,2017-10-05,The Foreigner opening weekend prediction: $8.8 million,normalized_exact,Multiple movies share the title
single_movie_missing_opening_date,1992,single_movie_prediction,ambiguous,Happy Death Day,,,20600000,10,1,1727,Happy Death Day Box Office Prediction,https://toddmthatcher.com/2017/10/04/happy-death-day-box-office-prediction/,2017-10-04,Happy Death Day opening weekend prediction: $20.6 million,normalized_exact,Multiple movies share the title
single_movie_missing_opening_date,1985,single_movie_prediction,ambiguous,My Little Pony: The Movie,,,10900000,6,1,1723,My Little Pony: The Movie Box Office Prediction,https://toddmthatcher.com/2017/09/28/my-little-pony-the-movie-box-office-prediction/,2017-09-28,My Little Pony: The Movie opening weekend prediction: $10.9 million,normalized_exact,Multiple movies share the title
single_movie_missing_opening_date,1982,single_movie_prediction,ambiguous,The Mountain Between Us,,,9200000,7,1,1717,The Mountain Between Us Box Office Prediction,https://toddmthatcher.com/2017/09/27/the-mountain-between-us-box-office-prediction/,2017-09-27,The Mountain Between Us opening weekend prediction: $9.2 million,normalized_exact,Multiple movies share the title
single_movie_missing_opening_date,1981,single_movie_prediction,ambiguous,Blade Runner 2049,,,44100000,12,1,1715,Blade Runner 2049 Box Office Prediction,https://toddmthatcher.com/2017/09/26/blade-runner-2049-box-office-prediction/,2017-09-26,Blade Runner 2049 opening weekend prediction: $44.1 million,normalized_exact,Multiple movies share the title
single_movie_missing_opening_date,1973,single_movie_prediction,ambiguous,Flatliners,,,6300000,6,1,1709,Flatliners Box Office Prediction,https://toddmthatcher.com/2017/09/21/flatliners-box-office-prediction/,2017-09-22,Flatliners opening weekend prediction: $6.3 million,normalized_exact,Multiple movies share the title
single_movie_missing_opening_date,1974,single_movie_prediction,ambiguous,American Made,,,15500000,9,1,1711,American Made Box Office Prediction,https://toddmthatcher.com/2017/09/20/american-made-box-office-prediction/,2017-09-20,American Made opening weekend prediction: $15.5 million,normalized_exact,Multiple movies share the title
single_movie_missing_opening_date,1967,single_movie_prediction,ambiguous,Friend Request,,,5700000,3,1,1705,Friend Request Box Office Prediction,https://toddmthatcher.com/2017/09/17/friend-request-box-office-prediction/,2017-09-17,Friend Request opening weekend prediction: $5.7 million,normalized_exact,Multiple movies share the title
single_movie_missing_opening_date,1965,single_movie_prediction,ambiguous,Kingsman: The Golden Circle,,,43600000,10,1,1701,Kingsman: The Golden Circle Box Office Prediction,https://toddmthatcher.com/2017/09/13/kingsman-the-golden-circle-box-office-prediction/,2017-09-13,Kingsman: The Golden Circle opening weekend prediction: $43.6 million,normalized_exact,Multiple movies share the title
single_movie_missing_opening_date,1966,single_movie_prediction,ambiguous,The Lego Ninjago Movie,,,38600000,10,1,1703,The Lego Ninjago Movie Box Office Prediction,https://toddmthatcher.com/2017/09/13/the-lego-ninjago-movie-box-office-prediction/,2017-09-13,The Lego Ninjago Movie opening weekend prediction: $38.6 million,normalized_exact,Multiple movies share the title
single_movie_missing_opening_date,1959,single_movie_prediction,ambiguous,American Assassin,,,13300000,6,1,1697,American Assassin Box Office Prediction,https://toddmthatcher.com/2017/09/06/american-assassin-box-office-prediction/,2017-09-06,American Assassin opening weekend prediction: $13.3 million,normalized_exact,Multiple movies share the title
single_movie_missing_opening_date,1958,single_movie_prediction,ambiguous,mother!,,,14700000,0,0,1695,mother! Box Office Prediction,https://toddmthatcher.com/2017/09/06/mother-box-office-prediction/,2017-09-06,mother! opening weekend prediction: $14.7 million,normalized_exact,Multiple movies share the title
single_movie_missing_opening_date,1952,single_movie_prediction,ambiguous,Home Again,,,11300000,8,1,1691,Home Again Box Office Prediction,https://toddmthatcher.com/2017/08/30/home-again-box-office-prediction/,2017-08-30,Home Again opening weekend prediction: $11.3 million,normalized_exact,Multiple movies share the title
single_movie_missing_opening_date,1951,single_movie_prediction,ambiguous,It,,,65400000,17,1,1689,It Box Office Prediction,https://toddmthatcher.com/2017/08/29/it-box-office-prediction/,2017-08-29,It opening weekend prediction: $65.4 million,normalized_exact,Multiple movies share the title
single_movie_missing_opening_date,1950,single_movie_prediction,ambiguous,Hazlo Como Hombre,,,3500000,3,1,1687,Hazlo Como Hombre Box Office Prediction,https://toddmthatcher.com/2017/08/28/hazlo-como-hombre-box-office-prediction/,2017-08-28,Hazlo Como Hombre opening weekend prediction: $3.5 million (Friday to Monday estimate),normalized_exact,Multiple movies share the title
single_movie_missing_opening_date,1944,single_movie_prediction,unmatched,Tulip Fever,,,1900000,1,1,1683,Tulip Fever Box Office Prediction,https://toddmthatcher.com/2017/08/23/tulip-fever-box-office-prediction/,2017-08-23,Tulip Fever opening weekend prediction: $1.9 million (Friday to Monday estimate),normalized_exact,No movie title matched
single_movie_missing_opening_date,1936,single_movie_prediction,unmatched,Good Time,,,1500000,1,1,1675,Good Time Box Office Prediction,https://toddmthatcher.com/2017/08/21/good-time-box-office-prediction/,2017-08-21,Good Time opening weekend prediction: $1.5 million,normalized_exact,No movie title matched
single_movie_missing_opening_date,1935,single_movie_prediction,ambiguous,Birth of the Dragon,,,2900000,3,1,1673,Birth of the Dragon Box Office Prediction,https://toddmthatcher.com/2017/08/17/birth-of-the-dragon-box-office-prediction/,2017-08-17,Birth of the Dragon opening weekend prediction: $2.9 million,normalized_exact,Multiple movies share the title
single_movie_missing_opening_date,1937,single_movie_prediction,ambiguous,All Saints,,,2600000,3,1,1677,All Saints Box Office Prediction,https://toddmthatcher.com/2017/08/16/all-saints-box-office-prediction/,2017-08-16,All Saints opening weekend prediction: $2.6 million,normalized_exact,Multiple movies share the title
single_movie_missing_opening_date,1938,single_movie_prediction,ambiguous,Leap!,,,4100000,0,0,1679,Leap! Box Office Prediction,https://toddmthatcher.com/2017/08/16/leap-box-office-prediction/,2017-08-16,Leap! opening weekend prediction: $4.1 million,normalized_exact,Multiple movies share the title
single_movie_missing_opening_date,1929,single_movie_prediction,ambiguous,Logan Lucky,,,10500000,9,1,1669,Logan Lucky Box Office Prediction,https://toddmthatcher.com/2017/08/09/logan-lucky-box-office-prediction/,2017-08-09,Logan Lucky opening weekend prediction: $10.5 million,normalized_exact,Multiple movies share the title
single_movie_missing_opening_date,1928,single_movie_prediction,ambiguous,The Hitman’s Bodyguard,,,16700000,0,0,1667,The Hitman’s Bodyguard Box Office Prediction,https://toddmthatcher.com/2017/08/09/the-hitmans-bodyguard-box-office-prediction/,2017-08-09,The Hitman’s Bodyguard opening weekend prediction: $16.7 million,normalized_exact,Multiple movies share the title
single_movie_missing_opening_date,1921,single_movie_prediction,ambiguous,The Glass Castle,,,4200000,5,1,1663,The Glass Castle Box Office Prediction,https://toddmthatcher.com/2017/08/03/the-glass-castle-box-office-prediction/,2017-08-03,The Glass Castle opening weekend prediction: $4.2 million,normalized_exact,Multiple movies share the title
single_movie_missing_opening_date,1920,single_movie_prediction,ambiguous,The Nut Job 2: Nutty by Nature,,,12200000,8,1,1661,The Nut Job 2: Nutty by Nature Box Office Prediction,https://toddmthatcher.com/2017/08/02/the-nut-job-2-nutty-by-nature-box-office-prediction/,2017-08-03,The Nut Job 2: Nutty by Nature opening weekend prediction: $12.2 million,normalized_exact,Multiple movies share the title
single_movie_missing_opening_date,1919,single_movie_prediction,ambiguous,Annabelle: Creation,,,31400000,12,1,1659,Annabelle: Creation Box Office Prediction,https://toddmthatcher.com/2017/08/02/annabelle-creation-box-office-prediction/,2017-08-02,Annabelle: Creation opening weekend prediction: $31.4 million,normalized_exact,Multiple movies share the title
single_movie_missing_opening_date,1911,single_movie_prediction,ambiguous,Detroit,,,11600000,5,1,1651,Detroit Box Office Prediction,https://toddmthatcher.com/2017/07/26/detroit-box-office-prediction/,2017-07-26,Detroit opening weekend prediction: $11.6 million,normalized_exact,Multiple movies share the title
single_movie_missing_opening_date,1912,single_movie_prediction,ambiguous,Kidnap,,,6800000,6,1,1653,Kidnap Box Office Prediction,https://toddmthatcher.com/2017/07/26/kidnap-box-office-prediction/,2017-07-26,Kidnap opening weekend prediction: $6.8 million,normalized_exact,Multiple movies share the title
single_movie_missing_opening_date,1913,single_movie_prediction,ambiguous,The Dark Tower,,,18400000,7,1,1655,The Dark Tower Box Office Prediction,https://toddmthatcher.com/2017/07/26/the-dark-tower-box-office-prediction/,2017-07-26,The Dark Tower opening weekend prediction: $18.4 million (REVISED PREDICTION),normalized_exact,Multiple movies share the title
single_movie_missing_opening_date,1904,single_movie_prediction,ambiguous,Atomic Blonde,,,18600000,7,1,1645,Atomic Blonde Box Office Prediction,https://toddmthatcher.com/2017/07/19/atomic-blonde-box-office-prediction/,2017-07-19,Atomic Blonde opening weekend prediction: $18.6 million,normalized_exact,Multiple movies share the title
single_movie_missing_opening_date,1905,single_movie_prediction,ambiguous,The Emoji Movie,,,28400000,13,1,1647,The Emoji Movie Box Office Prediction,https://toddmthatcher.com/2017/07/19/the-emoji-movie-box-office-prediction/,2017-07-19,The Emoji Movie opening weekend prediction: $28.4 million,normalized_exact,Multiple movies share the title
single_movie_missing_opening_date,1897,single_movie_prediction,ambiguous,Dunkirk,,,44700000,17,1,1639,Dunkirk Box Office Prediction,https://toddmthatcher.com/2017/07/12/dunkirk-box-office-prediction/,2017-07-12,Dunkirk opening weekend prediction: $44.7 million,normalized_exact,Multiple movies share the title
single_movie_missing_opening_date,1898,single_movie_prediction,ambiguous,Girls Trip,,,27300000,13,1,1641,Girls Trip Box Office Prediction,https://toddmthatcher.com/2017/07/12/girls-trip-box-office-prediction/,2017-07-12,Girls Trip opening weekend prediction: $27.3 million,normalized_exact,Multiple movies share the title
single_movie_missing_opening_date,1887,single_movie_prediction,ambiguous,Wish Upon,,,5900000,5,1,1631,Wish Upon Box Office Prediction,https://toddmthatcher.com/2017/07/06/wish-upon-box-office-prediction/,2017-07-06,Wish Upon opening weekend prediction: $5.9 million,normalized_exact,Multiple movies share the title
single_movie_missing_opening_date,1889,single_movie_prediction,ambiguous,War for the Planet of the Apes,,,63400000,9,1,1635,War for the Planet of the Apes Box Office Prediction,https://toddmthatcher.com/2017/07/05/war-for-the-planet-of-the-apes-box-office-prediction/,2017-07-05,War for the Planet of the Apes opening weekend prediction: $63.4 million,normalized_exact,Multiple movies share the title
single_movie_missing_opening_date,1873,single_movie_prediction,unmatched,The Beguiled,,,3800000,1,1,1621,The Beguiled Box Office Prediction,https://toddmthatcher.com/2017/06/26/the-beguiled-box-office-prediction/,2017-06-26,The Beguiled opening weekend prediction: $3.8 million,normalized_exact,No movie title matched
single_movie_missing_opening_date,1871,single_movie_prediction,ambiguous,Baby Driver,,,10900000,11,1,1617,Baby Driver Box Office Prediction,https://toddmthatcher.com/2017/06/21/baby-driver-box-office-prediction/,2017-06-21,"Baby Driver opening weekend prediction: $10.9 million (Friday to Sunday), $15.8 million (Wednesday to Sunday)",normalized_exact,Multiple movies share the title
single_movie_missing_opening_date,1872,single_movie_prediction,ambiguous,Despicable Me 3,,,88700000,14,1,1619,Despicable Me 3 Box Office Prediction,https://toddmthatcher.com/2017/06/21/despicable-me-3-box-office-prediction/,2017-06-21,Despicable Me 3 opening weekend prediction: $88.7 million,normalized_exact,Multiple movies share the title
single_movie_missing_opening_date,1874,single_movie_prediction,ambiguous,The House,,,13800000,6,1,1623,The House Box Office Prediction,https://toddmthatcher.com/2017/06/21/the-house-box-office-prediction/,2017-06-21,The House opening weekend prediction: $13.8 million,normalized_exact,Multiple movies share the title
single_movie_missing_opening_date,1865,single_movie_prediction,ambiguous,Transformers: The Last Knight,,,57800000,8,1,1613,Transformers: The Last Knight Box Office Prediction,https://toddmthatcher.com/2017/06/14/transformers-the-last-knight-box-office-prediction/,2017-06-14,"Transformers: The Last Knight opening weekend prediction: $57.8 million (Friday to Sunday), $81.5 million (Friday to Sunday)",normalized_exact,Multiple movies share the title
single_movie_missing_opening_date,1858,single_movie_prediction,ambiguous,47 Meters Down,,,6100000,7,1,1609,47 Meters Down Box Office Prediction,https://toddmthatcher.com/2017/06/09/47-meters-down-box-office-prediction/,2017-06-09,47 Meters Down opening weekend prediction: $6.1 million,normalized_exact,Multiple movies share the title
single_movie_missing_opening_date,1856,single_movie_prediction,ambiguous,All Eyez on Me,,,24400000,5,1,1605,All Eyez on Me Box Office Prediction,https://toddmthatcher.com/2017/06/09/all-eyez-on-me-box-office-prediction/,2017-06-09,All Eyez on Me opening weekend prediction: $24.4 million,normalized_exact,Multiple movies share the title
single_movie_missing_opening_date,1857,single_movie_prediction,ambiguous,Rough Night,,,15100000,6,1,1607,Rough Night Box Office Prediction,https://toddmthatcher.com/2017/06/08/rough-night-box-office-prediction/,2017-06-08,Rough Night opening weekend prediction: $15.1 million,normalized_exact,Multiple movies share the title
single_movie_missing_opening_date,1855,single_movie_prediction,ambiguous,Cars 3,,,57800000,11,1,1603,Cars 3 Box Office Prediction,https://toddmthatcher.com/2017/06/07/cars-3-box-office-prediction/,2017-06-07,Cars 3 opening weekend prediction: $57.8 million,normalized_exact,Multiple movies share the title
single_movie_missing_opening_date,1848,single_movie_prediction,ambiguous,Megan Leavey,,,3300000,4,1,1597,Megan Leavey Box Office Prediction,https://toddmthatcher.com/2017/06/05/megan-leavey-box-office-prediction/,2017-06-05,Megan Leavey opening weekend prediction: $3.3 million,normalized_exact,Multiple movies share the title
single_movie_missing_opening_date,1847,single_movie_prediction,ambiguous,It Comes at Night,,,9500000,5,1,1595,It Comes at Night Box Office Prediction,https://toddmthatcher.com/2017/06/02/it-comes-at-night-box-office-prediction/,2017-06-02,It Comes at Night opening weekend prediction: $9.5 million,normalized_exact,Multiple movies share the title
single_movie_missing_opening_date,1849,single_movie_prediction,ambiguous,The Mummy,,,34700000,9,2,1599,The Mummy Box Office Prediction,https://toddmthatcher.com/2017/06/01/the-mummy-box-office-prediction/,2017-06-01,The Mummy opening weekend prediction: $34.7 million,normalized_exact,Multiple movies share the title
single_movie_missing_opening_date,1840,single_movie_prediction,ambiguous,Captain Underpants: The First Epic Movie,,,27400000,4,1,1589,Captain Underpants: The First Epic Movie Box Office Prediction,https://toddmthatcher.com/2017/05/25/captain-underpants-the-first-epic-movie-box-office-prediction/,2017-05-25,Captain Underpants: The First Epic Movie opening weekend prediction: $27.4 million,normalized_exact,Multiple movies share the title
single_movie_missing_opening_date,1841,single_movie_prediction,ambiguous,Wonder Woman,,,98300000,21,1,1591,Wonder Woman Box Office Prediction,https://toddmthatcher.com/2017/05/25/wonder-woman-box-office-prediction/,2017-05-25,Wonder Woman opening weekend prediction: $98.3 million,normalized_exact,Multiple movies share the title
single_movie_missing_opening_date,1833,single_movie_prediction,ambiguous,Baywatch,,,39400000,8,1,1583,Baywatch Box Office Prediction,https://toddmthatcher.com/2017/05/18/baywatch-box-office-prediction/,2017-05-18,Baywatch opening weekend prediction: $39.4 million (Thursday to Monday prediction),normalized_exact,Multiple movies share the title
single_movie_missing_opening_date,1834,single_movie_prediction,ambiguous,Pirates of the Caribbean: Dead Men Tell No Tales,,,78600000,12,1,1585,Pirates of the Caribbean: Dead Men Tell No Tales Box Office Prediction,https://toddmthatcher.com/2017/05/18/pirates-of-the-caribbean-dead-men-tell-no-tales-box-office-prediction/,2017-05-18,Pirates of the Caribbean: Dead Men Tell No Tales opening weekend prediction: $78.6 million (Friday to Monday estimate),normalized_exact,Multiple movies share the title
single_movie_missing_opening_date,1827,single_movie_prediction,ambiguous,"Everything, Everything",,,12300000,9,1,1579,"Everything, Everything Box Office Prediction",https://toddmthatcher.com/2017/05/12/everything-everything-box-office-prediction/,2017-05-12,"Everything, Everything opening weekend prediction: $12.3 million",normalized_exact,Multiple movies share the title
single_movie_missing_opening_date,1826,single_movie_prediction,ambiguous,Diary of a Wimpy Kid: The Long Haul,,,8100000,7,1,1577,Diary of a Wimpy Kid: The Long Haul Box Office Prediction,https://toddmthatcher.com/2017/05/11/diary-of-a-wimpy-kid-the-long-haul-box-office-prediction/,2017-05-11,Diary of a Wimpy Kid: The Long Haul opening weekend prediction: $8.1 million,normalized_exact,Multiple movies share the title
single_movie_missing_opening_date,1825,single_movie_prediction,ambiguous,Alien: Covenant,,,44600000,9,1,1575,Alien: Covenant Box Office Prediction,https://toddmthatcher.com/2017/05/10/alien-covenant-box-office-prediction/,2017-05-10,Alien: Covenant opening weekend prediction: $44.6 million,normalized_exact,Multiple movies share the title
single_movie_missing_opening_date,1818,single_movie_prediction,ambiguous,King Arthur: Legend of the Sword,,,24400000,9,1,1569,King Arthur: Legend of the Sword Box Office Prediction,https://toddmthatcher.com/2017/05/03/king-arthur-legend-of-the-sword-box-office-prediction/,2017-05-03,King Arthur: Legend of the Sword opening weekend prediction: $24.4 million,normalized_exact,Multiple movies share the title
single_movie_missing_opening_date,1819,single_movie_prediction,ambiguous,Snatched,,,21100000,9,1,1571,Snatched Box Office Prediction,https://toddmthatcher.com/2017/05/03/snatched-box-office-prediction/,2017-05-03,Snatched opening weekend prediction: $21.1 million,normalized_exact,Multiple movies share the title
single_movie_missing_opening_date,1812,single_movie_prediction,ambiguous,Guardians of the Galaxy Vol. 2,,,166400000,17,1,1565,Guardians of the Galaxy Vol. 2 Box Office Prediction,https://toddmthatcher.com/2017/04/25/guardians-of-the-galaxy-vol-2-box-office-prediction/,2017-04-25,Guardians of the Galaxy Vol. 2 opening weekend prediction: $166.4 million,normalized_exact,Multiple movies share the title
single_movie_missing_opening_date,1806,single_movie_prediction,ambiguous,The Circle,,,16300000,7,1,1561,The Circle Box Office Prediction,https://toddmthatcher.com/2017/04/19/the-circle-box-office-prediction/,2017-04-20,The Circle opening weekend prediction: $16.3 million,normalized_exact,Multiple movies share the title
single_movie_missing_opening_date,1802,single_movie_prediction,unmatched,Free Fire,,,2300000,1,1,1553,Free Fire Box Office Prediction,https://toddmthatcher.com/2017/04/17/free-fire-box-office-prediction/,2017-04-17,Free Fire opening weekend prediction: $2.3 million,normalized_exact,No movie title matched
single_movie_missing_opening_date,1803,single_movie_prediction,unmatched,Phoenix Forgotten,,,3400000,1,1,1555,Phoenix Forgotten Box Office Prediction,https://toddmthatcher.com/2017/04/17/phoenix-forgotten-box-office-prediction/,2017-04-17,Phoenix Forgotten opening weekend prediction: $3.4 million,normalized_exact,No movie title matched
single_movie_missing_opening_date,1804,single_movie_prediction,ambiguous,The Lost City of Z,,,3700000,4,1,1557,The Lost City of Z Box Office Prediction,https://toddmthatcher.com/2017/04/17/the-lost-city-of-z-box-office-prediction/,2017-04-17,The Lost City of Z opening weekend prediction: $3.7 million,normalized_exact,Multiple movies share the title
single_movie_missing_opening_date,1791,single_movie_prediction,ambiguous,The Promise,,,3200000,5,1,1549,The Promise Box Office Prediction,https://toddmthatcher.com/2017/04/14/the-promise-box-office-prediction/,2017-04-14,The Promise opening weekend prediction: $3.2 million,normalized_exact,Multiple movies share the title
single_movie_missing_opening_date,1789,single_movie_prediction,ambiguous,Born in China,,,5200000,5,1,1545,Born in China Box Office Prediction,https://toddmthatcher.com/2017/04/12/born-in-china-box-office-prediction/,2017-04-12,Born in China opening weekend prediction: $5.2 million,normalized_exact,Multiple movies share the title
single_movie_missing_opening_date,1790,single_movie_prediction,ambiguous,Unforgettable,,,12900000,6,1,1547,Unforgettable Box Office Prediction,https://toddmthatcher.com/2017/04/12/unforgettable-box-office-prediction/,2017-04-12,Unforgettable opening weekend prediction: $12.9 million,normalized_exact,Multiple movies share the title
single_movie_missing_opening_date,1782,single_movie_prediction,ambiguous,Gifted,,,4700000,11,1,1541,Gifted Box Office Prediction,https://toddmthatcher.com/2017/04/09/gifted-box-office-prediction/,2017-04-10,Gifted opening weekend prediction: $4.7 million,normalized_exact,Multiple movies share the title
single_movie_missing_opening_date,1781,single_movie_prediction,ambiguous,The Fate of the Furious,,,122700000,15,1,1539,The Fate of the Furious Box Office Prediction,https://toddmthatcher.com/2017/04/05/the-fate-of-the-furious-box-office-prediction/,2017-04-05,The Fate of the Furious opening weekend prediction: $122.7 million,normalized_exact,Multiple movies share the title
single_movie_missing_opening_date,1780,single_movie_prediction,ambiguous,The Case for Christ,,,3400000,4,1,1537,The Case for Christ Box Office Prediction,https://toddmthatcher.com/2017/04/03/the-case-for-christ-box-office-prediction/,2017-04-03,The Case for Christ opening weekend prediction: $3.4 million,normalized_exact,Multiple movies share the title
single_movie_missing_opening_date,1773,single_movie_prediction,ambiguous,Going in Style,,,11500000,12,1,1531,Going in Style Box Office Prediction,https://toddmthatcher.com/2017/03/29/going-in-style-box-office-prediction/,2017-03-29,Going in Style opening weekend prediction: $11.5 million,normalized_exact,Multiple movies share the title
single_movie_missing_opening_date,1774,single_movie_prediction,ambiguous,Smurfs: The Lost Village,,,20400000,13,1,1533,Smurfs: The Lost Village Box Office Prediction,https://toddmthatcher.com/2017/03/29/smurfs-the-lost-village-box-office-prediction/,2017-03-29,Smurfs: The Lost Village opening weekend prediction: $20.4 million,normalized_exact,Multiple movies share the title
single_movie_missing_opening_date,1767,single_movie_prediction,ambiguous,Ghost in the Shell,,,30300000,8,2,1527,Ghost in the Shell Box Office Prediction,https://toddmthatcher.com/2017/03/23/ghost-in-the-shell-box-office-prediction/,2017-03-23,Ghost in the Shell opening weekend prediction: $30.3 million,normalized_exact,Multiple movies share the title
single_movie_missing_opening_date,1766,single_movie_prediction,ambiguous,The Boss Baby,,,28600000,19,1,1525,The Boss Baby Box Office Prediction,https://toddmthatcher.com/2017/03/23/the-boss-baby-box-office-prediction/,2017-03-23,The Boss Baby opening weekend prediction: $28.6 million,normalized_exact,Multiple movies share the title
single_movie_missing_opening_date,1759,single_movie_prediction,ambiguous,CHiPs,,,8400000,5,1,1521,CHiPs Box Office Prediction,https://toddmthatcher.com/2017/03/16/chips-box-office-prediction/,2017-03-16,CHiPs opening weekend prediction: $8.4 million (prediction changed from $13.2M),normalized_exact,Multiple movies share the title
single_movie_missing_opening_date,1758,single_movie_prediction,ambiguous,Life,,,19100000,7,1,1519,Life Box Office Prediction,https://toddmthatcher.com/2017/03/15/life-box-office-prediction/,2017-03-16,Life opening weekend prediction: $19.1 million,normalized_exact,Multiple movies share the title
single_movie_missing_opening_date,1757,single_movie_prediction,ambiguous,Power Rangers,,,33800000,9,1,1517,Power Rangers Box Office Prediction,https://toddmthatcher.com/2017/03/15/power-rangers-box-office-prediction/,2017-03-16,Power Rangers opening weekend prediction: $33.8 million,normalized_exact,Multiple movies share the title
single_movie_missing_opening_date,1751,single_movie_prediction,ambiguous,The Belko Experiment,,,3200000,5,1,1513,The Belko Experiment Box Office Prediction,https://toddmthatcher.com/2017/03/10/the-belko-experiment-box-office-prediction/,2017-03-10,The Belko Experiment opening weekend prediction: $3.2 million,normalized_exact,Multiple movies share the title
single_movie_missing_opening_date,1750,single_movie_prediction,ambiguous,Beauty and the Beast,,,158800000,24,2,1511,Beauty and the Beast Box Office Prediction,https://toddmthatcher.com/2017/03/08/beauty-and-the-beast-box-office-prediction/,2017-03-08,Beauty and the Beast opening weekend prediction: $158.8 million,normalized_exact,Multiple movies share the title
single_movie_missing_opening_date,1744,single_movie_prediction,ambiguous,Kong: Skull Island,,,48600000,13,1,1507,Kong: Skull Island Box Office Prediction,https://toddmthatcher.com/2017/03/01/kong-skull-island-box-office-prediction/,2017-03-02,Kong: Skull Island opening weekend prediction: $48.6 million,normalized_exact,Multiple movies share the title
single_movie_missing_opening_date,1735,single_movie_prediction,ambiguous,Before I Fall,,,5300000,6,1,1499,Before I Fall Box Office Prediction,https://toddmthatcher.com/2017/02/25/before-i-fall-box-office-prediction/,2017-02-25,Before I Fall opening weekend prediction: $5.3 million,normalized_exact,Multiple movies share the title
single_movie_missing_opening_date,1737,single_movie_prediction,ambiguous,The Shack,,,9700000,11,1,1503,The Shack Box Office Prediction,https://toddmthatcher.com/2017/02/24/the-shack-box-office-prediction/,2017-02-24,The Shack opening weekend prediction: $9.7 million,normalized_exact,Multiple movies share the title
single_movie_missing_opening_date,1736,single_movie_prediction,ambiguous,Logan,,,68600000,16,2,1501,Logan Box Office Prediction,https://toddmthatcher.com/2017/02/23/logan-box-office-prediction/,2017-02-23,Logan opening weekend prediction: $68.6 million,normalized_exact,Multiple movies share the title
single_movie_missing_opening_date,1720,single_movie_prediction,ambiguous,Collide,,,2100000,7,1,1487,Collide Box Office Prediction,https://toddmthatcher.com/2017/02/15/collide-box-office-prediction/,2017-02-16,Collide opening weekend prediction: $2.1 million,normalized_exact,Multiple movies share the title
single_movie_missing_opening_date,1729,single_movie_prediction,ambiguous,Get Out,,,16300000,19,1,1495,Get Out Box Office Prediction,https://toddmthatcher.com/2017/02/15/get-out-box-office-prediction/,2017-02-15,Get Out opening weekend prediction: $16.3 million,normalized_exact,Multiple movies share the title
single_movie_missing_opening_date,1721,single_movie_prediction,ambiguous,Rock Dog,,,4400000,3,1,1489,Rock Dog Box Office Prediction,https://toddmthatcher.com/2017/02/15/rock-dog-box-office-prediction/,2017-02-15,Rock Dog opening weekend prediction: $4.4 million,normalized_exact,Multiple movies share the title
single_movie_missing_opening_date,1722,single_movie_prediction,ambiguous,A Cure for Wellness,,,10200000,3,1,1491,A Cure for Wellness Box Office Prediction,https://toddmthatcher.com/2017/02/09/a-cure-for-wellness-box-office-prediction/,2017-02-09,A Cure for Wellness opening weekend prediction: $10.2 million,normalized_exact,Multiple movies share the title
single_movie_missing_opening_date,1718,single_movie_prediction,ambiguous,Fist Fight,,,25100000,6,1,1483,Fist Fight Box Office Prediction,https://toddmthatcher.com/2017/02/09/fist-fight-box-office-prediction/,2017-02-09,Fist Fight opening weekend prediction: $25.1 million,normalized_exact,Multiple movies share the title
single_movie_missing_opening_date,1719,single_movie_prediction,ambiguous,The Great Wall,,,25600000,7,1,1485,The Great Wall Box Office Prediction,https://toddmthatcher.com/2017/02/09/the-great-wall-box-office-prediction/,2017-02-09,The Great Wall opening weekend prediction: $25.6 million,normalized_exact,Multiple movies share the title
single_movie_missing_opening_date,1712,single_movie_prediction,ambiguous,The Lego Batman Movie,,,65800000,15,1,1479,The Lego Batman Movie Box Office Prediction,https://toddmthatcher.com/2017/02/02/the-lego-batman-movie-box-office-prediction/,2017-02-02,The Lego Batman Movie opening weekend prediction: $65.8 million,normalized_exact,Multiple movies share the title
single_movie_missing_opening_date,1703,single_movie_prediction,ambiguous,The Space Between Us,,,6700000,3,1,1471,The Space Between Us Box Office Prediction,https://toddmthatcher.com/2017/01/26/the-space-between-us-box-office-prediction/,2017-01-26,The Space Between Us opening weekend prediction: $6.7 million,normalized_exact,Multiple movies share the title
single_movie_missing_opening_date,1702,single_movie_prediction,ambiguous,Rings,,,20300000,8,1,1469,Rings Box Office Prediction,https://toddmthatcher.com/2017/01/25/rings-box-office-prediction/,2017-01-25,Rings opening weekend prediction: $20.3 million,normalized_exact,Multiple movies share the title
single_movie_missing_opening_date,1701,single_movie_prediction,ambiguous,Gold,,,5400000,3,1,1467,Gold Box Office Prediction,https://toddmthatcher.com/2017/01/18/gold-box-office-prediction/,2017-01-19,Gold opening weekend prediction: $5.4 million,normalized_exact,Multiple movies share the title
single_movie_missing_opening_date,1699,single_movie_prediction,ambiguous,Resident Evil: The Final Chapter,,,14600000,5,1,1463,Resident Evil: The Final Chapter Box Office Prediction,https://toddmthatcher.com/2017/01/18/resident-evil-the-final-chapter-box-office-prediction/,2017-01-19,Resident Evil: The Final Chapter opening weekend prediction: $14.6 million,normalized_exact,Multiple movies share the title
single_movie_missing_opening_date,1700,single_movie_prediction,ambiguous,A Dog’s Purpose,,,10300000,0,0,1465,A Dog’s Purpose Box Office Prediction,https://toddmthatcher.com/2017/01/18/a-dogs-purpose-box-office-prediction/,2017-01-18,A Dog’s Purpose opening weekend prediction: $10.3 million,normalized_exact,Multiple movies share the title
single_movie_missing_opening_date,1687,single_movie_prediction,unmatched,20th Century Women,,,2800000,1,1,1457,20th Century Women Box Office Prediction,https://toddmthatcher.com/2017/01/12/20th-century-women-box-office-prediction/,2017-01-12,20th Century Women opening weekend prediction: $2.8 million,normalized_exact,No movie title matched
single_movie_missing_opening_date,1688,single_movie_prediction,unmatched,The Resurrection of Gavin Stone,,,1600000,1,1,1459,The Resurrection of Gavin Stone Box Office Prediction,https://toddmthatcher.com/2017/01/12/the-resurrection-of-gavin-stone-box-office-prediction/,2017-01-12,The Resurrection of Gavin Stone opening weekend prediction: $1.6 million,normalized_exact,No movie title matched
single_movie_missing_opening_date,1684,single_movie_prediction,ambiguous,Split,,,19600000,7,1,1451,Split Box Office Prediction,https://toddmthatcher.com/2017/01/10/split-box-office-prediction/,2017-01-11,Split opening weekend prediction: $19.6 million,normalized_exact,Multiple movies share the title
single_movie_missing_opening_date,1686,single_movie_prediction,ambiguous,The Founder,,,4100000,8,1,1455,The Founder Box Office Prediction,https://toddmthatcher.com/2017/01/11/the-founder-box-office-prediction/,2017-01-11,The Founder opening weekend prediction: $4.1 million,normalized_exact,Multiple movies share the title
single_movie_missing_opening_date,1685,single_movie_prediction,unmatched,xXx: Return of Xander Cage,,,25400000,1,1,1453,xXx: Return of Xander Cage Box Office Prediction,https://toddmthatcher.com/2017/01/10/xxx-return-of-xander-cage-box-office-prediction/,2017-01-10,xXx: Return of Xander Cage opening weekend prediction: $25.4 million,normalized_exact,No movie title matched
single_movie_missing_opening_date,1668,single_movie_prediction,ambiguous,Monster Trucks,,,10100000,6,1,1437,Monster Trucks Box Office Prediction,https://toddmthatcher.com/2017/01/05/monster-trucks-box-office-prediction/,2017-01-05,Monster Trucks opening weekend prediction: $10.1 million,normalized_exact,Multiple movies share the title
single_movie_missing_opening_date,1669,single_movie_prediction,ambiguous,Silence,,,3000000,3,1,1439,Silence Box Office Prediction,https://toddmthatcher.com/2017/01/05/silence-box-office-prediction/,2017-01-05,Silence opening weekend prediction: $3 million,normalized_exact,Multiple movies share the title
single_movie_missing_opening_date,1671,single_movie_prediction,ambiguous,The Bye Bye Man,,,8800000,6,1,1443,The Bye Bye Man Box Office Prediction,https://toddmthatcher.com/2017/01/05/the-bye-bye-man-box-office-prediction/,2017-01-05,The Bye Bye Man opening weekend prediction: $8.8 million,normalized_exact,Multiple movies share the title
single_movie_missing_opening_date,1672,single_movie_prediction,ambiguous,Live by Night,,,13200000,3,1,1445,Live by Night Box Office Prediction,https://toddmthatcher.com/2017/01/04/live-by-night-box-office-prediction/,2017-01-04,Live by Night opening weekend prediction: $13.2 million,normalized_exact,Multiple movies share the title
single_movie_missing_opening_date,1670,single_movie_prediction,ambiguous,Patriots Day,,,23600000,5,1,1441,Patriots Day Box Office Prediction,https://toddmthatcher.com/2017/01/04/patriots-day-box-office-prediction/,2017-01-04,Patriots Day opening weekend prediction: $23.6 million,normalized_exact,Multiple movies share the title
single_movie_missing_opening_date,1673,single_movie_prediction,ambiguous,Sleepless,,,10300000,4,1,1447,Sleepless Box Office Prediction,https://toddmthatcher.com/2017/01/04/sleepless-box-office-prediction/,2017-01-04,Sleepless opening weekend prediction: $10.3 million,normalized_exact,Multiple movies share the title
single_movie_missing_opening_date,1657,single_movie_prediction,unmatched,A Monster Calls,,,3400000,1,1,1433,A Monster Calls Box Office Prediction,https://toddmthatcher.com/2016/12/29/a-monster-calls-box-office-prediction/,2016-12-29,A Monster Calls opening weekend prediction: $3.4 million,normalized_exact,No movie title matched
single_movie_missing_opening_date,1656,single_movie_prediction,ambiguous,Hidden Figures,,,19300000,21,1,1431,Hidden Figures Box Office Prediction,https://toddmthatcher.com/2016/12/29/hidden-figures-box-office-prediction/,2016-12-29,Hidden Figures opening weekend prediction: $19.3 million,normalized_exact,Multiple movies share the title
single_movie_missing_opening_date,1655,single_movie_prediction,ambiguous,Underworld: Blood Wars,,,17600000,3,1,1429,Underworld: Blood Wars Box Office Prediction,https://toddmthatcher.com/2016/12/28/underworld-blood-wars-box-office-prediction/,2016-12-28,Underworld: Blood Wars opening weekend prediction: $17.6 million,normalized_exact,Multiple movies share the title
single_movie_missing_opening_date,1630,single_movie_prediction,ambiguous,Assassin’s Creed,,,19800000,0,0,1415,Assassin’s Creed Box Office Prediction,https://toddmthatcher.com/2016/12/14/assassins-creed-box-office-prediction/,2016-12-15,"Assassin’s Creed opening weekend prediction: $19.8 million (Friday to Monday), $28.1 million (Wednesday to Monday)",normalized_exact,Multiple movies share the title
single_movie_missing_opening_date,1631,single_movie_prediction,ambiguous,Fences,,,8600000,8,1,1417,Fences Box Office Prediction,https://toddmthatcher.com/2016/12/14/fences-box-office-prediction/,2016-12-15,Fences opening weekend prediction: $8.6 million (Sunday-Monday),normalized_exact,Multiple movies share the title
single_movie_missing_opening_date,1634,single_movie_prediction,ambiguous,Why Him?,,,13200000,0,0,1423,Why Him? Box Office Prediction,https://toddmthatcher.com/2016/12/14/why-him-box-office-prediction/,2016-12-15,Why Him? opening weekend prediction: $13.2 million (Friday to Monday),normalized_exact,Multiple movies share the title
single_movie_missing_opening_date,1632,single_movie_prediction,ambiguous,Passengers,,,31400000,8,1,1419,Passengers Box Office Prediction,https://toddmthatcher.com/2016/12/14/passengers-box-office-prediction/,2016-12-14,"Passengers opening weekend prediction: $31.4 million (Friday to Monday), $42 million (Wednesday to Monday)",normalized_exact,Multiple movies share the title
single_movie_missing_opening_date,1633,single_movie_prediction,ambiguous,Sing,,,55300000,15,1,1421,Sing Box Office Prediction,https://toddmthatcher.com/2016/12/14/sing-box-office-prediction/,2016-12-14,"Sing opening weekend prediction: $55.3 million (Friday to Monday), $74.1 million (Wednesday to Monday)",normalized_exact,Multiple movies share the title
single_movie_missing_opening_date,1623,single_movie_prediction,ambiguous,Collateral Beauty,,,11400000,8,1,1411,Collateral Beauty Box Office Prediction,https://toddmthatcher.com/2016/12/06/collateral-beauty-box-office-prediction/,2016-12-06,Collateral Beauty opening weekend prediction: $11.4 million,normalized_exact,Multiple movies share the title
single_movie_missing_opening_date,1615,single_movie_prediction,ambiguous,Rogue One: A Star Wars Story,,,168300000,16,1,1405,Rogue One: A Star Wars Story Box Office Prediction,https://toddmthatcher.com/2016/12/06/rogue-one-a-star-wars-story-box-office-prediction/,2016-12-06,Rogue One: A Star Wars Story opening weekend prediction: $168.3 million,normalized_exact,Multiple movies share the title
single_movie_missing_opening_date,1614,single_movie_prediction,ambiguous,Miss Sloane,,,4600000,3,1,1403,Miss Sloane Box Office Prediction,https://toddmthatcher.com/2016/12/02/miss-sloane-box-office-prediction/,2016-12-03,Miss Sloane opening weekend prediction: $4.6 million,normalized_exact,Multiple movies share the title
single_movie_missing_opening_date,1616,single_movie_prediction,ambiguous,Office Christmas Party,,,18400000,9,1,1407,Office Christmas Party Box Office Prediction,https://toddmthatcher.com/2016/11/30/office-christmas-party-box-office-prediction/,2016-11-30,Office Christmas Party opening weekend prediction: $18.4 million,normalized_exact,Multiple movies share the title
single_movie_missing_opening_date,1608,single_movie_prediction,ambiguous,Incarnate,,,1700000,3,1,1399,Incarnate Box Office Prediction,https://toddmthatcher.com/2016/11/24/incarnate-box-office-prediction/,2016-11-24,Incarnate opening weekend prediction: $1.7 million,normalized_exact,Multiple movies share the title
single_movie_missing_opening_date,1597,single_movie_prediction,ambiguous,Allied,,,14200000,7,1,1395,Allied Box Office Prediction,https://toddmthatcher.com/2016/11/16/allied-box-office-prediction/,2016-11-17,"Allied opening weekend prediction: $14.2 million (Friday to Sunday), $21.1 million (Wednesday to Sunday)",normalized_exact,Multiple movies share the title
single_movie_missing_opening_date,1594,single_movie_prediction,ambiguous,Bad Santa 2,,,8100000,5,1,1389,Bad Santa 2 Box Office Prediction,https://toddmthatcher.com/2016/11/16/bad-santa-2-box-office-prediction/,2016-11-17,"Bad Santa 2 opening weekend prediction: $8.1 million (Friday to Sunday), $10.8 million (Wednesday to Sunday)",normalized_exact,Multiple movies share the title
single_movie_missing_opening_date,1595,single_movie_prediction,ambiguous,Moana,,,56400000,10,1,1391,Moana Box Office Prediction,https://toddmthatcher.com/2016/11/16/moana-box-office-prediction/,2016-11-16,"Moana opening weekend prediction: $56.4 million (Friday to Sunday), $77.2 million (Wednesday to Sunday)",normalized_exact,Multiple movies share the title
single_movie_missing_opening_date,1585,single_movie_prediction,ambiguous,Fantastic Beasts and Where to Find Them,,,83100000,12,1,1381,Fantastic Beasts and Where To Find Them Box Office Prediction,https://toddmthatcher.com/2016/11/09/fantastic-beasts-and-where-to-find-them-box-office-prediction/,2016-11-09,Fantastic Beasts and Where to Find Them opening weekend prediction: $83.1 million,normalized_exact,Multiple movies share the title
single_movie_missing_opening_date,1576,single_movie_prediction,ambiguous,Almost Christmas,,,18300000,6,1,1371,Almost Christmas Box Office Prediction,https://toddmthatcher.com/2016/11/02/almost-christmas-box-office-prediction/,2016-11-02,Almost Christmas opening weekend prediction: $18.3 million,normalized_exact,Multiple movies share the title
single_movie_missing_opening_date,1578,single_movie_prediction,ambiguous,Arrival,,,22400000,10,1,1375,Arrival Box Office Prediction,https://toddmthatcher.com/2016/11/02/arrival-box-office-prediction/,2016-11-02,Arrival opening weekend prediction: $22.4 million,normalized_exact,Multiple movies share the title
single_movie_missing_opening_date,1570,single_movie_prediction,ambiguous,Hacksaw Ridge,,,12100000,9,1,1367,Hacksaw Ridge Box Office Prediction,https://toddmthatcher.com/2016/10/26/hacksaw-ridge-box-office-prediction/,2016-10-26,Hacksaw Ridge opening weekend prediction: $12.1 million,normalized_exact,Multiple movies share the title
single_movie_missing_opening_date,1569,single_movie_prediction,ambiguous,Trolls,,,34600000,10,1,1365,Trolls Box Office Prediction,https://toddmthatcher.com/2016/10/26/trolls-box-office-prediction/,2016-10-26,Trolls opening weekend prediction: $34.6 million,normalized_exact,Multiple movies share the title
single_movie_missing_opening_date,1568,single_movie_prediction,ambiguous,Doctor Strange,,,77300000,11,1,1363,Doctor Strange Box Office Prediction,https://toddmthatcher.com/2016/10/25/doctor-strange-box-office-prediction/,2016-10-25,Doctor Strange opening weekend prediction: $77.3 million,normalized_exact,Multiple movies share the title
single_movie_missing_opening_date,1562,single_movie_prediction,ambiguous,Inferno,,,30600000,4,1,1359,Inferno Box Office Prediction,https://toddmthatcher.com/2016/10/19/inferno-box-office-prediction/,2016-10-19,Inferno opening weekend prediction: $30.6 million,normalized_exact,Multiple movies share the title
single_movie_missing_opening_date,1553,single_movie_prediction,ambiguous,Boo! A Madea Halloween,,,12500000,4,0,1349,Boo! A Madea Halloween Box Office Prediction,https://toddmthatcher.com/2016/10/12/boo-a-madea-halloween-box-office-prediction/,2016-10-13,Boo! A Madea Halloween opening weekend prediction: $12.5 million,normalized_exact,Multiple movies share the title
single_movie_missing_opening_date,1554,single_movie_prediction,ambiguous,Jack Reacher: Never Go Back,,,23900000,5,1,1351,Jack Reacher: Never Go Back Box Office Prediction,https://toddmthatcher.com/2016/10/11/jack-reacher-never-go-back-box-office-prediction/,2016-10-12,Jack Reacher: Never Go Back opening weekend prediction: $23.9 million,normalized_exact,Multiple movies share the title
single_movie_missing_opening_date,1555,single_movie_prediction,ambiguous,Keeping Up with the Joneses,,,10100000,3,1,1353,Keeping Up with the Joneses Box Office Prediction,https://toddmthatcher.com/2016/10/12/keeping-up-with-the-joneses-box-office-prediction/,2016-10-12,Keeping Up with the Joneses opening weekend prediction: $10.1 million,normalized_exact,Multiple movies share the title
single_movie_missing_opening_date,1556,single_movie_prediction,ambiguous,Ouija: Origin of Evil,,,15200000,4,1,1355,Ouija: Origin of Evil Box Office Prediction,https://toddmthatcher.com/2016/10/12/ouija-origin-of-evil-box-office-prediction/,2016-10-12,Ouija: Origin of Evil opening weekend prediction: $15.2 million,normalized_exact,Multiple movies share the title
single_movie_missing_opening_date,1545,single_movie_prediction,ambiguous,Kevin Hart: What Now?,,,13500000,0,0,1341,Kevin Hart: What Now? Box Office Prediction,https://toddmthatcher.com/2016/10/05/kevin-hart-what-now-box-office-prediction/,2016-10-05,Kevin Hart: What Now? opening weekend prediction: $13.5 million,normalized_exact,Multiple movies share the title
single_movie_missing_opening_date,1546,single_movie_prediction,ambiguous,The Accountant,,,17600000,7,1,1343,The Accountant Box Office Prediction,https://toddmthatcher.com/2016/10/05/the-accountant-box-office-prediction/,2016-10-05,The Accountant opening weekend prediction: $17.6 million,normalized_exact,Multiple movies share the title
single_movie_missing_opening_date,1537,single_movie_prediction,ambiguous,Middle School: The Worst Years of My Life,,,7800000,3,1,1337,Middle School: The Worst Years of My Life Box Office Prediction,https://toddmthatcher.com/2016/09/28/middle-school-the-worst-years-of-my-life-box-office-prediction/,2016-09-28,Middle School: The Worst Years of My Life opening weekend prediction: $7.8 million,normalized_exact,Multiple movies share the title
single_movie_missing_opening_date,1535,single_movie_prediction,ambiguous,The Birth of a Nation,,,10500000,3,1,1333,The Birth of a Nation Box Office Prediction,https://toddmthatcher.com/2016/09/28/the-birth-of-a-nation-box-office-prediction/,2016-09-28,The Birth of a Nation opening weekend prediction: $10.5 million,normalized_exact,Multiple movies share the title
single_movie_missing_opening_date,1527,single_movie_prediction,unmatched,Queen of Katwe,,,5000000,1,1,1329,Queen of Katwe Box Office Prediction,https://toddmthatcher.com/2016/09/23/queen-of-katwe-box-office-prediction/,2016-09-23,Queen of Katwe opening weekend prediction: $5 million,normalized_exact,No movie title matched
single_movie_missing_opening_date,1524,single_movie_prediction,ambiguous,Deepwater Horizon,,,24700000,6,1,1323,Deepwater Horizon Box Office Prediction,https://toddmthatcher.com/2016/09/21/deepwater-horizon-box-office-prediction/,2016-09-21,Deepwater Horizon opening weekend prediction: $24.7 million,normalized_exact,Multiple movies share the title
single_movie_missing_opening_date,1526,single_movie_prediction,ambiguous,Miss Peregrine’s Home for Peculiar Children,,,19600000,0,0,1327,Miss Peregrine’s Home for Peculiar Children Box Office Prediction,https://toddmthatcher.com/2016/09/21/miss-peregrines-home-for-peculiar-children-box-office-prediction/,2016-09-21,Miss Peregrine’s Home for Peculiar Children opening weekend prediction: $19.6 million,normalized_exact,Multiple movies share the title
single_movie_missing_opening_date,1517,single_movie_prediction,ambiguous,Storks,,,27900000,7,1,1319,Storks Box Office Prediction,https://toddmthatcher.com/2016/09/14/storks-box-office-prediction/,2016-09-14,Storks opening weekend prediction: $27.9 million,normalized_exact,Multiple movies share the title
single_movie_missing_opening_date,1509,single_movie_prediction,ambiguous,Snowden,,,6800000,4,1,1311,Snowden Box Office Prediction,https://toddmthatcher.com/2016/09/07/snowden-box-office-prediction/,2016-09-08,Snowden opening weekend prediction: $6.8 million,normalized_exact,Multiple movies share the title
single_movie_missing_opening_date,1507,single_movie_prediction,ambiguous,Blair Witch,,,27400000,3,1,1307,Blair Witch Box Office Prediction,https://toddmthatcher.com/2016/09/07/blair-witch-box-office-prediction/,2016-09-07,Blair Witch opening weekend prediction: $27.4 million,normalized_exact,Multiple movies share the title
single_movie_missing_opening_date,1508,single_movie_prediction,ambiguous,Bridget Jones’s Baby,,,12300000,0,0,1309,Bridget Jones’s Baby Box Office Prediction,https://toddmthatcher.com/2016/09/07/bridget-joness-baby-box-office-prediction/,2016-09-07,Bridget Jones’s Baby opening weekend prediction: $12.3 million,normalized_exact,Multiple movies share the title
single_movie_missing_opening_date,1499,single_movie_prediction,ambiguous,The Disappointments Room,,,2300000,6,1,1299,The Disappointments Room Box Office Prediction,https://toddmthatcher.com/2016/09/01/the-disappointments-room-box-office-prediction/,2016-09-02,The Disappointments Room opening weekend prediction: $2.3 million,normalized_exact,Multiple movies share the title
single_movie_missing_opening_date,1500,single_movie_prediction,ambiguous,The Wild Life,,,3200000,3,0,1301,The Wild Life Box Office Prediction,https://toddmthatcher.com/2016/09/02/the-wild-life-box-office-prediction/,2016-09-02,The Wild Life opening weekend prediction: $3.2 million,normalized_exact,Multiple movies share the title
single_movie_missing_opening_date,1501,single_movie_prediction,ambiguous,Sully,,,28500000,7,1,1303,Sully Box Office Prediction,https://toddmthatcher.com/2016/08/31/sully-box-office-prediction/,2016-08-31,Sully opening weekend prediction: $28.5 million,normalized_exact,Multiple movies share the title
single_movie_missing_opening_date,1498,single_movie_prediction,ambiguous,When the Bough Breaks,,,22700000,5,1,1297,When the Bough Breaks Box Office Prediction,https://toddmthatcher.com/2016/08/31/when-the-bough-breaks-box-office-prediction/,2016-08-31,When the Bough Breaks opening weekend prediction: $22.7 million,normalized_exact,Multiple movies share the title
single_movie_missing_opening_date,1481,single_movie_prediction,ambiguous,Morgan,,,9000000,3,1,1289,Morgan Box Office Prediction,https://toddmthatcher.com/2016/08/24/morgan-box-office-prediction/,2016-08-24,"Morgan opening weekend prediction: $9 million (Friday to Sunday), $10.6 million (Friday to Monday)",normalized_exact,Multiple movies share the title
single_movie_missing_opening_date,1482,single_movie_prediction,ambiguous,The Light Between Oceans,,,9500000,3,1,1291,The Light Between Oceans Box Office Prediction,https://toddmthatcher.com/2016/08/24/the-light-between-oceans-box-office-prediction/,2016-08-24,"The Light Between Oceans opening weekend prediction: $9.5 million (Friday to Sunday), $11.3 million (Friday to Monday)",normalized_exact,Multiple movies share the title
single_movie_missing_opening_date,1479,single_movie_prediction,ambiguous,Don’t Breathe,,,12400000,0,0,1285,Don’t Breathe Box Office Prediction,https://toddmthatcher.com/2016/08/16/dont-breathe-box-office-prediction/,2016-08-17,Don’t Breathe opening weekend prediction: $12.4 million,normalized_exact,Multiple movies share the title
single_movie_missing_opening_date,1480,single_movie_prediction,ambiguous,Hands of Stone,,,3200000,5,1,1287,Hands of Stone Box Office Prediction,https://toddmthatcher.com/2016/08/17/hands-of-stone-box-office-prediction/,2016-08-17,Hands of Stone opening weekend prediction: $3.2 million,normalized_exact,Multiple movies share the title
single_movie_missing_opening_date,1478,single_movie_prediction,ambiguous,Mechanic: Resurrection,,,8500000,5,1,1283,Mechanic: Resurrection Box Office Prediction,https://toddmthatcher.com/2016/08/16/mechanic-resurrection-box-office-prediction/,2016-08-17,Mechanic: Resurrection opening weekend prediction: $8.5 million,normalized_exact,Multiple movies share the title
single_movie_missing_opening_date,1471,single_movie_prediction,ambiguous,Kubo and the Two Strings,,,17000000,10,1,1277,Kubo and the Two Strings Box Office Prediction,https://toddmthatcher.com/2016/08/10/kubo-and-the-two-strings-box-office-prediction/,2016-08-11,Kubo and the Two Strings opening weekend prediction: $17 million,normalized_exact,Multiple movies share the title
single_movie_missing_opening_date,1470,single_movie_prediction,ambiguous,Ben-Hur,,,16300000,7,1,1275,Ben-Hur Box Office Prediction,https://toddmthatcher.com/2016/08/10/ben-hur-box-office-prediction/,2016-08-10,Ben-Hur opening weekend prediction: $16.3 million,normalized_exact,Multiple movies share the title
single_movie_missing_opening_date,1472,single_movie_prediction,ambiguous,War Dogs,,,13400000,8,1,1279,War Dogs Box Office Prediction,https://toddmthatcher.com/2016/08/10/war-dogs-box-office-prediction/,2016-08-10,War Dogs opening weekend prediction: $13.4 million,normalized_exact,Multiple movies share the title
single_movie_missing_opening_date,1463,single_movie_prediction,ambiguous,Florence Foster Jenkins,,,8200000,8,1,1269,Florence Foster Jenkins Box Office Prediction,https://toddmthatcher.com/2016/08/03/florence-foster-jenkins-box-office-prediction/,2016-08-04,Florence Foster Jenkins opening weekend prediction: $8.2 million,normalized_exact,Multiple movies share the title
single_movie_missing_opening_date,1464,single_movie_prediction,ambiguous,Pete’s Dragon,,,29800000,0,0,1271,Pete’s Dragon Box Office Prediction,https://toddmthatcher.com/2016/08/03/petes-dragon-box-office-prediction/,2016-08-03,Pete’s Dragon opening weekend prediction: $29.8 million,normalized_exact,Multiple movies share the title
single_movie_missing_opening_date,1462,single_movie_prediction,ambiguous,Sausage Party,,,19400000,9,1,1267,Sausage Party Box Office Prediction,https://toddmthatcher.com/2016/08/03/sausage-party-box-office-prediction/,2016-08-03,Sausage Party opening weekend prediction: $19.4 million,normalized_exact,Multiple movies share the title
single_movie_missing_opening_date,1445,single_movie_prediction,ambiguous,Nine Lives,,,9800000,9,1,1257,Nine Lives Box Office Prediction,https://toddmthatcher.com/2016/07/26/nine-lives-box-office-prediction/,2016-07-26,Nine Lives opening weekend prediction: $9.8 million,normalized_exact,Multiple movies share the title
single_movie_missing_opening_date,1446,single_movie_prediction,ambiguous,Suicide Squad,,,144300000,15,1,1259,Suicide Squad Box Office Prediction,https://toddmthatcher.com/2016/07/26/suicide-squad-box-office-prediction/,2016-07-26,Suicide Squad opening weekend prediction: $144.3 million,normalized_exact,Multiple movies share the title
single_movie_missing_opening_date,1443,single_movie_prediction,ambiguous,Bad Moms,,,26000000,14,1,1253,Bad Moms Box Office Prediction,https://toddmthatcher.com/2016/07/20/bad-moms-box-office-prediction/,2016-07-20,Bad Moms opening weekend prediction: $26 million,normalized_exact,Multiple movies share the title
single_movie_missing_opening_date,1444,single_movie_prediction,ambiguous,Jason Bourne,,,67600000,13,1,1255,Jason Bourne Box Office Prediction,https://toddmthatcher.com/2016/07/20/jason-bourne-box-office-prediction/,2016-07-20,Jason Bourne opening weekend prediction: $67.6 million,normalized_exact,Multiple movies share the title
single_movie_missing_opening_date,1447,single_movie_prediction,ambiguous,Nerve,,,4400000,10,1,1261,Nerve Box Office Prediction,https://toddmthatcher.com/2016/07/20/nerve-box-office-prediction/,2016-07-20,"Nerve opening weekend prediction: $4.4 million (Friday to Sunday), $5.4 million (Wednesday to Sunday)",normalized_exact,Multiple movies share the title
single_movie_missing_opening_date,1437,single_movie_prediction,unmatched,Hillary’s America: The Secret History of the Democratic Party,,,7100000,0,0,1247,Hillary’s America: The Secret History of the Democratic Party Box Office Prediction,https://toddmthatcher.com/2016/07/19/hillarys-america-the-secret-history-of-the-democratic-party-box-office-prediction/,2016-07-19,Hillary’s America: The Secret History of the Democratic Party opening weekend prediction: $7.1 million,normalized_exact,No movie title matched
single_movie_missing_opening_date,1354,single_movie_prediction,unmatched,Mother’s Day,,,14700000,0,0,1165,Mother’s Day Box Office Prediction,https://toddmthatcher.com/2016/04/22/mothers-day-box-office-prediction/,2016-04-23,Mother’s Day opening weekend prediction: $14.7 million,normalized_exact,No movie title matched
single_movie_missing_opening_date,1342,single_movie_prediction,unmatched,Criminal,,,9300000,2,1,1153,Criminal Box Office Prediction,https://toddmthatcher.com/2016/04/06/criminal-box-office-prediction/,2016-04-07,Criminal opening weekend prediction: $9.3 million,normalized_exact,No movie title matched
single_movie_missing_opening_date,1341,single_movie_prediction,unmatched,The Jungle Book,,,74600000,2,1,1151,The Jungle Book Box Office Prediction,https://toddmthatcher.com/2016/04/06/the-jungle-book-box-office-prediction/,2016-04-06,The Jungle Book opening weekend prediction: $74.6 million,normalized_exact,No movie title matched
single_movie_missing_opening_date,1302,single_movie_prediction,unmatched,The Other Side of the Door,,,2100000,1,1,1111,The Other Side of the Door Box Office Prediction,https://toddmthatcher.com/2016/02/25/the-other-side-of-the-door-box-office-prediction/,2016-02-26,The Other Side of the Door opening weekend prediction: $2.1 million,normalized_exact,No movie title matched
single_movie_missing_opening_date,1282,single_movie_prediction,unmatched,Race,,,10600000,2,1,1089,Race Box Office Prediction,https://toddmthatcher.com/2016/02/11/race-box-office-prediction/,2016-02-11,Race opening weekend prediction: $10.6 million,normalized_exact,No movie title matched
single_movie_missing_opening_date,1276,single_movie_prediction,unmatched,Zoolander No. 2,,,20900000,0,0,1083,Zoolander No. 2 Box Office Prediction,https://toddmthatcher.com/2016/02/03/zoolander-no-2-box-office-prediction/,2016-02-04,Zoolander No. 2 opening weekend prediction: $20.9 million,normalized_exact,No movie title matched
single_movie_missing_opening_date,1263,single_movie_prediction,unmatched,Jane Got a Gun,,,1700000,1,1,1069,Jane Got a Gun Box Office Prediction,https://toddmthatcher.com/2016/01/21/jane-got-a-gun-box-office-prediction/,2016-01-22,Jane Got a Gun opening weekend prediction: $1.7 million,normalized_exact,No movie title matched
single_movie_missing_opening_date,1252,single_movie_prediction,ambiguous,The 5th Wave,,,11400000,3,1,1055,The 5th Wave Box Office Prediction,https://toddmthatcher.com/2016/01/14/the-5th-wave-box-office-prediction/,2016-01-15,The 5th Wave opening weekend prediction: $11.4 million,normalized_exact,Multiple movies share the title
single_movie_missing_opening_date,1253,single_movie_prediction,ambiguous,The Boy,,,12100000,3,1,1057,The Boy Box Office Prediction,https://toddmthatcher.com/2016/01/15/the-boy-box-office-prediction/,2016-01-15,The Boy opening weekend prediction: $12.1 million,normalized_exact,Multiple movies share the title
single_movie_missing_opening_date,1254,single_movie_prediction,ambiguous,Dirty Grandpa,,,14600000,3,1,1059,Dirty Grandpa Box Office Prediction,https://toddmthatcher.com/2016/01/14/dirty-grandpa-box-office-prediction/,2016-01-14,Dirty Grandpa opening weekend prediction: $14.6 million,normalized_exact,Multiple movies share the title
single_movie_missing_opening_date,1246,single_movie_prediction,unmatched,Norm of the North,,,9300000,1,1,1049,Norm of the North Box Office Prediction,https://toddmthatcher.com/2016/01/07/norm-of-the-north-box-office-prediction/,2016-01-08,Norm of the North opening weekend prediction: $9.3 million,normalized_exact,No movie title matched
single_movie_missing_opening_date,1245,single_movie_prediction,ambiguous,13 Hours: The Secret Soldiers of Benghazi,,,29300000,3,1,1047,13 Hours: The Secret Soldiers of Benghazi Box Office Prediction,https://toddmthatcher.com/2016/01/07/13-hours-the-secret-soldiers-of-benghazi-box-office-prediction/,2016-01-07,13 Hours: The Secret Soldiers of Benghazi opening weekend prediction: $29.3 million,normalized_exact,Multiple movies share the title
single_movie_missing_opening_date,1247,single_movie_prediction,ambiguous,Ride Along 2,,,45500000,4,1,1051,Ride Along 2 Box Office Prediction,https://toddmthatcher.com/2016/01/07/ride-along-2-box-office-prediction/,2016-01-07,Ride Along 2 opening weekend prediction: $45.5 million,normalized_exact,Multiple movies share the title
single_movie_missing_opening_date,1240,single_movie_prediction,unmatched,The Masked Saint,,,4000000,1,1,1043,The Masked Saint Box Office Prediction,https://toddmthatcher.com/2015/12/31/the-masked-saint-box-office-prediction/,2015-12-31,The Masked Saint opening weekend prediction: $4 million,normalized_exact,No movie title matched
single_movie_missing_opening_date,1239,single_movie_prediction,unmatched,The Revenant,,,33200000,8,1,1041,The Revenant Box Office Prediction,https://toddmthatcher.com/2015/12/30/the-revenant-box-office-prediction/,2015-12-31,The Revenant opening weekend prediction: $33.2 million,normalized_exact,No movie title matched
single_movie_missing_opening_date,1216,single_movie_prediction,unmatched,Point Break,,,11000000,2,1,1029,Point Break Box Office Prediction,https://toddmthatcher.com/2015/12/15/point-break-box-office-prediction/,2015-12-16,Point Break opening weekend prediction: $11 million,normalized_exact,No movie title matched
single_movie_missing_opening_date,1213,single_movie_prediction,unmatched,Concussion,,,13800000,2,1,1023,Concussion Box Office Prediction,https://toddmthatcher.com/2015/12/15/concussion-box-office-prediction/,2015-12-15,Concussion opening weekend prediction: $13.8 million,normalized_exact,No movie title matched
single_movie_missing_opening_date,1185,single_movie_prediction,ambiguous,Creed,,,19600000,4,1,999,Creed Box Office Prediction,https://toddmthatcher.com/2015/11/19/creed-box-office-prediction/,2015-11-19,"Creed opening weekend prediction: $19.6 million (Friday to Sunday), $27.4 million (Wednesday to Sunday)",normalized_exact,Multiple movies share the title
single_movie_missing_opening_date,1184,single_movie_prediction,ambiguous,The Good Dinosaur,,,56600000,4,1,997,The Good Dinosaur Box Office Prediction,https://toddmthatcher.com/2015/11/18/the-good-dinosaur-box-office-prediction/,2015-11-19,"The Good Dinosaur opening weekend prediction: $56.6 million (Friday to Sunday), $78.9 million (Wednesday to Sunday)",normalized_exact,Multiple movies share the title
single_movie_missing_opening_date,1186,single_movie_prediction,unmatched,Victor Frankenstein,,,10800000,1,1,1001,Victor Frankenstein Box Office Prediction,https://toddmthatcher.com/2015/11/19/victor-frankenstein-box-office-prediction/,2015-11-19,"Victor Frankenstein opening weekend prediction: $10.8 million (Friday to Sunday), $14.8 million (Wednesday to Sunday)",normalized_exact,No movie title matched
single_movie_missing_opening_date,1177,single_movie_prediction,unmatched,Secret in Their Eyes,,,5100000,1,1,991,Secret in Their Eyes Box Office Prediction,https://toddmthatcher.com/2015/11/14/secret-in-their-eyes-box-office-prediction/,2015-11-14,Secret in Their Eyes opening weekend prediction: $5.1 million,normalized_exact,No movie title matched
single_movie_missing_opening_date,1176,single_movie_prediction,ambiguous,"The Hunger Games: Mockingjay, Part 2",,,124200000,4,1,989,The Hunger Games: Mockingjay – Part 2 Box Office Prediction,https://toddmthatcher.com/2015/11/12/the-hunger-games-mockingjay-part-2-box-office-prediction/,2015-11-13,"The Hunger Games: Mockingjay, Part 2 opening weekend prediction: $124.2 million",normalized_exact,Multiple movies share the title
single_movie_missing_opening_date,1171,single_movie_prediction,unmatched,My All-American,,,3800000,1,1,985,My All-American Box Office Prediction,https://toddmthatcher.com/2015/11/07/my-all-american-box-office-prediction/,2015-11-07,My All-American opening weekend prediction: $3.8 million,normalized_exact,No movie title matched
single_movie_missing_opening_date,1169,single_movie_prediction,unmatched,Love the Coopers,,,11300000,1,1,981,Love the Coopers Box Office Prediction,https://toddmthatcher.com/2015/11/06/love-the-coopers-box-office-prediction/,2015-11-06,Love the Coopers opening weekend prediction: $11.3 million,normalized_exact,No movie title matched
single_movie_missing_opening_date,1170,single_movie_prediction,unmatched,The 33,,,10000000,1,1,983,The 33 Box Office Prediction,https://toddmthatcher.com/2015/11/06/the-33-box-office-prediction/,2015-11-06,The 33 opening weekend prediction: $10 million,normalized_exact,No movie title matched
single_movie_missing_opening_date,1162,single_movie_prediction,unmatched,The Peanuts Movie,,,43400000,1,1,973,The Peanuts Movie Box Office Prediction,https://toddmthatcher.com/2015/10/29/the-peanuts-movie-box-office-prediction/,2015-10-29,The Peanuts Movie opening weekend prediction: $43.4 million,normalized_exact,No movie title matched
single_movie_missing_opening_date,1157,single_movie_prediction,unmatched,Scouts Guide to the Zombie Apocalypse,,,4200000,1,1,969,Scouts Guide to the Zombie Apocalypse Box Office Prediction,https://toddmthatcher.com/2015/10/22/scouts-guide-to-the-zombie-apocalypse-box-office-prediction/,2015-10-23,Scouts Guide to the Zombie Apocalypse opening weekend prediction: $4.2 million,normalized_exact,No movie title matched
single_movie_missing_opening_date,1155,single_movie_prediction,unmatched,Burnt,,,8900000,1,1,965,Burnt Box Office Prediction,https://toddmthatcher.com/2015/10/22/burnt-box-office-prediction/,2015-10-22,Burnt opening weekend prediction: $8.9 million,normalized_exact,No movie title matched
single_movie_missing_opening_date,1156,single_movie_prediction,unmatched,Our Brand Is Crisis,,,7800000,1,1,967,Our Brand Is Crisis Box Office Prediction,https://toddmthatcher.com/2015/10/22/our-brand-is-crisis-box-office-prediction/,2015-10-22,Our Brand Is Crisis opening weekend prediction: $7.8 million,normalized_exact,No movie title matched
single_movie_missing_opening_date,1141,single_movie_prediction,unmatched,Jem and the Holograms,,,4100000,1,1,953,Jem and the Holograms Box Office Prediction,https://toddmthatcher.com/2015/10/16/jem-and-the-holograms-box-office-prediction/,2015-10-16,Jem and the Holograms opening weekend prediction: $4.1 million,normalized_exact,No movie title matched
single_movie_missing_opening_date,1142,single_movie_prediction,unmatched,Paranormal Activity: The Ghost Dimension,,,9700000,1,1,955,Paranormal Activity: The Ghost Dimension Box Office Prediction,https://toddmthatcher.com/2015/10/16/paranormal-activity-the-ghost-dimension-box-office-prediction/,2015-10-16,Paranormal Activity: The Ghost Dimension opening weekend prediction: $9.7 million,normalized_exact,No movie title matched
single_movie_missing_opening_date,1145,single_movie_prediction,unmatched,Rock the Kasbah,,,7800000,1,1,961,Rock the Kasbah Box Office Prediction,https://toddmthatcher.com/2015/10/16/rock-the-kasbah-box-office-prediction/,2015-10-16,Rock the Kasbah opening weekend prediction: $7.8 million,normalized_exact,No movie title matched
single_movie_missing_opening_date,1143,single_movie_prediction,unmatched,Steve Jobs,,,19600000,1,1,957,Steve Jobs Box Office Prediction,https://toddmthatcher.com/2015/10/16/steve-jobs-box-office-prediction/,2015-10-16,Steve Jobs opening weekend prediction: $19.6 million,normalized_exact,No movie title matched
single_movie_missing_opening_date,1144,single_movie_prediction,unmatched,The Last Witch Hunter,,,15800000,1,1,959,The Last Witch Hunter Box Office Prediction,https://toddmthatcher.com/2015/10/15/the-last-witch-hunter-box-office-prediction/,2015-10-15,The Last Witch Hunter opening weekend prediction: $15.8 million,normalized_exact,No movie title matched
single_movie_missing_opening_date,1140,single_movie_prediction,unmatched,Woodlawn,,,4300000,1,1,951,Woodlawn Box Office Prediction,https://toddmthatcher.com/2015/10/12/woodlawn-box-office-prediction/,2015-10-12,Woodlawn opening weekend prediction: $4.3 million,normalized_exact,No movie title matched
single_movie_missing_opening_date,1133,single_movie_prediction,unmatched,Crimson Peak,,,15800000,1,1,945,Crimson Peak Box Office Prediction,https://toddmthatcher.com/2015/10/08/crimson-peak-box-office-prediction/,2015-10-09,Crimson Peak opening weekend prediction: $15.8 million,normalized_exact,No movie title matched
single_movie_missing_opening_date,1132,single_movie_prediction,unmatched,Bridge of Spies,,,21200000,1,1,943,Bridge of Spies Box Office Prediction,https://toddmthatcher.com/2015/10/08/bridge-of-spies-box-office-prediction/,2015-10-08,Bridge of Spies opening weekend prediction: $21.2 million,normalized_exact,No movie title matched
single_movie_missing_opening_date,1134,single_movie_prediction,unmatched,Goosebumps,,,19400000,1,1,947,Goosebumps Box Office Prediction,https://toddmthatcher.com/2015/10/08/goosebumps-box-office-prediction/,2015-10-08,Goosebumps opening weekend prediction: $19.4 million,normalized_exact,No movie title matched
single_movie_missing_opening_date,1126,single_movie_prediction,unmatched,Pan,,,17600000,1,1,939,Pan Box Office Prediction,https://toddmthatcher.com/2015/10/01/pan-box-office-prediction/,2015-10-02,Pan opening weekend prediction: $17.6 million,normalized_exact,No movie title matched
single_movie_missing_opening_date,1125,single_movie_prediction,unmatched,The Walk,,,11900000,1,1,937,The Walk Box Office Prediction,https://toddmthatcher.com/2015/10/02/the-walk-box-office-prediction/,2015-10-02,The Walk opening weekend prediction: $11.9 million,normalized_exact,No movie title matched
single_movie_missing_opening_date,1119,single_movie_prediction,unmatched,Sicario,,,13000000,1,1,933,Sicario Box Office Prediction,https://toddmthatcher.com/2015/09/27/sicario-box-office-prediction/,2015-09-27,Sicario opening weekend prediction: $13 million,normalized_exact,No movie title matched
single_movie_missing_opening_date,1118,single_movie_prediction,unmatched,The Martian,,,40300000,1,1,931,The Martian Box Office Prediction,https://toddmthatcher.com/2015/09/26/the-martian-box-office-prediction/,2015-09-26,The Martian opening weekend prediction: $40.3 million,normalized_exact,No movie title matched
single_movie_missing_opening_date,1112,single_movie_prediction,unmatched,The Green Inferno,,,2500000,1,1,925,The Green Inferno Box Office Prediction,https://toddmthatcher.com/2015/09/19/the-green-inferno-box-office-prediction/,2015-09-19,The Green Inferno opening weekend prediction: $2.5 million,normalized_exact,No movie title matched
single_movie_missing_opening_date,1113,single_movie_prediction,unmatched,The Intern,,,19000000,1,1,927,The Intern Box Office Prediction,https://toddmthatcher.com/2015/09/19/the-intern-box-office-prediction/,2015-09-19,The Intern opening weekend prediction: $19 million,normalized_exact,No movie title matched
single_movie_missing_opening_date,1111,single_movie_prediction,unmatched,Hotel Transylvania 2,,,34100000,1,1,923,Hotel Transylvania 2 Box Office Prediction,https://toddmthatcher.com/2015/09/18/hotel-transylvania-2-box-office-prediction/,2015-09-18,Hotel Transylvania 2 opening weekend prediction: $34.1 million,normalized_exact,No movie title matched
single_movie_missing_opening_date,1110,single_movie_prediction,unmatched,Everest,,,8600000,1,1,921,Everest Box Office Prediction,https://toddmthatcher.com/2015/09/15/everest-box-office-prediction/,2015-09-15,Everest opening weekend prediction: $8.6 million,normalized_exact,No movie title matched
single_movie_missing_opening_date,1105,single_movie_prediction,unmatched,Captive,,,2300000,1,1,917,Captive Box Office Prediction,https://toddmthatcher.com/2015/09/11/captive-box-office-prediction/,2015-09-12,Captive opening weekend prediction: $2.3 million,normalized_exact,No movie title matched
single_movie_missing_opening_date,1104,single_movie_prediction,unmatched,Maze Runner: The Scorch Trials,,,33800000,1,1,915,Maze Runner: The Scorch Trials Box Office Prediction,https://toddmthatcher.com/2015/09/10/maze-runner-the-scorch-trials-box-office-prediction/,2015-09-11,Maze Runner: The Scorch Trials opening weekend prediction: $33.8 million,normalized_exact,No movie title matched
single_movie_missing_opening_date,1103,single_movie_prediction,unmatched,Black Mass,,,27900000,1,1,913,Black Mass Box Office Prediction,https://toddmthatcher.com/2015/09/10/black-mass-box-office-prediction/,2015-09-10,Black Mass opening weekend prediction: $27.9 million,normalized_exact,No movie title matched
single_movie_missing_opening_date,1096,single_movie_prediction,unmatched,90 Minutes in Heaven,,,10500000,1,1,905,90 Minutes in Heaven Box Office Prediction,https://toddmthatcher.com/2015/09/04/90-minutes-in-heaven-box-office-prediction/,2015-09-04,90 Minutes in Heaven opening weekend prediction: $10.5 million,normalized_exact,No movie title matched
single_movie_missing_opening_date,1097,single_movie_prediction,unmatched,The Perfect Guy,,,21900000,1,1,907,The Perfect Guy Box Office Prediction,https://toddmthatcher.com/2015/09/04/the-perfect-guy-box-office-prediction/,2015-09-04,The Perfect Guy opening weekend prediction: $21.9 million,normalized_exact,No movie title matched
single_movie_missing_opening_date,1098,single_movie_prediction,unmatched,The Visit,,,17000000,1,1,909,The Visit Box Office Prediction,https://toddmthatcher.com/2015/09/04/the-visit-box-office-prediction/,2015-09-04,The Visit opening weekend prediction: $17 million,normalized_exact,No movie title matched
single_movie_missing_opening_date,1090,single_movie_prediction,unmatched,A Walk in the Woods,,,4300000,1,1,901,A Walk in the Woods Box Office Prediction,https://toddmthatcher.com/2015/08/29/a-walk-in-the-woods-box-office-prediction/,2015-08-29,"A Walk in the Woods opening weekend prediction: $4.3 million (Friday to Sunday), $5.8 million (Wednesday to Monday)",normalized_exact,No movie title matched
single_movie_missing_opening_date,1089,single_movie_prediction,unmatched,The Transporter: Refueled,,,10200000,1,1,899,The Transporter Refueled Box Office Prediction,https://toddmthatcher.com/2015/08/28/the-transporter-refueled-box-office-prediction/,2015-08-28,The Transporter: Refueled opening weekend prediction: $10.2 million (Friday to Monday for Labor Day weekend),normalized_exact,No movie title matched
single_movie_missing_opening_date,1088,single_movie_prediction,unmatched,War Room,,,5700000,1,1,897,War Room Box Office Prediction,https://toddmthatcher.com/2015/08/27/war-room-box-office-prediction/,2015-08-27,War Room opening weekend prediction: $5.7 million,normalized_exact,No movie title matched
single_movie_missing_opening_date,1082,single_movie_prediction,unmatched,We Are Your Friends,,,10900000,1,1,891,We Are Your Friends Box Office Prediction,https://toddmthatcher.com/2015/08/20/we-are-your-friends-box-office-prediction/,2015-08-20,We Are Your Friends opening weekend prediction: $10.9 million,normalized_exact,No movie title matched
single_movie_missing_opening_date,1075,single_movie_prediction,unmatched,Hitman: Agent 47,,,6000000,1,1,885,Hitman: Agent 47 Box Office Prediction,https://toddmthatcher.com/2015/08/13/hitman-agent-47-box-office-prediction/,2015-08-14,Hitman: Agent 47 opening weekend prediction: $6 million,normalized_exact,No movie title matched
single_movie_missing_opening_date,1074,single_movie_prediction,unmatched,American Ultra,,,9800000,1,1,883,American Ultra Box Office Prediction,https://toddmthatcher.com/2015/08/13/american-ultra-box-office-prediction/,2015-08-13,American Ultra opening weekend prediction: $9.8 million,normalized_exact,No movie title matched
single_movie_missing_opening_date,1076,single_movie_prediction,unmatched,Sinister 2,,,16200000,1,1,887,Sinister 2 Box Office Prediction,https://toddmthatcher.com/2015/08/13/sinister-2-box-office-prediction/,2015-08-13,Sinister 2 opening weekend prediction: $16.2 million,normalized_exact,No movie title matched
single_movie_missing_opening_date,1068,single_movie_prediction,unmatched,Straight Outta Compton,,,39300000,1,1,877,Straight Outta Compton Box Office Prediction,https://toddmthatcher.com/2015/08/06/straight-outta-compton-box-office-prediction/,2015-08-06,Straight Outta Compton opening weekend prediction: $39.3 million,normalized_exact,No movie title matched
single_movie_missing_opening_date,1069,single_movie_prediction,unmatched,The Man from U.N.C.L.E.,,,18600000,0,0,879,The Man from U.N.C.L.E. Box Office Prediction,https://toddmthatcher.com/2015/08/06/the-man-from-u-n-c-l-e-box-office-prediction/,2015-08-06,The Man from U.N.C.L.E. opening weekend prediction: $18.6 million,normalized_exact,No movie title matched
single_movie_missing_opening_date,1062,single_movie_prediction,unmatched,Shaun the Sheep Movie,,,8200000,0,0,873,Shaun the Sheep Movie Box Office Prediction,https://toddmthatcher.com/2015/08/01/shaun-the-sheep-movie-box-office-prediction/,2015-08-01,Shaun the Sheep Movie opening weekend prediction: $8.2 million,normalized_exact,No movie title matched
single_movie_missing_opening_date,1060,single_movie_prediction,unmatched,Ricki and the Flash,,,11400000,1,1,869,Ricki and the Flash Box Office Prediction,https://toddmthatcher.com/2015/07/31/ricki-and-the-flash-box-office-prediction/,2015-07-31,Ricki and the Flash opening weekend prediction: $11.4 million,normalized_exact,No movie title matched
single_movie_missing_opening_date,1061,single_movie_prediction,unmatched,The Gift,,,16800000,1,1,871,The Gift Box Office Prediction,https://toddmthatcher.com/2015/07/31/the-gift-box-office-prediction/,2015-07-31,The Gift opening weekend prediction: $16.8 million,normalized_exact,No movie title matched
single_movie_missing_opening_date,1059,single_movie_prediction,unmatched,Fantastic Four,,,47700000,1,1,867,Fantastic Four Box Office Prediction,https://toddmthatcher.com/2015/07/30/fantastic-four-box-office-prediction/,2015-07-30,Fantastic Four opening weekend prediction: $47.7 million,normalized_exact,No movie title matched
single_movie_missing_opening_date,1051,single_movie_prediction,unmatched,Vacation,,,17100000,1,1,863,Vacation Box Office Prediction,https://toddmthatcher.com/2015/07/24/vacation-box-office-prediction/,2015-07-24,"Vacation opening weekend prediction: $17.1 million (Friday to Sunday), $24.7 million (Wednesday to Sunday)",normalized_exact,No movie title matched
single_movie_missing_opening_date,1050,single_movie_prediction,unmatched,Mission: Impossible – Rogue Nation,,,52300000,1,1,861,Mission: Impossible – Rogue Nation Box Office Prediction,https://toddmthatcher.com/2015/07/23/mission-impossible-rogue-nation-box-office-prediction/,2015-07-23,Mission: Impossible – Rogue Nation opening weekend prediction: $52.3 million,normalized_exact,No movie title matched
single_movie_missing_opening_date,1042,single_movie_prediction,unmatched,Paper Towns,,,26800000,1,1,855,Paper Towns Box Office Prediction,https://toddmthatcher.com/2015/07/17/paper-towns-box-office-prediction/,2015-07-17,Paper Towns opening weekend prediction: $26.8 million,normalized_exact,No movie title matched
single_movie_missing_opening_date,1043,single_movie_prediction,unmatched,Southpaw,,,12900000,1,1,857,Southpaw Box Office Prediction,https://toddmthatcher.com/2015/07/17/southpaw-box-office-prediction/,2015-07-17,Southpaw opening weekend prediction: $12.9 million,normalized_exact,No movie title matched
single_movie_missing_opening_date,1041,single_movie_prediction,unmatched,Pixels,,,49000000,1,1,853,Pixels Box Office Prediction,https://toddmthatcher.com/2015/07/16/pixels-box-office-prediction/,2015-07-16,Pixels opening weekend prediction: $49 million,normalized_exact,No movie title matched
single_movie_missing_opening_date,1034,single_movie_prediction,unmatched,Ant-Man,,,73300000,1,1,847,Ant-Man Box Office Prediction,https://toddmthatcher.com/2015/07/09/ant-man-box-office-prediction/,2015-07-10,Ant-Man opening weekend prediction: $73.3 million,normalized_exact,No movie title matched
single_movie_missing_opening_date,1035,single_movie_prediction,unmatched,Trainwreck,,,27800000,1,1,849,Trainwreck Box Office Prediction,https://toddmthatcher.com/2015/07/10/trainwreck-box-office-prediction/,2015-07-10,Trainwreck opening weekend prediction: $27.8 million,normalized_exact,No movie title matched
single_movie_missing_opening_date,1025,single_movie_prediction,unmatched,Self/less,,,9700000,1,1,841,Self/less Box Office Prediction,https://toddmthatcher.com/2015/07/04/selfless-box-office-prediction/,2015-07-04,Self/less opening weekend prediction: $9.7 million,normalized_exact,No movie title matched
single_movie_missing_opening_date,1026,single_movie_prediction,unmatched,The Gallows,,,8900000,1,1,843,The Gallows Box Office Prediction,https://toddmthatcher.com/2015/07/04/the-gallows-box-office-prediction/,2015-07-04,The Gallows opening weekend prediction: $8.9 million,normalized_exact,No movie title matched
single_movie_missing_opening_date,1018,single_movie_prediction,unmatched,Magic Mike XXL,,,24800000,1,1,835,Magic Mike XXL Box Office Prediction,https://toddmthatcher.com/2015/06/26/magic-mike-xxl-box-office-prediction/,2015-06-26,"Magic Mike XXL opening weekend prediction: $24.8 million (Friday to Sunday), $44 million (Wednesday to Sunday)",normalized_exact,No movie title matched
single_movie_missing_opening_date,1017,single_movie_prediction,unmatched,Terminator Genisys,,,31200000,1,1,833,Terminator Genisys Box Office Prediction,https://toddmthatcher.com/2015/06/25/terminator-genisys-box-office-prediction/,2015-06-26,"Terminator Genisys opening weekend prediction: $31.2 million (Friday to Sunday), $48.4 million (Wednesday to Sunday)",normalized_exact,No movie title matched
single_movie_missing_opening_date,1010,single_movie_prediction,unmatched,Max,,,13900000,1,1,827,Max Box Office Prediction,https://toddmthatcher.com/2015/06/20/max-box-office-prediction/,2015-06-20,Max opening weekend prediction: $13.9 million,normalized_exact,No movie title matched
single_movie_missing_opening_date,1011,single_movie_prediction,unmatched,Ted 2,,,50800000,1,1,829,Ted 2 Box Office Prediction,https://toddmthatcher.com/2015/06/20/ted-2-box-office-prediction/,2015-06-20,Ted 2 opening weekend prediction: $50.8 million,normalized_exact,No movie title matched
single_movie_missing_opening_date,1004,single_movie_prediction,unmatched,Inside Out,,,71400000,1,1,823,Inside Out Box Office Prediction,https://toddmthatcher.com/2015/06/12/inside-out-box-office-prediction/,2015-06-13,Inside Out opening weekend prediction: $71.4 million,normalized_exact,No movie title matched
single_movie_missing_opening_date,998,single_movie_prediction,unmatched,Jurassic World,,,123500000,1,1,819,Jurassic World Box Office Prediction,https://toddmthatcher.com/2015/06/05/jurassic-world-box-office-prediction/,2015-06-05,Jurassic World opening weekend prediction: $123.5 million,normalized_exact,No movie title matched
single_movie_missing_opening_date,992,single_movie_prediction,unmatched,Entourage,,,11200000,1,1,815,Entourage Box Office Prediction,https://toddmthatcher.com/2015/05/31/entourage-box-office-prediction/,2015-06-01,"Entourage opening weekend prediction: $11.2 million (Friday to Sunday), $16.5 million (Wednesday to Sunday)",normalized_exact,No movie title matched
single_movie_missing_opening_date,991,single_movie_prediction,unmatched,Insidious: Chapter 3,,,26000000,1,1,813,Insidious: Chapter 3 Box Office Prediction,https://toddmthatcher.com/2015/05/31/insidious-chapter-3-box-office-prediction/,2015-05-31,Insidious: Chapter 3 opening weekend prediction: $26 million,normalized_exact,No movie title matched
single_movie_missing_opening_date,990,single_movie_prediction,unmatched,Spy,,,42100000,0,0,811,Spy Box Office Prediction,https://toddmthatcher.com/2015/05/30/spy-box-office-prediction/,2015-05-30,Spy opening weekend prediction: $42.1 million,normalized_exact,No movie title matched
single_movie_missing_opening_date,984,single_movie_prediction,unmatched,Aloha,,,18200000,1,1,807,Aloha Box Office Prediction,https://toddmthatcher.com/2015/05/23/aloha-box-office-prediction/,2015-05-23,Aloha opening weekend prediction: $18.2 million,normalized_exact,No movie title matched
single_movie_missing_opening_date,983,single_movie_prediction,unmatched,San Andreas,,,43400000,1,1,805,San Andreas Box Office Prediction,https://toddmthatcher.com/2015/05/22/san-andreas-box-office-prediction/,2015-05-22,San Andreas opening weekend prediction: $43.4 million,normalized_exact,No movie title matched
single_movie_missing_opening_date,977,single_movie_prediction,unmatched,Poltergeist,,,22500000,1,1,801,Poltergeist Box Office Prediction,https://toddmthatcher.com/2015/05/16/poltergeist-box-office-prediction/,2015-05-16,"Poltergeist opening weekend prediction: $22.5 million (Friday to Sunday prediction), $29.3 million (Friday to Monday prediction)",normalized_exact,No movie title matched
single_movie_missing_opening_date,976,single_movie_prediction,unmatched,Tomorrowland,,,33400000,1,1,799,Tomorrowland Box Office Prediction,https://toddmthatcher.com/2015/05/15/tomorrowland-box-office-prediction/,2015-05-15,"Tomorrowland opening weekend prediction: $33.4 million (Friday to Sunday prediction), $44.6 million (Friday to Monday prediction)",normalized_exact,No movie title matched
single_movie_missing_opening_date,970,single_movie_prediction,unmatched,Pitch Perfect 2,,,42000000,1,1,795,Pitch Perfect 2 Box Office Prediction,https://toddmthatcher.com/2015/05/09/pitch-perfect-2-box-office-prediction/,2015-05-09,Pitch Perfect 2 opening weekend prediction: $42 million,normalized_exact,No movie title matched
single_movie_missing_opening_date,969,single_movie_prediction,unmatched,Mad Max: Fury Road,,,45400000,1,1,793,Mad Max: Fury Road Box Office Prediction,https://toddmthatcher.com/2015/05/08/mad-max-fury-road-box-office-prediction/,2015-05-08,Mad Max: Fury Road opening weekend prediction: $45.4 million,normalized_exact,No movie title matched
single_movie_missing_opening_date,963,single_movie_prediction,unmatched,Hot Pursuit,,,21300000,1,1,789,Hot Pursuit Box Office Prediction,https://toddmthatcher.com/2015/05/02/hot-pursuit-box-office-prediction/,2015-05-02,Hot Pursuit opening weekend prediction: $21.3 million,normalized_exact,No movie title matched
single_movie_missing_opening_date,951,single_movie_prediction,unmatched,Avengers: Age of Ultron,,,212700000,1,1,783,Avengers: Age of Ultron Box Office Prediction,https://toddmthatcher.com/2015/04/24/avengers-age-of-ultron-box-office-prediction/,2015-04-24,Avengers: Age of Ultron opening weekend prediction: $212.7 million,normalized_exact,No movie title matched
single_movie_missing_opening_date,949,single_movie_prediction,unmatched,Ex Machina,,,7100000,1,1,779,Ex Machina Box Office Prediction,https://toddmthatcher.com/2015/04/21/ex-machina-box-office-prediction/,2015-04-22,Ex Machina opening weekend prediction: $7.1 million,normalized_exact,No movie title matched
single_movie_missing_opening_date,950,single_movie_prediction,unmatched,Little Boy,,,2100000,1,1,781,Little Boy Box Office Prediction,https://toddmthatcher.com/2015/04/21/little-boy-box-office-prediction/,2015-04-22,Little Boy opening weekend prediction: $2.1 million,normalized_exact,No movie title matched
single_movie_missing_opening_date,942,single_movie_prediction,unmatched,Monkey Kingdom,,,5900000,1,1,771,Monkey Kingdom Box Office Prediction,https://toddmthatcher.com/2015/04/12/monkey-kingdom-box-office-prediction/,2015-04-12,Monkey Kingdom opening weekend prediction: $5.9 million,normalized_exact,No movie title matched
single_movie_missing_opening_date,943,single_movie_prediction,unmatched,Unfriended,,,12600000,1,1,773,Unfriended Box Office Prediction,https://toddmthatcher.com/2015/04/12/unfriended-box-office-prediction/,2015-04-12,Unfriended opening weekend prediction: $12.6 million,normalized_exact,No movie title matched
single_movie_missing_opening_date,941,single_movie_prediction,unmatched,Paul Blart: Mall Cop 2,,,21400000,1,1,769,Paul Blart: Mall Cop 2 Box Office Prediction,https://toddmthatcher.com/2015/04/11/paul-blart-mall-cop-2-box-office-prediction/,2015-04-11,Paul Blart: Mall Cop 2 opening weekend prediction: $21.4 million,normalized_exact,No movie title matched
single_movie_missing_opening_date,935,single_movie_prediction,unmatched,The Longest Ride,,,12200000,1,1,765,The Longest Ride Box Office Prediction,https://toddmthatcher.com/2015/04/04/the-longest-ride-box-office-prediction/,2015-04-04,The Longest Ride opening weekend prediction: $12.2 million,normalized_exact,No movie title matched
single_movie_missing_opening_date,929,single_movie_prediction,unmatched,Furious 7,,,117400000,1,1,761,Furious 7 Box Office Prediction,https://toddmthatcher.com/2015/03/28/furious-7-box-office-prediction/,2015-03-28,Furious 7 opening weekend prediction: $117.4 million,normalized_exact,No movie title matched
single_movie_missing_opening_date,928,single_movie_prediction,unmatched,It Follows,,,2700000,1,1,759,It Follows Box Office Prediction,https://toddmthatcher.com/2015/03/25/it-follows-box-office-prediction/,2015-03-26,It Follows opening weekend prediction: $2.7 million,normalized_exact,No movie title matched
single_movie_missing_opening_date,921,single_movie_prediction,unmatched,Get Hard,,,30300000,1,1,753,Get Hard Box Office Prediction,https://toddmthatcher.com/2015/03/21/get-hard-box-office-prediction/,2015-03-21,Get Hard opening weekend prediction: $30.3 million,normalized_exact,No movie title matched
single_movie_missing_opening_date,922,single_movie_prediction,unmatched,Home,,,24600000,1,1,755,Home Box Office Prediction,https://toddmthatcher.com/2015/03/21/home-box-office-prediction/,2015-03-21,Home opening weekend prediction: $24.6 million,normalized_exact,No movie title matched
single_movie_missing_opening_date,913,single_movie_prediction,unmatched,Do You Believe?,,,12300000,0,0,745,Do You Believe? Box Office Prediction,https://toddmthatcher.com/2015/03/14/do-you-believe-box-office-prediction/,2015-03-14,Do You Believe? opening weekend prediction: $12.3 million,normalized_exact,No movie title matched
single_movie_missing_opening_date,914,single_movie_prediction,unmatched,Insurgent,,,62100000,0,0,747,Insurgent Box Office Prediction,https://toddmthatcher.com/2015/03/14/insurgent-box-office-prediction/,2015-03-14,Insurgent opening weekend prediction: $62.1 million,normalized_exact,No movie title matched
single_movie_missing_opening_date,915,single_movie_prediction,unmatched,The Gunman,,,6800000,1,1,749,The Gunman Box Office Prediction,https://toddmthatcher.com/2015/03/14/the-gunman-box-office-prediction/,2015-03-14,The Gunman opening weekend prediction: $6.8 million,normalized_exact,No movie title matched
single_movie_missing_opening_date,906,single_movie_prediction,unmatched,Cinderella,,,67800000,1,1,739,Cinderella Box Office Prediction,https://toddmthatcher.com/2015/03/07/cinderella-box-office-prediction/,2015-03-07,Cinderella opening weekend prediction: $67.8 million,normalized_exact,No movie title matched
single_movie_missing_opening_date,907,single_movie_prediction,unmatched,Run All Night,,,12100000,1,1,741,Run All Night Box Office Prediction,https://toddmthatcher.com/2015/03/07/run-all-night-box-office-prediction/,2015-03-07,Run All Night opening weekend prediction: $12.1 million,normalized_exact,No movie title matched
single_movie_missing_opening_date,898,single_movie_prediction,unmatched,Chappie,,,23800000,1,1,731,Chappie Box Office Prediction,https://toddmthatcher.com/2015/02/28/chappie-box-office-prediction/,2015-02-28,Chappie opening weekend prediction: $23.8 million,normalized_exact,No movie title matched
single_movie_missing_opening_date,899,single_movie_prediction,unmatched,The Second Best Exotic Marigold Hotel,,,8600000,1,1,733,The Second Best Exotic Marigold Hotel Box Office Prediction,https://toddmthatcher.com/2015/02/28/the-second-best-exotic-marigold-hotel-box-office-prediction/,2015-02-28,The Second Best Exotic Marigold Hotel opening weekend prediction: $8.6 million,normalized_exact,No movie title matched
single_movie_missing_opening_date,900,single_movie_prediction,unmatched,Unfinished Business,,,8400000,1,1,735,Unfinished Business Box Office Prediction,https://toddmthatcher.com/2015/02/28/unfinished-business-box-office-prediction/,2015-02-28,Unfinished Business opening weekend prediction: $8.4 million,normalized_exact,No movie title matched
single_movie_missing_opening_date,891,single_movie_prediction,unmatched,Focus,,,21300000,1,1,725,Focus Box Office Prediction,https://toddmthatcher.com/2015/02/21/focus-box-office-prediction/,2015-02-21,Focus opening weekend prediction: $21.3 million,normalized_exact,No movie title matched
single_movie_missing_opening_date,892,single_movie_prediction,unmatched,The Lazarus Effect,,,11600000,1,1,727,The Lazarus Effect Box Office Prediction,https://toddmthatcher.com/2015/02/21/the-lazarus-effect-box-office-prediction/,2015-02-21,The Lazarus Effect opening weekend prediction: $11.6 million,normalized_exact,No movie title matched
single_movie_missing_opening_date,883,single_movie_prediction,unmatched,The DUFF,,,7900000,1,1,721,The DUFF Box Office Prediction,https://toddmthatcher.com/2015/02/15/the-duff-box-office-prediction/,2015-02-16,The DUFF opening weekend prediction: $7.9 million,normalized_exact,No movie title matched
single_movie_missing_opening_date,881,single_movie_prediction,unmatched,Hot Tub Time Machine 2,,,8300000,1,1,717,Hot Tub Time Machine 2 Box Office Prediction,https://toddmthatcher.com/2015/02/15/hot-tub-time-machine-2-box-office-prediction/,2015-02-15,Hot Tub Time Machine 2 opening weekend prediction: $8.3 million,normalized_exact,No movie title matched
single_movie_missing_opening_date,882,single_movie_prediction,unmatched,"McFarland, USA",,,9700000,1,1,719,"McFarland, USA Box Office Prediction",https://toddmthatcher.com/2015/02/15/mcfarland-usa-box-office-prediction/,2015-02-15,"McFarland, USA opening weekend prediction: $9.7 million",normalized_exact,No movie title matched
single_movie_missing_opening_date,874,single_movie_prediction,unmatched,Fifty Shades of Grey,,,63100000,1,1,711,Fifty Shades of Grey Box Office Prediction,https://toddmthatcher.com/2015/02/07/fifty-shades-of-grey-box-office-prediction/,2015-02-07,Fifty Shades of Grey opening weekend prediction: $63.1 million,normalized_exact,No movie title matched
single_movie_missing_opening_date,875,single_movie_prediction,unmatched,Kingsman: The Secret Service,,,30600000,1,1,713,Kingsman: The Secret Service Box Office Prediction,https://toddmthatcher.com/2015/02/07/kingsman-the-secret-service-box-office-prediction/,2015-02-07,Kingsman: The Secret Service opening weekend prediction: $30.6 million,normalized_exact,No movie title matched
single_movie_missing_opening_date,866,single_movie_prediction,unmatched,Jupiter Ascending,,,20900000,1,1,703,Jupiter Ascending Box Office Prediction,https://toddmthatcher.com/2015/01/31/jupiter-ascending-box-office-prediction/,2015-01-31,Jupiter Ascending opening weekend prediction: $20.9 million,normalized_exact,No movie title matched
single_movie_missing_opening_date,867,single_movie_prediction,unmatched,Seventh Son,,,8900000,1,1,705,Seventh Son Box Office Prediction,https://toddmthatcher.com/2015/01/31/seventh-son-box-office-prediction/,2015-01-31,Seventh Son opening weekend prediction: $8.9 million,normalized_exact,No movie title matched
single_movie_missing_opening_date,868,single_movie_prediction,unmatched,The SpongeBob Movie: Sponge Out of Water,,,27800000,1,1,707,The SpongeBob Movie: Sponge Out of Water Box Office Prediction,https://toddmthatcher.com/2015/01/31/the-spongebob-movie-sponge-out-of-water-box-office-prediction/,2015-01-31,The SpongeBob Movie: Sponge Out of Water opening weekend prediction: $27.8 million,normalized_exact,No movie title matched
single_movie_missing_opening_date,865,single_movie_prediction,unmatched,A Most Violent Year,,,3400000,1,1,701,A Most Violent Year Box Office Prediction,https://toddmthatcher.com/2015/01/29/a-most-violent-year-box-office-prediction/,2015-01-29,A Most Violent Year opening weekend prediction: $3.4 million,normalized_exact,No movie title matched
single_movie_missing_opening_date,854,single_movie_prediction,unmatched,Black or White,,,5600000,1,1,693,Black Or White Box Office Prediction,https://toddmthatcher.com/2015/01/24/black-or-white-box-office-prediction/,2015-01-25,Black or White opening weekend prediction: $5.6 million,normalized_exact,No movie title matched
single_movie_missing_opening_date,855,single_movie_prediction,unmatched,Project Almanac,,,16400000,1,1,695,Project Almanac Box Office Prediction,https://toddmthatcher.com/2015/01/24/project-almanac-box-office-prediction/,2015-01-24,Project Almanac opening weekend prediction: $16.4 million,normalized_exact,No movie title matched
single_movie_missing_opening_date,856,single_movie_prediction,unmatched,The Loft,,,4800000,1,1,697,The Loft Box Office Prediction,https://toddmthatcher.com/2015/01/24/the-loft-box-office-prediction/,2015-01-24,The Loft opening weekend prediction: $4.8 million,normalized_exact,No movie title matched
single_movie_missing_opening_date,845,single_movie_prediction,unmatched,Mortdecai,,,7400000,1,1,685,Mortdecai Box Office Prediction,https://toddmthatcher.com/2015/01/17/mortdecai-box-office-prediction/,2015-01-17,Mortdecai opening weekend prediction: $7.4 million,normalized_exact,No movie title matched
single_movie_missing_opening_date,846,single_movie_prediction,unmatched,Strange Magic,,,8600000,1,1,687,Strange Magic Box Office Prediction,https://toddmthatcher.com/2015/01/17/strange-magic-box-office-prediction/,2015-01-17,Strange Magic opening weekend prediction: $8.6 million,normalized_exact,No movie title matched
single_movie_missing_opening_date,847,single_movie_prediction,unmatched,The Boy Next Door,,,14700000,1,1,689,The Boy Next Door Box Office Prediction,https://toddmthatcher.com/2015/01/17/the-boy-next-door-box-office-prediction/,2015-01-17,The Boy Next Door opening weekend prediction: $14.7 million,normalized_exact,No movie title matched
single_movie_missing_opening_date,837,single_movie_prediction,unmatched,Blackhat,,,13600000,1,1,679,Blackhat Box Office Prediction,https://toddmthatcher.com/2015/01/11/blackhat-box-office-prediction/,2015-01-11,Blackhat opening weekend prediction: $13.6 million,normalized_exact,No movie title matched
single_movie_missing_opening_date,838,single_movie_prediction,unmatched,Paddington,,,22300000,1,1,681,Paddington Box Office Prediction,https://toddmthatcher.com/2015/01/11/paddington-box-office-prediction/,2015-01-11,Paddington opening weekend prediction: $22.3 million,normalized_exact,No movie title matched
single_movie_missing_opening_date,835,single_movie_prediction,unmatched,American Sniper,,,40600000,1,1,675,American Sniper Box Office Prediction,https://toddmthatcher.com/2015/01/10/american-sniper-box-office-prediction/,2015-01-10,American Sniper opening weekend prediction: $40.6 million,normalized_exact,No movie title matched
single_movie_missing_opening_date,836,single_movie_prediction,unmatched,The Wedding Ringer,,,29400000,1,1,677,The Wedding Ringer Box Office Prediction,https://toddmthatcher.com/2015/01/10/the-wedding-ringer-box-office-prediction/,2015-01-10,The Wedding Ringer opening weekend prediction: $29.4 million,normalized_exact,No movie title matched
single_movie_missing_opening_date,829,single_movie_prediction,unmatched,Selma,,,17200000,1,1,671,Selma Box Office Prediction,https://toddmthatcher.com/2015/01/04/selma-box-office-prediction/,2015-01-04,Selma opening weekend prediction: $17.2 million,normalized_exact,No movie title matched
single_movie_missing_opening_date,827,single_movie_prediction,unmatched,Inherent Vice,,,1800000,1,1,667,Inherent Vice Box Office Prediction,https://toddmthatcher.com/2015/01/03/inherent-vice-box-office-prediction/,2015-01-03,Inherent Vice opening weekend prediction: $1.8 million,normalized_exact,No movie title matched
single_movie_missing_opening_date,828,single_movie_prediction,unmatched,Taken 3,,,32800000,1,1,669,Taken 3 Box Office Prediction,https://toddmthatcher.com/2015/01/03/taken-3-box-office-prediction/,2015-01-03,Taken 3 opening weekend prediction: $32.8 million,normalized_exact,No movie title matched
single_movie_missing_opening_date,820,single_movie_prediction,unmatched,The Woman in Black 2: Angel of Death,,,11100000,1,1,663,The Woman in Black 2: Angel of Death Box Office Prediction,https://toddmthatcher.com/2014/12/28/the-woman-in-black-2-angel-of-death-box-office-prediction/,2014-12-28,The Woman in Black 2: Angel of Death opening weekend prediction: $11.1 million,normalized_exact,No movie title matched
single_movie_missing_opening_date,819,single_movie_prediction,unmatched,The Interview,,,3100000,1,1,661,The Interview Box Office Prediction,https://toddmthatcher.com/2014/12/25/the-interview-box-office-prediction/,2014-12-25,"The Interview opening weekend prediction: $3.1 million (Friday to Sunday), $4.4 million (Thursday to Sunday)",normalized_exact,No movie title matched
single_movie_missing_opening_date,817,single_movie_prediction,unmatched,Big Eyes,,,5500000,1,1,657,Big Eyes Box Office Prediction,https://toddmthatcher.com/2014/12/24/big-eyes-box-office-prediction/,2014-12-24,"Big Eyes opening weekend prediction: $5.5 million (Friday to Sunday), $7.4 million (Thursday to Sunday)",normalized_exact,No movie title matched
single_movie_missing_opening_date,818,single_movie_prediction,unmatched,The Imitation Game,,,5300000,1,1,659,The Imitation Game Box Office Prediction,https://toddmthatcher.com/2014/12/24/the-imitation-game-box-office-prediction/,2014-12-24,"The Imitation Game opening weekend prediction: $5.3 million (Friday to Sunday), $7.2 million (Thursday to Sunday)",normalized_exact,No movie title matched
single_movie_missing_opening_date,816,single_movie_prediction,unmatched,The Gambler,,,9100000,1,1,655,The Gambler Box Office Prediction,https://toddmthatcher.com/2014/12/22/the-gambler-box-office-prediction/,2014-12-22,"The Gambler opening weekend prediction: $9.1 million (Friday to Sunday), $12.2 million (Thursday to Sunday)",normalized_exact,No movie title matched
single_movie_missing_opening_date,810,single_movie_prediction,unmatched,Wild,,,5800000,1,1,647,Wild Box Office Prediction,https://toddmthatcher.com/2014/12/15/wild-box-office-prediction/,2014-12-15,Wild opening weekend prediction: $5.8 million,normalized_exact,No movie title matched
single_movie_missing_opening_date,803,single_movie_prediction,unmatched,Annie,,,17600000,1,1,643,Annie Box Office Prediction,https://toddmthatcher.com/2014/12/14/annie-box-office-prediction/,2014-12-14,Annie opening weekend prediction: $17.6 million,normalized_exact,No movie title matched
single_movie_missing_opening_date,801,single_movie_prediction,unmatched,Night at the Museum: Secret of the Tomb,,,25400000,1,1,639,Night at the Museum: Secret of the Tomb Box Office Prediction,https://toddmthatcher.com/2014/12/13/night-at-the-museum-secret-of-the-tomb-box-office-prediction/,2014-12-13,Night at the Museum: Secret of the Tomb opening weekend prediction: $25.4 million,normalized_exact,No movie title matched
single_movie_missing_opening_date,802,single_movie_prediction,unmatched,The Hobbit: The Battle of the Five Armies,,,67100000,1,1,641,The Hobbit: The Battle of the Five Armies Box Office Prediction,https://toddmthatcher.com/2014/12/13/the-hobbit-the-battle-of-the-five-armies-box-office-prediction/,2014-12-13,"The Hobbit: The Battle of the Five Armies opening weekend prediction: $67.1 million (Friday to Sunday), $93.6 million (Wednesday to Sunday)",normalized_exact,No movie title matched
single_movie_missing_opening_date,794,single_movie_prediction,unmatched,Exodus: Gods and Kings,,,35500000,1,1,633,Exodus: Gods and Kings Box Office Prediction,https://toddmthatcher.com/2014/12/06/exodus-gods-and-kings-box-office-prediction/,2014-12-06,Exodus: Gods and Kings opening weekend prediction: $35.5 million,normalized_exact,No movie title matched
single_movie_missing_opening_date,795,single_movie_prediction,unmatched,Top Five,,,11600000,1,1,635,Top Five Box Office Prediction,https://toddmthatcher.com/2014/12/06/top-five-box-office-prediction/,2014-12-06,Top Five opening weekend prediction: $11.6 million,normalized_exact,No movie title matched
single_movie_missing_opening_date,782,single_movie_prediction,unmatched,Horrible Bosses 2,,,28600000,1,1,625,Horrible Bosses 2 Box Office Prediction,https://toddmthatcher.com/2014/11/22/horrible-bosses-2-box-office-prediction/,2014-11-22,"Horrible Bosses 2 opening weekend prediction: $28.6 million (Friday to Sunday), $38.3 million (Wednesday to Sunday)",normalized_exact,No movie title matched
single_movie_missing_opening_date,783,single_movie_prediction,unmatched,Penguins of Madagascar,,,40100000,1,1,627,Penguins of Madagascar Box Office Prediction,https://toddmthatcher.com/2014/11/22/penguins-of-madagascar-box-office-prediction/,2014-11-22,"Penguins of Madagascar opening weekend prediction: $40.1 million (Friday to Sunday), $54.7 million (Wednesday to Sunday)",normalized_exact,No movie title matched
single_movie_missing_opening_date,775,single_movie_prediction,unmatched,The Hunger Games: Mockingjay – Part 1,,,155800000,1,1,621,The Hunger Games: Mockingjay – Part 1 Box Office Prediction,https://toddmthatcher.com/2014/11/15/the-hunger-games-mockingjay-part-1-box-office-prediction/,2014-11-15,The Hunger Games: Mockingjay – Part 1 opening weekend prediction: $155.8 million,normalized_exact,No movie title matched
single_movie_missing_opening_date,768,single_movie_prediction,unmatched,Beyond the Lights,,,11400000,1,1,615,Beyond the Lights Box Office Prediction,https://toddmthatcher.com/2014/11/09/beyond-the-lights-box-office-prediction/,2014-11-09,Beyond the Lights opening weekend prediction: $11.4 million,normalized_exact,No movie title matched
single_movie_missing_opening_date,769,single_movie_prediction,unmatched,Dumb and Dumber To,,,29200000,1,1,617,Dumb and Dumber To Box Office Prediction,https://toddmthatcher.com/2014/11/09/dumb-and-dumber-to-box-office-prediction/,2014-11-09,Dumb and Dumber To opening weekend prediction: $29.2 million,normalized_exact,No movie title matched
single_movie_missing_opening_date,761,single_movie_prediction,unmatched,Big Hero 6,,,61400000,1,1,609,Big Hero 6 Box Office Prediction,https://toddmthatcher.com/2014/11/01/big-hero-6-box-office-prediction/,2014-11-01,Big Hero 6 opening weekend prediction: $61.4 million,normalized_exact,No movie title matched
single_movie_missing_opening_date,762,single_movie_prediction,unmatched,Interstellar,,,57200000,1,1,611,Interstellar Box Office Prediction,https://toddmthatcher.com/2014/11/01/interstellar-box-office-prediction/,2014-11-01,Interstellar opening weekend prediction: $57.2 million,normalized_exact,No movie title matched
single_movie_missing_opening_date,748,single_movie_prediction,unmatched,Before I Go to Sleep,,,3500000,1,1,601,Before I Go to Sleep Box Office Prediction,https://toddmthatcher.com/2014/10/26/before-i-go-to-sleep-box-office-prediction/,2014-10-26,Before I Go to Sleep opening weekend prediction: $3.5 million,normalized_exact,No movie title matched
single_movie_missing_opening_date,749,single_movie_prediction,unmatched,Nightcrawler,,,8100000,1,1,603,Nightcrawler Box Office Prediction,https://toddmthatcher.com/2014/10/26/nightcrawler-box-office-prediction/,2014-10-26,Nightcrawler opening weekend prediction: $8.1 million,normalized_exact,No movie title matched
single_movie_missing_opening_date,750,single_movie_prediction,unmatched,Saw 10th Anniversary,,,4100000,0,0,605,Saw 10th Anniversary Box Office Prediction,https://toddmthatcher.com/2014/10/26/saw-10th-anniversary-box-office-prediction/,2014-10-26,Saw 10th Anniversary opening weekend prediction: $4.1 million,normalized_exact,No movie title matched
single_movie_missing_opening_date,747,single_movie_prediction,unmatched,St. Vincent,,,8600000,1,1,599,St. Vincent Box Office Prediction,https://toddmthatcher.com/2014/10/23/st-vincent-box-office-prediction/,2014-10-23,St. Vincent opening weekend prediction: $8.6 million,normalized_exact,No movie title matched
single_movie_missing_opening_date,740,single_movie_prediction,unmatched,John Wick,,,11000000,1,1,593,John Wick Box Office Prediction,https://toddmthatcher.com/2014/10/19/john-wick-box-office-prediction/,2014-10-19,John Wick opening weekend prediction: $11 million,normalized_exact,No movie title matched
single_movie_missing_opening_date,741,single_movie_prediction,unmatched,Ouija,,,24900000,1,1,595,Ouija Box Office Prediction,https://toddmthatcher.com/2014/10/19/ouija-box-office-prediction/,2014-10-19,Ouija opening weekend prediction: $24.9 million,normalized_exact,No movie title matched
single_movie_missing_opening_date,731,single_movie_prediction,unmatched,Fury,,,26400000,1,1,585,Fury Box Office Prediction,https://toddmthatcher.com/2014/10/12/fury-box-office-prediction/,2014-10-12,Fury opening weekend prediction: $26.4 million,normalized_exact,No movie title matched
single_movie_missing_opening_date,732,single_movie_prediction,unmatched,The Best of Me,,,17800000,1,1,587,The Best of Me Box Office Prediction,https://toddmthatcher.com/2014/10/12/the-best-of-me-box-office-prediction/,2014-10-12,The Best of Me opening weekend prediction: $17.8 million,normalized_exact,No movie title matched
single_movie_missing_opening_date,733,single_movie_prediction,unmatched,The Book of Life,,,15600000,1,1,589,The Book of Life Box Office Prediction,https://toddmthatcher.com/2014/10/12/the-book-of-life-box-office-prediction/,2014-10-12,The Book of Life opening weekend prediction: $15.6 million,normalized_exact,No movie title matched
single_movie_missing_opening_date,716,single_movie_prediction,unmatched,Addicted,,,4500000,1,1,573,Addicted Box Office Prediction,https://toddmthatcher.com/2014/10/05/addicted-box-office-prediction/,2014-10-06,Addicted opening weekend prediction: $4.5 million,normalized_exact,No movie title matched
single_movie_missing_opening_date,718,single_movie_prediction,unmatched,Dracula Untold,,,14400000,1,1,577,Dracula Untold Box Office Prediction,https://toddmthatcher.com/2014/10/05/dracula-untold-box-office-prediction/,2014-10-06,Dracula Untold opening weekend prediction: $14.4 million,normalized_exact,No movie title matched
single_movie_missing_opening_date,717,single_movie_prediction,unmatched,"Alexander and the Terrible, Horrible, No Good, Very Bad Day",,,18700000,1,1,575,"Alexander and the Terrible, Horrible, No Good, Very Bad Day Box Office Prediction",https://toddmthatcher.com/2014/10/05/alexander-and-the-terrible-horrible-no-good-very-bad-day-box-office-prediction/,2014-10-05,"Alexander and the Terrible, Horrible, No Good, Very Bad Day opening weekend prediction: $18.7 million",normalized_exact,No movie title matched
single_movie_missing_opening_date,719,single_movie_prediction,unmatched,The Judge,,,16400000,1,1,579,The Judge Box Office Prediction,https://toddmthatcher.com/2014/10/05/the-judge-box-office-prediction/,2014-10-05,The Judge opening weekend prediction: $16.4 million,normalized_exact,No movie title matched
single_movie_missing_opening_date,715,single_movie_prediction,unmatched,Left Behind,,,7600000,1,1,571,Left Behind Box Office Prediction,https://toddmthatcher.com/2014/09/29/left-behind-box-office-prediction/,2014-09-29,Left Behind opening weekend prediction: $7.6 million,normalized_exact,No movie title matched
single_movie_missing_opening_date,714,single_movie_prediction,unmatched,Gone Girl,,,39600000,1,1,569,Gone Girl Box Office Prediction,https://toddmthatcher.com/2014/09/28/gone-girl-box-office-prediction/,2014-09-28,Gone Girl opening weekend prediction: $39.6 million,normalized_exact,No movie title matched
single_movie_missing_opening_date,706,single_movie_prediction,unmatched,The Boxtrolls,,,17200000,1,1,561,The Boxtrolls Box Office Prediction,https://toddmthatcher.com/2014/09/21/the-boxtrolls-box-office-prediction/,2014-09-21,The Boxtrolls opening weekend prediction: $17.2 million,normalized_exact,No movie title matched
single_movie_missing_opening_date,707,single_movie_prediction,unmatched,The Equalizer,,,34800000,1,1,563,The Equalizer Box Office Prediction,https://toddmthatcher.com/2014/09/21/the-equalizer-box-office-prediction/,2014-09-21,The Equalizer opening weekend prediction: $34.8 million,normalized_exact,No movie title matched
single_movie_missing_opening_date,698,single_movie_prediction,unmatched,A Walk Among the Tombstones,,,21400000,1,1,553,A Walk Among the Tombstones Box Office Prediction,https://toddmthatcher.com/2014/09/14/a-walk-among-the-tombstones-box-office-prediction/,2014-09-14,A Walk Among the Tombstones opening weekend prediction: $21.4 million,normalized_exact,No movie title matched
single_movie_missing_opening_date,699,single_movie_prediction,unmatched,The Maze Runner,,,26100000,1,1,555,The Maze Runner Box Office Prediction,https://toddmthatcher.com/2014/09/14/the-maze-runner-box-office-prediction/,2014-09-14,The Maze Runner opening weekend prediction: $26.1 million,normalized_exact,No movie title matched
single_movie_missing_opening_date,700,single_movie_prediction,unmatched,This Is Where I Leave You,,,12300000,1,1,557,This Is Where I Leave You Box Office Prediction,https://toddmthatcher.com/2014/09/14/this-is-where-i-leave-you-box-office-prediction/,2014-09-14,This Is Where I Leave You opening weekend prediction: $12.3 million,normalized_exact,No movie title matched
single_movie_missing_opening_date,691,single_movie_prediction,unmatched,Dolphin Tale 2,,,16400000,1,1,547,Dolphin Tale 2 Box Office Prediction,https://toddmthatcher.com/2014/09/07/dolphin-tale-2-box-office-prediction/,2014-09-07,Dolphin Tale 2 opening weekend prediction: $16.4 million,normalized_exact,No movie title matched
single_movie_missing_opening_date,692,single_movie_prediction,unmatched,No Good Deed,,,13800000,1,1,549,No Good Deed Box Office Prediction,https://toddmthatcher.com/2014/09/07/no-good-deed-box-office-prediction/,2014-09-07,No Good Deed opening weekend prediction: $13.8 million,normalized_exact,No movie title matched
single_movie_missing_opening_date,685,single_movie_prediction,unmatched,The Identical,,,3900000,1,1,543,The Identical Box Office Prediction,https://toddmthatcher.com/2014/08/31/the-identical-box-office-prediction/,2014-08-31,The Identical opening weekend prediction: $3.9 million,normalized_exact,No movie title matched
single_movie_missing_opening_date,1163,single_movie_prediction,unmatched,"As Above, So Below",,,11800000,1,1,975,"As Above, So Below Box Office Prediction",https://toddmthatcher.com/2014/08/24/as-above-so-below-box-office-prediction/,2014-08-24,"As Above, So Below opening weekend prediction: $11.8 million (Friday to Monday estimate)",normalized_exact,No movie title matched
single_movie_missing_opening_date,677,single_movie_prediction,unmatched,The November Man,,,8100000,1,1,539,The November Man Box Office Prediction,https://toddmthatcher.com/2014/08/24/the-november-man-box-office-prediction/,2014-08-24,"The November Man opening weekend prediction: $8.1 million (Friday to Monday estimate), $11 million (Wednesday to Monday estimate)",normalized_exact,No movie title matched
single_movie_missing_opening_date,669,single_movie_prediction,unmatched,If I Stay,,,12100000,1,1,531,If I Stay Box Office Prediction,https://toddmthatcher.com/2014/08/17/if-i-stay-box-office-prediction/,2014-08-18,If I Stay opening weekend prediction: $12.1 million,normalized_exact,No movie title matched
single_movie_missing_opening_date,671,single_movie_prediction,unmatched,When the Game Stands Tall,,,9000000,1,1,535,When the Game Stands Tall Box Office Prediction,https://toddmthatcher.com/2014/08/17/when-the-game-stands-tall-box-office-prediction/,2014-08-18,When the Game Stands Tall opening weekend prediction: $9 million,normalized_exact,No movie title matched
single_movie_missing_opening_date,670,single_movie_prediction,unmatched,Sin City: A Dame to Kill For,,,20800000,1,1,533,Sin City: A Dame to Kill For Box Office Prediction,https://toddmthatcher.com/2014/08/17/sin-city-a-dame-to-kill-for-box-office-prediction/,2014-08-17,Sin City: A Dame to Kill For opening weekend prediction: $20.8 million,normalized_exact,No movie title matched
single_movie_missing_opening_date,661,single_movie_prediction,unmatched,Let’s Be Cops,,,17700000,0,0,523,Let’s Be Cops Box Office Prediction,https://toddmthatcher.com/2014/08/10/lets-be-cops-box-office-prediction/,2014-08-10,"Let’s Be Cops opening weekend prediction: $17.7 million (Friday-to-Sunday), $23.4 million (Wednesday-to-Sunday)",normalized_exact,No movie title matched
single_movie_missing_opening_date,662,single_movie_prediction,unmatched,The Expendables 3,,,21500000,1,1,525,The Expendables 3 Box Office Prediction,https://toddmthatcher.com/2014/08/10/the-expendables-3-box-office-prediction/,2014-08-10,The Expendables 3 opening weekend prediction: $21.5 million,normalized_exact,No movie title matched
single_movie_missing_opening_date,663,single_movie_prediction,unmatched,The Giver,,,11000000,1,1,527,The Giver Box Office Prediction,https://toddmthatcher.com/2014/08/10/the-giver-box-office-prediction/,2014-08-10,The Giver opening weekend prediction: $11 million,normalized_exact,No movie title matched
single_movie_missing_opening_date,651,single_movie_prediction,unmatched,Step Up: All In,,,8400000,1,1,515,Step Up: All In Box Office Prediction,https://toddmthatcher.com/2014/08/03/step-up-all-in-box-office-prediction/,2014-08-04,Step Up: All In opening weekend prediction: $8.4 million,normalized_exact,No movie title matched
single_movie_missing_opening_date,650,single_movie_prediction,unmatched,Into the Storm,,,13600000,1,1,513,Into the Storm Box Office Prediction,https://toddmthatcher.com/2014/08/03/into-the-storm-box-office-prediction/,2014-08-03,Into the Storm opening weekend prediction: $13.6 million,normalized_exact,No movie title matched
single_movie_missing_opening_date,653,single_movie_prediction,unmatched,Teenage Mutant Ninja Turtles,,,28200000,1,1,519,Teenage Mutant Ninja Turtles Box Office Prediction,https://toddmthatcher.com/2014/08/03/teenage-mutant-ninja-turtles-box-office-prediction/,2014-08-03,Teenage Mutant Ninja Turtles opening weekend prediction: $28.2 million,normalized_exact,No movie title matched
single_movie_missing_opening_date,652,single_movie_prediction,unmatched,The Hundred-Foot Journey,,,10700000,1,1,517,The Hundred-Foot Journey Box Office Prediction,https://toddmthatcher.com/2014/08/03/the-hundred-foot-journey-box-office-prediction/,2014-08-03,The Hundred-Foot Journey opening weekend prediction: $10.7 million,normalized_exact,No movie title matched
single_movie_missing_opening_date,643,single_movie_prediction,unmatched,Get On Up,,,24900000,1,1,507,Get On Up Box Office Prediction,https://toddmthatcher.com/2014/07/27/get-on-up-box-office-prediction/,2014-07-27,Get On Up opening weekend prediction: $24.9 million,normalized_exact,No movie title matched
single_movie_missing_opening_date,649,single_movie_prediction,unmatched,Guardians of the Galaxy,,,74600000,1,1,511,Guardians of the Galaxy Box Office Prediction,https://toddmthatcher.com/2014/07/27/guardians-of-the-galaxy-box-office-prediction/,2014-07-27,Guardians of the Galaxy opening weekend prediction: $74.6 million,normalized_exact,No movie title matched
single_movie_missing_opening_date,634,single_movie_prediction,unmatched,And So It Goes,,,9300000,1,1,499,And So It Goes Box Office Prediction,https://toddmthatcher.com/2014/07/20/and-so-it-goes-box-office-prediction/,2014-07-20,And So It Goes opening weekend prediction: $9.3 million,normalized_exact,No movie title matched
single_movie_missing_opening_date,635,single_movie_prediction,unmatched,Hercules,,,21400000,1,1,501,Hercules Box Office Prediction,https://toddmthatcher.com/2014/07/20/hercules-box-office-prediction/,2014-07-20,Hercules opening weekend prediction: $21.4 million,normalized_exact,No movie title matched
single_movie_missing_opening_date,636,single_movie_prediction,unmatched,Lucy,,,28100000,1,1,503,Lucy Box Office Prediction,https://toddmthatcher.com/2014/07/20/lucy-box-office-prediction/,2014-07-20,Lucy opening weekend prediction: $28.1 million,normalized_exact,No movie title matched
single_movie_missing_opening_date,626,single_movie_prediction,unmatched,Planes: Fire & Rescue,,,25400000,1,1,491,Planes: Fire & Rescue Box Office Prediction,https://toddmthatcher.com/2014/07/13/planes-fire-rescue-box-office-prediction/,2014-07-13,Planes: Fire & Rescue opening weekend prediction: $25.4 million,normalized_exact,No movie title matched
single_movie_missing_opening_date,627,single_movie_prediction,unmatched,Sex Tape,,,29100000,1,1,493,Sex Tape Box Office Prediction,https://toddmthatcher.com/2014/07/13/sex-tape-box-office-prediction/,2014-07-13,Sex Tape opening weekend prediction: $29.1 million,normalized_exact,No movie title matched
single_movie_missing_opening_date,628,single_movie_prediction,unmatched,The Purge: Anarchy,,,15500000,1,1,495,The Purge: Anarchy Box Office Prediction,https://toddmthatcher.com/2014/07/13/the-purge-anarchy-box-office-prediction/,2014-07-13,The Purge: Anarchy opening weekend prediction: $15.5 million,normalized_exact,No movie title matched
single_movie_missing_opening_date,619,single_movie_prediction,unmatched,Dawn of the Planet of the Apes,,,77200000,1,1,487,Dawn of the Planet of the Apes Box Office Prediction,https://toddmthatcher.com/2014/07/06/dawn-of-the-planet-of-the-apes-box-office-prediction/,2014-07-06,Dawn of the Planet of the Apes opening weekend prediction: $77.2 million,normalized_exact,No movie title matched
single_movie_missing_opening_date,611,single_movie_prediction,unmatched,Deliver Us from Evil,,,13100000,1,1,479,Deliver Us from Evil Box Office Prediction,https://toddmthatcher.com/2014/06/29/deliver-us-from-evil-box-office-prediction/,2014-06-29,"Deliver Us from Evil opening weekend prediction: $13.1 million (Friday-to-Sunday), $20.6 million (Wednesday-to-Sunday)",normalized_exact,No movie title matched
single_movie_missing_opening_date,604,single_movie_prediction,unmatched,Transformers: Age of Extinction,,,98600000,1,1,475,Transformers: Age of Extinction Box Office Prediction,https://toddmthatcher.com/2014/06/22/transformers-age-of-extinction-box-office-prediction/,2014-06-22,Transformers: Age of Extinction opening weekend prediction: $98.6 million,normalized_exact,No movie title matched
single_movie_missing_opening_date,597,single_movie_prediction,unmatched,Jersey Boys,,,18900000,1,1,469,Jersey Boys Box Office Prediction,https://toddmthatcher.com/2014/06/15/jersey-boys-box-office-prediction/,2014-06-15,Jersey Boys opening weekend prediction: $18.9 million,normalized_exact,No movie title matched
single_movie_missing_opening_date,598,single_movie_prediction,unmatched,Think Like a Man Too,,,38200000,1,1,471,Think Like a Man Too Box Office Prediction,https://toddmthatcher.com/2014/06/15/think-like-a-man-too-box-office-prediction/,2014-06-15,Think Like a Man Too opening weekend prediction: $38.2 million,normalized_exact,No movie title matched
single_movie_missing_opening_date,590,single_movie_prediction,unmatched,22 Jump Street,,,53100000,1,1,463,22 Jump Street Box Office Prediction,https://toddmthatcher.com/2014/06/08/22-jump-street-box-office-prediction/,2014-06-08,22 Jump Street opening weekend prediction: $53.1 million,normalized_exact,No movie title matched
single_movie_missing_opening_date,591,single_movie_prediction,unmatched,How to Train Your Dragon 2,,,88700000,1,1,465,How to Train Your Dragon 2 Box Office Prediction,https://toddmthatcher.com/2014/06/08/how-to-train-your-dragon-2-box-office-prediction/,2014-06-08,How to Train Your Dragon 2 opening weekend prediction: $88.7 million,normalized_exact,No movie title matched
single_movie_missing_opening_date,583,single_movie_prediction,unmatched,Edge of Tomorrow,,,23700000,1,1,457,Edge of Tomorrow Box Office Prediction,https://toddmthatcher.com/2014/06/01/edge-of-tomorrow-box-office-prediction/,2014-06-01,Edge of Tomorrow opening weekend prediction: $23.7 million,normalized_exact,No movie title matched
single_movie_missing_opening_date,584,single_movie_prediction,unmatched,The Fault in Our Stars,,,43100000,1,1,459,The Fault in Our Stars Box Office Prediction,https://toddmthatcher.com/2014/06/01/the-fault-in-our-stars-box-office-prediction/,2014-06-01,The Fault in Our Stars opening weekend prediction: $43.1 million,normalized_exact,No movie title matched
single_movie_missing_opening_date,576,single_movie_prediction,unmatched,A Million Ways to Die in the West,,,33600000,1,1,451,A Million Ways to Die in the West Box Office Prediction,https://toddmthatcher.com/2014/05/25/a-million-ways-to-die-in-the-west-box-office-prediction/,2014-05-25,A Million Ways to Die in the West opening weekend prediction: $33.6 million,normalized_exact,No movie title matched
single_movie_missing_opening_date,577,single_movie_prediction,unmatched,Maleficent,,,66200000,1,1,453,Maleficent Box Office Prediction,https://toddmthatcher.com/2014/05/25/maleficent-box-office-prediction/,2014-05-25,Maleficent opening weekend prediction: $66.2 million,normalized_exact,No movie title matched
single_movie_missing_opening_date,569,single_movie_prediction,unmatched,Blended four day,,,24900000,0,0,445,Blended Box Office Prediction,https://toddmthatcher.com/2014/05/18/blended-box-office-prediction/,2014-05-18,Blended four day opening weekend prediction: $24.9 million,normalized_exact,No movie title matched
single_movie_missing_opening_date,570,single_movie_prediction,unmatched,X-Men: Days of Future Past four day,,,114300000,0,0,447,X-Men: Days of Future Past Box Office Prediction,https://toddmthatcher.com/2014/05/18/x-men-days-of-future-past-box-office-prediction/,2014-05-18,X-Men: Days of Future Past four day opening weekend prediction: $114.3 million,normalized_exact,No movie title matched
single_movie_missing_opening_date,563,single_movie_prediction,unmatched,Million Dollar Arm,,,23400000,1,1,441,Million Dollar Arm Box Office Prediction,https://toddmthatcher.com/2014/05/11/million-dollar-arm-box-office-prediction/,2014-05-12,Million Dollar Arm opening weekend prediction: $23.4 million,normalized_exact,No movie title matched
single_movie_missing_opening_date,562,single_movie_prediction,unmatched,Godzilla,,,77300000,1,1,439,Godzilla Box Office Prediction,https://toddmthatcher.com/2014/05/11/godzilla-box-office-prediction/,2014-05-11,Godzilla opening weekend prediction: $77.3 million,normalized_exact,No movie title matched
single_movie_missing_opening_date,553,single_movie_prediction,unmatched,Legends of Oz: Dorothy’s Return,,,5700000,0,0,431,Legends of Oz: Dorothy’s Return Box Office Prediction,https://toddmthatcher.com/2014/05/04/legends-of-oz-dorothys-return-box-office-prediction/,2014-05-04,Legends of Oz: Dorothy’s Return opening weekend prediction: $5.7 million,normalized_exact,No movie title matched
single_movie_missing_opening_date,554,single_movie_prediction,unmatched,Moms’ Night Out,,,5100000,1,1,433,Moms’ Night Out Box Office Prediction,https://toddmthatcher.com/2014/05/04/moms-night-out-box-office-prediction/,2014-05-04,Moms’ Night Out opening weekend prediction: $5.1 million,normalized_exact,No movie title matched
single_movie_missing_opening_date,555,single_movie_prediction,unmatched,Neighbors,,,37300000,1,1,435,Neighbors Box Office Prediction,https://toddmthatcher.com/2014/05/04/neighbors-box-office-prediction/,2014-05-04,Neighbors opening weekend prediction: $37.3 million,normalized_exact,No movie title matched
single_movie_missing_opening_date,547,single_movie_prediction,unmatched,The Amazing Spider-Man 2,,,90100000,1,1,427,The Amazing Spider-Man 2 Box Office Prediction,https://toddmthatcher.com/2014/04/27/the-amazing-spider-man-2-box-office-prediction/,2014-04-27,The Amazing Spider-Man 2 opening weekend prediction: $90.1 million,normalized_exact,No movie title matched
single_movie_missing_opening_date,538,single_movie_prediction,unmatched,Brick Mansions,,,12300000,1,1,419,Brick Mansions Box Office Prediction,https://toddmthatcher.com/2014/04/21/brick-mansions-box-office-prediction/,2014-04-21,Brick Mansions opening weekend prediction: $12.3 million,normalized_exact,No movie title matched
single_movie_missing_opening_date,539,single_movie_prediction,unmatched,The Other Woman,,,18100000,2,2,421,The Other Woman Box Office Prediction,https://toddmthatcher.com/2014/04/21/the-other-woman-box-office-prediction/,2014-04-21,The Other Woman opening weekend prediction: $18.1 million,normalized_exact,No movie title matched
single_movie_missing_opening_date,540,single_movie_prediction,unmatched,The Quiet Ones,,,9400000,1,1,423,The Quiet Ones Box Office Prediction,https://toddmthatcher.com/2014/04/21/the-quiet-ones-box-office-prediction/,2014-04-21,The Quiet Ones opening weekend prediction: $9.4 million,normalized_exact,No movie title matched
single_movie_missing_opening_date,528,single_movie_prediction,unmatched,A Haunted House 2,,,10600000,1,1,409,A Haunted House 2 Box Office Prediction,https://toddmthatcher.com/2014/04/13/a-haunted-house-2-box-office-prediction/,2014-04-13,A Haunted House 2 opening weekend prediction: $10.6 million,normalized_exact,No movie title matched
single_movie_missing_opening_date,529,single_movie_prediction,unmatched,Bears,,,8900000,1,1,411,Bears Box Office Prediction,https://toddmthatcher.com/2014/04/13/bears-box-office-prediction/,2014-04-13,Bears opening weekend prediction: $8.9 million,normalized_exact,No movie title matched
single_movie_missing_opening_date,530,single_movie_prediction,unmatched,Heaven Is for Real,,,17500000,1,1,413,Heaven Is for Real Box Office Prediction,https://toddmthatcher.com/2014/04/13/heaven-is-for-real-box-office-prediction/,2014-04-13,"Heaven Is for Real opening weekend prediction: $17.5 million (Friday to Sunday), $24.8 million (Wednesday to Sunday)",normalized_exact,No movie title matched
single_movie_missing_opening_date,531,single_movie_prediction,unmatched,Transcendence,,,30800000,1,1,415,Transcendence Box Office Prediction,https://toddmthatcher.com/2014/04/13/transcendence-box-office-prediction/,2014-04-13,Transcendence opening weekend prediction: $30.8 million,normalized_exact,No movie title matched
single_movie_missing_opening_date,520,single_movie_prediction,unmatched,Draft Day,,,13200000,1,1,401,Draft Day Box Office Prediction,https://toddmthatcher.com/2014/04/06/draft-day-box-office-prediction/,2014-04-06,Draft Day opening weekend prediction: $13.2 million,normalized_exact,No movie title matched
single_movie_missing_opening_date,521,single_movie_prediction,unmatched,Oculus,,,11000000,1,1,403,Oculus Box Office Prediction,https://toddmthatcher.com/2014/04/06/oculus-box-office-prediction/,2014-04-06,Oculus opening weekend prediction: $11 million,normalized_exact,No movie title matched
single_movie_missing_opening_date,522,single_movie_prediction,unmatched,Rio 2,,,41700000,1,1,405,Rio 2 Box Office Prediction,https://toddmthatcher.com/2014/04/06/rio-2-box-office-prediction/,2014-04-06,Rio 2 opening weekend prediction: $41.7 million,normalized_exact,No movie title matched
single_movie_missing_opening_date,513,single_movie_prediction,unmatched,Captain America: The Winter Soldier,,,86300000,1,1,397,Captain America: The Winter Soldier Box Office Prediction,https://toddmthatcher.com/2014/03/30/captain-america-the-winter-soldier-box-office-prediction/,2014-03-30,Captain America: The Winter Soldier opening weekend prediction: $86.3 million,normalized_exact,No movie title matched
single_movie_missing_opening_date,505,single_movie_prediction,unmatched,Noah,,,39700000,1,1,391,Noah Box Office Prediction,https://toddmthatcher.com/2014/03/23/noah-box-office-prediction/,2014-03-23,Noah opening weekend prediction: $39.7 million,normalized_exact,No movie title matched
single_movie_missing_opening_date,506,single_movie_prediction,unmatched,Sabotage,,,8400000,1,1,393,Sabotage Box Office Prediction,https://toddmthatcher.com/2014/03/23/sabotage-box-office-prediction/,2014-03-23,Sabotage opening weekend prediction: $8.4 million,normalized_exact,No movie title matched
single_movie_missing_opening_date,498,single_movie_prediction,unmatched,Divergent,,,68400000,1,1,385,Divergent Box Office Prediction,https://toddmthatcher.com/2014/03/16/divergent-box-office-prediction/,2014-03-16,Divergent opening weekend prediction: $68.4 million,normalized_exact,No movie title matched
single_movie_missing_opening_date,499,single_movie_prediction,unmatched,Muppets Most Wanted,,,22800000,1,1,387,Muppets Most Wanted Box Office Prediction,https://toddmthatcher.com/2014/03/16/muppets-most-wanted-box-office-prediction/,2014-03-16,Muppets Most Wanted opening weekend prediction: $22.8 million,normalized_exact,No movie title matched
single_movie_missing_opening_date,491,single_movie_prediction,unmatched,Need for Speed,,,25300000,1,1,379,Need for Speed Box Office Prediction,https://toddmthatcher.com/2014/03/09/need-for-speed-box-office-prediction/,2014-03-09,Need for Speed opening weekend prediction: $25.3 million,normalized_exact,No movie title matched
single_movie_missing_opening_date,492,single_movie_prediction,unmatched,Tyler Perry’s The Single Moms Club,,,17600000,0,0,381,Tyler Perry’s The Single Moms Club Box Office Prediction,https://toddmthatcher.com/2014/03/09/tyler-perrys-the-single-moms-club-box-office-prediction/,2014-03-09,Tyler Perry’s The Single Moms Club opening weekend prediction: $17.6 million,normalized_exact,No movie title matched
single_movie_missing_opening_date,484,single_movie_prediction,unmatched,300: Rise of an Empire,,,31100000,1,1,373,300: Rise of an Empire Box Office Prediction,https://toddmthatcher.com/2014/03/02/300-rise-of-an-empire-box-office-prediction/,2014-03-02,300: Rise of an Empire opening weekend prediction: $31.1 million,normalized_exact,No movie title matched
single_movie_missing_opening_date,485,single_movie_prediction,unmatched,Mr. Peabody & Sherman,,,33700000,1,1,375,Mr. Peabody & Sherman Box Office Prediction,https://toddmthatcher.com/2014/03/02/mr-peabody-sherman-box-office-prediction/,2014-03-02,Mr. Peabody & Sherman opening weekend prediction: $33.7 million,normalized_exact,No movie title matched
single_movie_missing_opening_date,477,single_movie_prediction,unmatched,Non-Stop,,,28200000,1,1,367,Non-Stop Box Office Prediction,https://toddmthatcher.com/2014/02/23/non-stop-box-office-prediction/,2014-02-23,Non-Stop opening weekend prediction: $28.2 million,normalized_exact,No movie title matched
single_movie_missing_opening_date,478,single_movie_prediction,unmatched,Son of God,,,26700000,1,1,369,Son of God Box Office Prediction,https://toddmthatcher.com/2014/02/23/son-of-god-box-office-prediction/,2014-02-23,Son of God opening weekend prediction: $26.7 million,normalized_exact,No movie title matched
single_movie_missing_opening_date,469,single_movie_prediction,unmatched,3 Days to Kill,,,7700000,1,1,361,3 Days to Kill Box Office Prediction,https://toddmthatcher.com/2014/02/16/3-days-to-kill-box-office-prediction/,2014-02-16,3 Days to Kill opening weekend prediction: $7.7 million,normalized_exact,No movie title matched
single_movie_missing_opening_date,470,single_movie_prediction,unmatched,Pompeii,,,13300000,1,1,363,Pompeii Box Office Prediction,https://toddmthatcher.com/2014/02/16/pompeii-box-office-prediction/,2014-02-16,Pompeii opening weekend prediction: $13.3 million,normalized_exact,No movie title matched
single_movie_missing_opening_date,459,single_movie_prediction,unmatched,About Last Night,,,36800000,1,1,351,About Last Night Box Office Prediction,https://toddmthatcher.com/2014/02/09/about-last-night-box-office-prediction/,2014-02-09,About Last Night opening weekend prediction: $36.8 million (Friday to Monday gross),normalized_exact,No movie title matched
single_movie_missing_opening_date,460,single_movie_prediction,unmatched,Endless Love,,,16100000,1,1,353,Endless Love Box Office Prediction,https://toddmthatcher.com/2014/02/09/endless-love-box-office-prediction/,2014-02-09,Endless Love opening weekend prediction: $16.1 million,normalized_exact,No movie title matched
single_movie_missing_opening_date,461,single_movie_prediction,unmatched,Robocop,,,24900000,1,1,355,Robocop Box Office Prediction,https://toddmthatcher.com/2014/02/09/robocop-box-office-prediction/,2014-02-09,"Robocop opening weekend prediction: $24.9 million (Friday to Monday), $34.7 million (Wednesday to Monday)",normalized_exact,No movie title matched
single_movie_missing_opening_date,462,single_movie_prediction,unmatched,Winter’s Tale,,,18400000,0,0,357,Winter’s Tale Box Office Prediction,https://toddmthatcher.com/2014/02/09/winters-tale-box-office-prediction/,2014-02-09,Winter’s Tale opening weekend prediction: $18.4 million (Friday to Monday),normalized_exact,No movie title matched
single_movie_missing_opening_date,451,single_movie_prediction,unmatched,The Lego Movie,,,54200000,1,1,343,The Lego Movie Box Office Prediction,https://toddmthatcher.com/2014/02/02/the-lego-movie-box-office-prediction/,2014-02-02,The Lego Movie opening weekend prediction: $54.2 million,normalized_exact,No movie title matched
single_movie_missing_opening_date,452,single_movie_prediction,unmatched,The Monuments Men,,,16100000,1,1,345,The Monuments Men Box Office Prediction,https://toddmthatcher.com/2014/02/02/the-monuments-men-box-office-prediction/,2014-02-02,The Monuments Men opening weekend prediction: $16.1 million,normalized_exact,No movie title matched
single_movie_missing_opening_date,453,single_movie_prediction,unmatched,Vampire Academy,,,8400000,1,1,347,Vampire Academy Box Office Prediction,https://toddmthatcher.com/2014/02/02/vampire-academy-box-office-prediction/,2014-02-02,Vampire Academy opening weekend prediction: $8.4 million,normalized_exact,No movie title matched
single_movie_missing_opening_date,444,single_movie_prediction,unmatched,Labor Day,,,8800000,1,1,337,Labor Day Box Office Prediction,https://toddmthatcher.com/2014/01/26/labor-day-box-office-prediction/,2014-01-26,Labor Day opening weekend prediction: $8.8 million,normalized_exact,No movie title matched
single_movie_missing_opening_date,445,single_movie_prediction,unmatched,That Awkward Moment,,,8000000,1,1,339,That Awkward Moment Box Office Prediction,https://toddmthatcher.com/2014/01/26/that-awkward-moment-box-office-prediction/,2014-01-26,That Awkward Moment opening weekend prediction: $8 million,normalized_exact,No movie title matched
single_movie_missing_opening_date,438,single_movie_prediction,unmatched,"I, Frankenstein",,,16600000,1,1,333,"I, Frankenstein Box Office Prediction",https://toddmthatcher.com/2014/01/19/i-frankenstein-box-office-prediction/,2014-01-19,"I, Frankenstein opening weekend prediction: $16.6 million",normalized_exact,No movie title matched
single_movie_missing_opening_date,429,single_movie_prediction,unmatched,Devil’s Due,,,17100000,0,0,323,Devil’s Due Box Office Prediction,https://toddmthatcher.com/2014/01/12/devils-due-box-office-prediction/,2014-01-12,Devil’s Due opening weekend prediction: $17.1 million (Friday-to-Monday),normalized_exact,No movie title matched
single_movie_missing_opening_date,430,single_movie_prediction,unmatched,Jack Ryan: Shadow Recruit,,,25600000,1,1,325,Jack Ryan: Shadow Recruit Box Office Prediction,https://toddmthatcher.com/2014/01/12/jack-ryan-shadow-recruit-box-office-prediction/,2014-01-12,Jack Ryan: Shadow Recruit opening weekend prediction: $25.6 million (Friday-to-Monday),normalized_exact,No movie title matched
single_movie_missing_opening_date,431,single_movie_prediction,unmatched,Ride Along,,,21400000,1,1,327,Ride Along Box Office Prediction,https://toddmthatcher.com/2014/01/12/ride-along-box-office-prediction/,2014-01-12,Ride Along opening weekend prediction: $21.4 million (Friday-to-Monday),normalized_exact,No movie title matched
single_movie_missing_opening_date,432,single_movie_prediction,unmatched,The Nut Job,,,19600000,1,1,329,The Nut Job Box Office Prediction,https://toddmthatcher.com/2014/01/12/the-nut-job-box-office-prediction/,2014-01-12,The Nut Job opening weekend prediction: $19.6 million (Friday-to-Monday),normalized_exact,No movie title matched
single_movie_missing_opening_date,428,single_movie_prediction,unmatched,August: Osage County,,,5800000,1,1,321,August: Osage County Box Office Prediction,https://toddmthatcher.com/2014/01/09/august-osage-county-box-office-prediction/,2014-01-10,August: Osage County opening weekend prediction: $5.8 million,normalized_exact,No movie title matched
single_movie_missing_opening_date,425,single_movie_prediction,unmatched,Her,,,8300000,1,1,315,Her Box Office Prediction,https://toddmthatcher.com/2014/01/05/her-box-office-prediction/,2014-01-05,Her opening weekend prediction: $8.3 million,normalized_exact,No movie title matched
single_movie_missing_opening_date,426,single_movie_prediction,unmatched,Lone Survivor,,,21700000,1,1,317,Lone Survivor Box Office Prediction,https://toddmthatcher.com/2014/01/05/lone-survivor-box-office-prediction/,2014-01-05,Lone Survivor opening weekend prediction: $21.7 million,normalized_exact,No movie title matched
single_movie_missing_opening_date,427,single_movie_prediction,unmatched,The Legend of Hercules,,,11900000,1,1,319,The Legend of Hercules Box Office Prediction,https://toddmthatcher.com/2014/01/05/the-legend-of-hercules-box-office-prediction/,2014-01-05,The Legend of Hercules opening weekend prediction: $11.9 million,normalized_exact,No movie title matched
single_movie_missing_opening_date,412,single_movie_prediction,unmatched,Paranormal Activity: The Marked Ones,,,26800000,1,1,309,Paranormal Activity: The Marked Ones Box Office Prediction,https://toddmthatcher.com/2013/12/29/paranormal-activity-the-marked-ones-box-office-prediction/,2013-12-29,Paranormal Activity: The Marked Ones opening weekend prediction: $26.8 million,normalized_exact,No movie title matched
single_movie_missing_opening_date,398,single_movie_prediction,unmatched,47 Ronin,,,11400000,1,1,297,47 Ronin Box Office Prediction,https://toddmthatcher.com/2013/12/22/47-ronin-box-office-prediction/,2013-12-23,"47 Ronin opening weekend prediction: $11.4 million (Friday-to-Sunday), $17.8 million (Wednesday-to-Sunday)",normalized_exact,No movie title matched
single_movie_missing_opening_date,400,single_movie_prediction,unmatched,Believe,,,5800000,1,1,301,Justin Bieber Believe Box Office Prediction,https://toddmthatcher.com/2013/12/22/justin-bieber-believe-box-office-prediction/,2013-12-23,"Believe opening weekend prediction: $5.8 million (Friday-to-Sunday), $10.3 million (Wednesday-to-Sunday)",normalized_exact,No movie title matched
single_movie_missing_opening_date,399,single_movie_prediction,unmatched,Grudge Match,,,13900000,1,1,299,Grudge Match Box Office Prediction,https://toddmthatcher.com/2013/12/22/grudge-match-box-office-prediction/,2013-12-22,"Grudge Match opening weekend prediction: $13.9 million (Friday-to-Sunday), $24.5 million (Wednesday-to-Sunday)",normalized_exact,No movie title matched
single_movie_missing_opening_date,401,single_movie_prediction,unmatched,The Wolf of Wall Street,,,25400000,1,1,305,The Wolf of Wall Street Box Office Prediction,https://toddmthatcher.com/2013/12/22/the-wolf-of-wall-street-box-office-prediction/,2013-12-22,"The Wolf of Wall Street opening weekend prediction: $25.4 million (Friday-to-Sunday), $44.2 million (Wednesday-to-Sunday)",normalized_exact,No movie title matched
single_movie_missing_opening_date,389,single_movie_prediction,unmatched,American Hustle,,,20500000,1,1,287,American Hustle Box Office Prediction,https://toddmthatcher.com/2013/12/15/american-hustle-box-office-prediction/,2013-12-15,American Hustle opening weekend prediction: $20.5 million,normalized_exact,No movie title matched
single_movie_missing_opening_date,397,single_movie_prediction,unmatched,Anchorman 2: The Legend Continues,,,41900000,1,1,295,Anchorman 2: The Legend Continues Box Office Prediction,https://toddmthatcher.com/2013/12/15/anchorman-2-the-legend-continues-box-office-prediction/,2013-12-15,"Anchorman 2: The Legend Continues opening weekend prediction: $41.9 million (Friday-to-Sunday), $61.2 million (Wednesday-to-Sunday)",normalized_exact,No movie title matched
single_movie_missing_opening_date,390,single_movie_prediction,unmatched,Saving Mr. Banks,,,17100000,1,1,289,Saving Mr. Banks Box Office Prediction,https://toddmthatcher.com/2013/12/15/saving-mr-banks-box-office-prediction/,2013-12-15,Saving Mr. Banks opening weekend prediction: $17.1 million,normalized_exact,No movie title matched
single_movie_missing_opening_date,391,single_movie_prediction,unmatched,Walking with Dinosaurs,,,18900000,1,1,291,Walking with Dinosaurs Box Office Prediction,https://toddmthatcher.com/2013/12/15/walking-with-dinosaurs-box-office-prediction/,2013-12-15,Walking with Dinosaurs opening weekend prediction: $18.9 million,normalized_exact,No movie title matched
single_movie_missing_opening_date,382,single_movie_prediction,unmatched,The Hobbit: The Desolation of Smaug,,,77900000,1,1,281,The Hobbit: The Desolation of Smaug Box Office Prediction,https://toddmthatcher.com/2013/12/08/the-hobbit-the-desolation-of-smaug-box-office-prediction/,2013-12-08,The Hobbit: The Desolation of Smaug opening weekend prediction: $77.9 million,normalized_exact,No movie title matched
single_movie_missing_opening_date,383,single_movie_prediction,unmatched,Tyler Perry’s A Madea Christmas,,,33700000,0,0,283,Tyler Perry’s A Madea Christmas Box Office Prediction,https://toddmthatcher.com/2013/12/08/tyler-perrys-a-madea-christmas-box-office-prediction/,2013-12-08,Tyler Perry’s A Madea Christmas opening weekend prediction: $33.7 million,normalized_exact,No movie title matched
single_movie_missing_opening_date,376,single_movie_prediction,unmatched,Out of the Furnance,,,9600000,0,0,277,Out of the Furnace Box Office Prediction,https://toddmthatcher.com/2013/12/01/out-of-the-furnace-box-office-prediction/,2013-12-01,Out of the Furnance opening weekend prediction: $9.6 million,normalized_exact,No movie title matched
single_movie_missing_opening_date,364,single_movie_prediction,unmatched,Philomena,,,3900000,1,1,271,Philomena Box Office Prediction,https://toddmthatcher.com/2013/11/24/philomena-box-office-prediction/,2013-11-25,"Philomena opening weekend prediction: $3.9 million (Friday-to-Sunday), $5.1 million (Friday-to-Wednesday)",normalized_exact,No movie title matched
single_movie_missing_opening_date,360,single_movie_prediction,unmatched,Black Nativity,,,19300000,1,1,263,Black Nativity Box Office Prediction,https://toddmthatcher.com/2013/11/24/black-nativity-box-office-prediction/,2013-11-24,"Black Nativity opening weekend prediction: $19.3 million (Friday-to-Sunday), $26.8 million (Wednesday-to-Sunday)",normalized_exact,No movie title matched
single_movie_missing_opening_date,361,single_movie_prediction,unmatched,Frozen,,,48300000,2,2,265,Frozen Box Office Prediction,https://toddmthatcher.com/2013/11/24/frozen-box-office-prediction/,2013-11-24,"Frozen opening weekend prediction: $48.3 million (Friday to Sunday), $69.1 million (Wednesday to Sunday)",normalized_exact,No movie title matched
single_movie_missing_opening_date,362,single_movie_prediction,unmatched,Homefront,,,8700000,1,1,267,Homefront Box Office Prediction,https://toddmthatcher.com/2013/11/24/homefront-box-office-prediction/,2013-11-24,"Homefront opening weekend prediction: $8.7 million (Friday-to-Sunday), $12.8 million (Wednesday-to-Sunday)",normalized_exact,No movie title matched
single_movie_missing_opening_date,365,single_movie_prediction,unmatched,The Book Thief,,,5600000,1,1,273,The Book Thief Box Office Prediction,https://toddmthatcher.com/2013/11/24/the-book-thief-box-office-prediction/,2013-11-24,"The Book Thief opening weekend prediction: $5.6 million (Friday-to-Sunday), $7.2 million (Wednesday-to-Sunday)",normalized_exact,No movie title matched
single_movie_missing_opening_date,353,single_movie_prediction,unmatched,Delivery Man,,,11200000,1,1,257,Delivery Man Box Office Prediction,https://toddmthatcher.com/2013/11/17/delivery-man-box-office-prediction/,2013-11-18,Delivery Man opening weekend prediction: $11.2 million,normalized_exact,No movie title matched
single_movie_missing_opening_date,354,single_movie_prediction,unmatched,The Hunger Games: Catching Fire,,,166700000,1,1,259,The Hunger Games: Catching Fire Box Office Prediction,https://toddmthatcher.com/2013/11/17/the-hunger-games-catching-fire-box-office-prediction/,2013-11-18,The Hunger Games: Catching Fire opening weekend prediction: $166.7 million,normalized_exact,No movie title matched
single_movie_missing_opening_date,347,single_movie_prediction,unmatched,The Best Man Holiday,,,18700000,1,1,253,The Best Man Holiday Box Office Prediction,https://toddmthatcher.com/2013/11/10/the-best-man-holiday-box-office-prediction/,2013-11-10,The Best Man Holiday opening weekend prediction: $18.7 million,normalized_exact,No movie title matched
single_movie_missing_opening_date,339,single_movie_prediction,unmatched,About Time,,,12800000,1,1,247,About Time Box Office Prediction,https://toddmthatcher.com/2013/11/03/about-time-box-office-prediction/,2013-11-03,About Time opening weekend prediction: $12.8 million,normalized_exact,No movie title matched
single_movie_missing_opening_date,340,single_movie_prediction,unmatched,Thor: The Dark World,,,85600000,1,1,249,Thor: The Dark World Box Office Prediction,https://toddmthatcher.com/2013/11/03/thor-the-dark-world-box-office-prediction/,2013-11-03,Thor: The Dark World opening weekend prediction: $85.6 million,normalized_exact,No movie title matched
single_movie_missing_opening_date,331,single_movie_prediction,unmatched,Ender’s Game,,,32900000,0,0,239,Ender’s Game Box Office Prediction,https://toddmthatcher.com/2013/10/27/enders-game-box-office-prediction/,2013-10-27,Ender’s Game opening weekend prediction: $32.9 million,normalized_exact,No movie title matched
single_movie_missing_opening_date,332,single_movie_prediction,unmatched,Free Birds,,,21000000,1,1,241,Free Birds Box Office Prediction,https://toddmthatcher.com/2013/10/27/free-birds-box-office-prediction/,2013-10-27,Free Birds opening weekend prediction: $21 million,normalized_exact,No movie title matched
single_movie_missing_opening_date,333,single_movie_prediction,unmatched,Last Vegas,,,19200000,1,1,243,Last Vegas Box Office Prediction,https://toddmthatcher.com/2013/10/27/last-vegas-box-office-prediction/,2013-10-27,Last Vegas opening weekend prediction: $19.2 million,normalized_exact,No movie title matched
single_movie_missing_opening_date,324,single_movie_prediction,unmatched,Jackass Presents: Bad Grandpa,,,28300000,1,1,233,Jackass Presents: Bad Grandpa Box Office Prediction,https://toddmthatcher.com/2013/10/20/jackass-presents-bad-grandpa-box-office-prediction/,2013-10-20,Jackass Presents: Bad Grandpa opening weekend prediction: $28.3 million,normalized_exact,No movie title matched
single_movie_missing_opening_date,325,single_movie_prediction,unmatched,The Counselor,,,13800000,1,1,235,The Counselor Box Office Prediction,https://toddmthatcher.com/2013/10/20/the-counselor-box-office-prediction/,2013-10-20,The Counselor opening weekend prediction: $13.8 million,normalized_exact,No movie title matched
single_movie_missing_opening_date,316,single_movie_prediction,unmatched,Carrie,,,22400000,1,1,225,Carrie Box Office Prediction,https://toddmthatcher.com/2013/10/13/carrie-box-office-prediction/,2013-10-13,Carrie opening weekend prediction: $22.4 million,normalized_exact,No movie title matched
single_movie_missing_opening_date,317,single_movie_prediction,unmatched,Escape Plan,,,10100000,1,1,227,Escape Plan Box Office Prediction,https://toddmthatcher.com/2013/10/13/escape-plan-box-office-prediction/,2013-10-13,Escape Plan opening weekend prediction: $10.1 million,normalized_exact,No movie title matched
single_movie_missing_opening_date,318,single_movie_prediction,unmatched,The Fifth Estate,,,5800000,1,1,229,The Fifth Estate Box Office Prediction,https://toddmthatcher.com/2013/10/13/the-fifth-estate-box-office-prediction/,2013-10-13,The Fifth Estate opening weekend prediction: $5.8 million,normalized_exact,No movie title matched
single_movie_missing_opening_date,314,single_movie_prediction,unmatched,Captain Phillips,,,19100000,1,1,221,Captain Phillips Box Office Prediction,https://toddmthatcher.com/2013/10/06/captain-phillips-box-office-prediction/,2013-10-06,Captain Phillips opening weekend prediction: $19.1 million,normalized_exact,No movie title matched
single_movie_missing_opening_date,315,single_movie_prediction,unmatched,Machete Kills,,,7200000,1,1,223,Machete Kills Box Office Prediction,https://toddmthatcher.com/2013/10/06/machete-kills-box-office-prediction/,2013-10-06,Machete Kills opening weekend prediction: $7.2 million,normalized_exact,No movie title matched
single_movie_missing_opening_date,308,single_movie_prediction,unmatched,Gravity,,,38700000,1,1,217,Gravity Box Office Prediction,https://toddmthatcher.com/2013/09/29/gravity-box-office-prediction/,2013-09-29,Gravity opening weekend prediction: $38.7 million,normalized_exact,No movie title matched
single_movie_missing_opening_date,301,single_movie_prediction,unmatched,Metallica Through the Never,,,2800000,1,1,211,Metallica Through The Never Box Office Prediction,https://toddmthatcher.com/2013/09/29/metallica-through-the-never-box-office-prediction/,2013-09-29,Metallica Through the Never opening weekend prediction: $2.8 million,normalized_exact,No movie title matched
single_movie_missing_opening_date,302,single_movie_prediction,unmatched,Runner Runner,,,10900000,1,1,213,Runner Runner Box Office Prediction,https://toddmthatcher.com/2013/09/29/runner-runner-box-office-prediction/,2013-09-29,Runner Runner opening weekend prediction: $10.9 million,normalized_exact,No movie title matched
single_movie_missing_opening_date,292,single_movie_prediction,unmatched,Baggage Claim,,,9500000,1,1,201,Baggage Claim Box Office Prediction,https://toddmthatcher.com/2013/09/22/baggage-claim-box-office-prediction/,2013-09-22,Baggage Claim opening weekend prediction: $9.5 million,normalized_exact,No movie title matched
single_movie_missing_opening_date,293,single_movie_prediction,unmatched,Cloudy with a Chance of Meatballs 2,,,48100000,1,1,203,Cloudy with a Chance of Meatballs 2 Box Office Prediction,https://toddmthatcher.com/2013/09/22/cloudy-with-a-chance-of-meatballs-2-box-office-prediction/,2013-09-22,Cloudy with a Chance of Meatballs 2 opening weekend prediction: $48.1 million,normalized_exact,No movie title matched
single_movie_missing_opening_date,294,single_movie_prediction,unmatched,Don Jon,,,8000000,1,1,205,Don Jon Box Office Prediction,https://toddmthatcher.com/2013/09/22/don-jon-box-office-prediction/,2013-09-22,Don Jon opening weekend prediction: $8 million,normalized_exact,No movie title matched
single_movie_missing_opening_date,295,single_movie_prediction,unmatched,Rush,,,17200000,1,1,207,Rush Box Office Prediction,https://toddmthatcher.com/2013/09/22/rush-box-office-prediction/,2013-09-22,Rush opening weekend prediction: $17.2 million,normalized_exact,No movie title matched
single_movie_missing_opening_date,285,single_movie_prediction,unmatched,Battle of the Year,,,10300000,1,1,195,Battle of the Year Box Office Prediction,https://toddmthatcher.com/2013/09/15/battle-of-the-year-box-office-prediction/,2013-09-16,Battle of the Year opening weekend prediction: $10.3 million,normalized_exact,No movie title matched
single_movie_missing_opening_date,286,single_movie_prediction,unmatched,Prisoners,,,18400000,1,1,197,Prisoners Box Office Prediction,https://toddmthatcher.com/2013/09/15/prisoners-box-office-prediction/,2013-09-15,Prisoners opening weekend prediction: $18.4 million,normalized_exact,No movie title matched
single_movie_missing_opening_date,278,single_movie_prediction,unmatched,Insidious: Chapter 2,,,22600000,1,1,189,Insidious: Chapter 2 Box Office Prediction,https://toddmthatcher.com/2013/09/08/insidious-chapter-2-box-office-prediction/,2013-09-08,Insidious: Chapter 2 opening weekend prediction: $22.6 million,normalized_exact,No movie title matched
single_movie_missing_opening_date,279,single_movie_prediction,unmatched,The Family,,,11200000,1,1,191,The Family Box Office Prediction,https://toddmthatcher.com/2013/09/08/the-family-box-office-prediction/,2013-09-08,The Family opening weekend prediction: $11.2 million,normalized_exact,No movie title matched
single_movie_missing_opening_date,277,single_movie_prediction,unmatched,Riddick,,,23400000,1,1,187,Riddick Box Office Prediction,https://toddmthatcher.com/2013/09/02/riddick-box-office-prediction/,2013-09-02,Riddick opening weekend prediction: $23.4 million,normalized_exact,No movie title matched
single_movie_missing_opening_date,264,single_movie_prediction,unmatched,Closed Circuit,,,5300000,1,1,177,Closed Circuit Box Office Prediction,https://toddmthatcher.com/2013/08/25/closed-circuit-box-office-prediction/,2013-08-25,"Closed Circuit opening weekend prediction: $5.3 million (over the Friday-Monday Labor Day weekend), $7.2 million (over the Wednesday-Monday opening)",normalized_exact,No movie title matched
single_movie_missing_opening_date,265,single_movie_prediction,unmatched,Getaway,,,11800000,1,1,179,Getaway Box Office Prediction,https://toddmthatcher.com/2013/08/25/getaway-box-office-prediction/,2013-08-25,Getaway opening weekend prediction: $11.8 million,normalized_exact,No movie title matched
single_movie_missing_opening_date,266,single_movie_prediction,unmatched,One Direction: This Is Us,,,14900000,1,1,181,One Direction: This Is Us Box Office Prediction,https://toddmthatcher.com/2013/08/25/one-direction-this-is-us-box-office-prediction/,2013-08-25,One Direction: This Is Us opening weekend prediction: $14.9 million,normalized_exact,No movie title matched
single_movie_missing_opening_date,257,single_movie_prediction,unmatched,The World’s End,,,12400000,0,0,171,The World’s End Box Office Prediction,https://toddmthatcher.com/2013/08/18/the-worlds-end-box-office-prediction/,2013-08-19,The World’s End opening weekend prediction: $12.4 million,normalized_exact,No movie title matched
single_movie_missing_opening_date,258,single_movie_prediction,unmatched,You’re Next,,,21600000,0,0,173,You’re Next Box Office Prediction,https://toddmthatcher.com/2013/08/18/youre-next-box-office-prediction/,2013-08-19,You’re Next opening weekend prediction: $21.6 million,normalized_exact,No movie title matched
single_movie_missing_opening_date,256,single_movie_prediction,unmatched,The Mortal Instruments: City of Bones,,,15700000,1,1,169,The Mortal Instruments: City of Bones Box Office Prediction,https://toddmthatcher.com/2013/08/18/the-mortal-instruments-city-of-bones-box-office-prediction/,2013-08-18,"The Mortal Instruments: City of Bones opening weekend prediction: $15.7 million (Friday-to-Sunday gross), $23.9 million (five-day gross)",normalized_exact,No movie title matched
single_movie_missing_opening_date,245,single_movie_prediction,unmatched,Jobs,,,6800000,1,1,159,Jobs Box Office Prediction,https://toddmthatcher.com/2013/08/11/jobs-box-office-prediction/,2013-08-11,Jobs opening weekend prediction: $6.8 million,normalized_exact,No movie title matched
single_movie_missing_opening_date,246,single_movie_prediction,unmatched,Kick-Ass 2,,,18600000,1,1,161,Kick-Ass 2 Box Office Prediction,https://toddmthatcher.com/2013/08/11/kick-ass-2-box-office-prediction/,2013-08-11,Kick-Ass 2 opening weekend prediction: $18.6 million,normalized_exact,No movie title matched
single_movie_missing_opening_date,247,single_movie_prediction,unmatched,Paranoia,,,10300000,1,1,165,Paranoia Box Office Prediction,https://toddmthatcher.com/2013/08/11/paranoia-box-office-prediction/,2013-08-11,Paranoia opening weekend prediction: $10.3 million,normalized_exact,No movie title matched
single_movie_missing_opening_date,236,single_movie_prediction,unmatched,Elysium,,,33700000,1,1,149,Elysium Box Office Prediction,https://toddmthatcher.com/2013/08/04/elysium-box-office-prediction/,2013-08-04,Elysium opening weekend prediction: $33.7 million,normalized_exact,No movie title matched
single_movie_missing_opening_date,237,single_movie_prediction,unmatched,Percy Jackson: Sea of Monsters,,,15800000,1,1,151,Percy Jackson: Sea of Monsters Box Office Prediction,https://toddmthatcher.com/2013/08/04/percy-jackson-sea-of-monsters-box-office-prediction/,2013-08-04,Percy Jackson: Sea of Monsters opening weekend prediction: $15.8 million ($21.9 million over the five-day),normalized_exact,No movie title matched
single_movie_missing_opening_date,238,single_movie_prediction,unmatched,Planes,,,19100000,0,0,153,Planes Box Office Prediction,https://toddmthatcher.com/2013/08/04/planes-box-office-prediction/,2013-08-04,Planes opening weekend prediction: $19.1 million,normalized_exact,No movie title matched
single_movie_missing_opening_date,239,single_movie_prediction,unmatched,We’re the Millers,,,19400000,0,0,155,We’re the Millers Box Office Prediction,https://toddmthatcher.com/2013/08/04/were-the-millers-box-office-prediction/,2013-08-04,"We’re the Millers opening weekend prediction: $19.4 million (Friday-to-Sunday), $27.2 million (five-day opening)",normalized_exact,No movie title matched
single_movie_missing_opening_date,229,single_movie_prediction,unmatched,2 Guns,,,28900000,1,1,143,2 Guns Box Office Prediction,https://toddmthatcher.com/2013/07/28/2-guns-box-office-prediction/,2013-07-29,2 Guns opening weekend prediction: $28.9 million,normalized_exact,No movie title matched
single_movie_missing_opening_date,230,single_movie_prediction,unmatched,The Smurfs 2,,,25700000,1,1,145,The Smurfs 2 Box Office Prediction,https://toddmthatcher.com/2013/07/28/the-smurfs-2-box-office-prediction/,2013-07-29,The Smurfs 2 opening weekend prediction: $25.7 million (Friday to Sunday) and $38.2 million for the five-day opening,normalized_exact,No movie title matched
single_movie_missing_opening_date,223,single_movie_prediction,unmatched,The Wolverine,,,67400000,1,1,139,The Wolverine Box Office Prediction,https://toddmthatcher.com/2013/07/21/the-wolverine-box-office-prediction/,2013-07-22,The Wolverine opening weekend prediction: $67.4 million,normalized_exact,No movie title matched
single_movie_missing_opening_date,213,single_movie_prediction,unmatched,R.I.P.D.,,,13600000,0,0,129,R.I.P.D. Box Office Prediction,https://toddmthatcher.com/2013/07/14/r-i-p-d-box-office-prediction/,2013-07-15,R.I.P.D. opening weekend prediction: $13.6 million,normalized_exact,No movie title matched
single_movie_missing_opening_date,214,single_movie_prediction,unmatched,Red 2,,,22700000,1,1,131,Red 2 Box Office Prediction,https://toddmthatcher.com/2013/07/14/red-2-box-office-prediction/,2013-07-15,Red 2 opening weekend prediction: $22.7 million,normalized_exact,No movie title matched
single_movie_missing_opening_date,215,single_movie_prediction,unmatched,The Conjuring,,,35300000,1,1,133,The Conjuring Box Office Prediction,https://toddmthatcher.com/2013/07/14/the-conjuring-box-office-prediction/,2013-07-14,The Conjuring opening weekend prediction: $35.3 million,normalized_exact,No movie title matched
single_movie_missing_opening_date,202,single_movie_prediction,unmatched,Pacific Rim,,,39700000,1,1,123,Pacific Rim Box Office Prediction,https://toddmthatcher.com/2013/07/07/pacific-rim-box-office-prediction/,2013-07-08,Pacific Rim opening weekend prediction: $39.7 million,normalized_exact,No movie title matched
single_movie_missing_opening_date,196,single_movie_prediction,unmatched,The Heat,,,44700000,1,1,113,The Heat Box Office Prediction,https://toddmthatcher.com/2013/06/24/the-heat-box-office-prediction/,2013-06-24,The Heat opening weekend prediction: $44.7 million,normalized_exact,No movie title matched
single_movie_missing_opening_date,189,single_movie_prediction,unmatched,Monsters University,,,82100000,1,1,105,Monsters University Box Office Prediction,https://toddmthatcher.com/2013/06/17/monsters-university-box-office-prediction/,2013-06-18,Monsters University opening weekend prediction: $82.1 million,normalized_exact,No movie title matched
single_movie_missing_opening_date,190,single_movie_prediction,unmatched,World War Z,,,43800000,1,1,107,World War Z Box Office Prediction,https://toddmthatcher.com/2013/06/17/world-war-z-box-office-prediction/,2013-06-18,World War Z opening weekend prediction: $43.8 million,normalized_exact,No movie title matched
single_movie_missing_opening_date,183,single_movie_prediction,unmatched,Man of Steel,,,124300000,1,1,97,Man of Steel Box Office Prediction,https://toddmthatcher.com/2013/06/09/man-of-steel-box-office-prediction/,2013-06-09,Man of Steel opening weekend prediction: $124.3 million,normalized_exact,No movie title matched
single_movie_missing_opening_date,177,single_movie_prediction,unmatched,The Purge,,,24900000,1,1,93,The Purge Box Office Prediction,https://toddmthatcher.com/2013/06/03/the-purge-box-office-prediction/,2013-06-04,The Purge opening weekend prediction: $24.9 million,normalized_exact,No movie title matched
single_movie_missing_opening_date,176,single_movie_prediction,unmatched,The Internship,,,20700000,1,1,91,The Internship Box Office Prediction,https://toddmthatcher.com/2013/06/03/the-internship-box-office-prediction/,2013-06-03,The Internship opening weekend prediction: $20.7 million,normalized_exact,No movie title matched
single_movie_missing_opening_date,170,single_movie_prediction,unmatched,Now You See Me,,,14200000,1,1,87,Now You See Me Box Office Prediction,https://toddmthatcher.com/2013/05/28/now-you-see-me-box-office-prediction/,2013-05-28,Now You See Me opening weekend prediction: $14.2 million,normalized_exact,No movie title matched
single_movie_missing_opening_date,169,single_movie_prediction,unmatched,After Earth,,,39100000,1,1,85,After Earth Box Office Prediction,https://toddmthatcher.com/2013/05/27/after-earth-box-office-prediction/,2013-05-27,After Earth opening weekend prediction: $39.1 million,normalized_exact,No movie title matched
single_movie_missing_opening_date,163,single_movie_prediction,unmatched,Epic,,,45500000,1,1,81,Epic Box Office Prediction,https://toddmthatcher.com/2013/05/21/epic-box-office-prediction/,2013-05-21,Epic opening weekend prediction: $45.5 million,normalized_exact,No movie title matched
single_movie_missing_opening_date,162,single_movie_prediction,unmatched,Fast&Furious 6,,,106800000,1,1,79,Fast and Furious 6 Box Office Prediction,https://toddmthatcher.com/2013/05/20/fastfurious-6-box-office-prediction/,2013-05-20,Fast&Furious 6 opening weekend prediction: $106.8 million,normalized_exact,No movie title matched
single_movie_missing_opening_date,151,single_movie_prediction,unmatched,Tyler Perry Presents Peeples,,,18500000,0,0,69,Tyler Perry Presents Peeples Box Office Prediction,https://toddmthatcher.com/2013/05/07/tyler-perry-presents-peeples-box-office-prediction/,2013-05-08,Tyler Perry Presents Peeples opening weekend prediction: $18.5 million,normalized_exact,No movie title matched
single_movie_missing_opening_date,145,single_movie_prediction,unmatched,Iron Man 3,,,172400000,1,1,63,Iron Man 3 Box Office Prediction,https://toddmthatcher.com/2013/04/28/iron-man-3-box-office-prediction/,2013-04-28,Iron Man 3 opening weekend prediction: $172.4 million,normalized_exact,No movie title matched
single_movie_missing_opening_date,139,single_movie_prediction,unmatched,The Big Wedding,,,11200000,1,1,59,The Big Wedding Box Office Prediction,https://toddmthatcher.com/2013/04/22/the-big-wedding-box-office-prediction/,2013-04-23,The Big Wedding opening weekend prediction: $11.2 million,normalized_exact,No movie title matched
single_movie_missing_opening_date,138,single_movie_prediction,unmatched,Pain and Gain,,,23800000,1,1,57,Pain and Gain Box Office Prediction,https://toddmthatcher.com/2013/04/22/pain-and-gain-box-office-prediction/,2013-04-22,Pain and Gain opening weekend prediction: $23.8 million,normalized_exact,No movie title matched
single_movie_missing_opening_date,132,single_movie_prediction,unmatched,Oblivion,,,32800000,1,1,53,Oblivion Box Office Prediction,https://toddmthatcher.com/2013/04/15/oblivion-box-office-prediction/,2013-04-16,Oblivion opening weekend prediction: $32.8 million,normalized_exact,No movie title matched
single_movie_missing_opening_date,120,single_movie_prediction,unmatched,The Evil Dead,,,19800000,0,0,47,The Evil Dead Box Office Prediction,https://toddmthatcher.com/2013/04/01/the-evil-dead-box-office-prediction/,2013-04-02,The Evil Dead opening weekend prediction: $19.8 million,normalized_exact,No movie title matched
weekly_forecast_matched_as_release_date_not_activity_window,2063,weekly_ranked_predictions,unmatched,Coco,2017-12-15,2017-12-17,11200000,1,1,1785,Box Office Predictions: December 15-17,https://toddmthatcher.com/2017/12/11/box-office-predictions-december-15-17/,2017-12-11,"3. Coco
Predicted Gross: $11.2 million (representing a drop of 39%)",normalized_exact,No movie title matched
weekly_forecast_matched_as_release_date_not_activity_window,2062,weekly_ranked_predictions,ambiguous,Ferdinand,2017-12-15,2017-12-17,18600000,10,1,1785,Box Office Predictions: December 15-17,https://toddmthatcher.com/2017/12/11/box-office-predictions-december-15-17/,2017-12-11,"2. Ferdinand
Predicted Gross: $18.6 milion",normalized_exact,Multiple movies share the title
weekly_forecast_matched_as_release_date_not_activity_window,2066,weekly_ranked_predictions,ambiguous,Justice League,2017-12-15,2017-12-17,4300000,12,1,1785,Box Office Predictions: December 15-17,https://toddmthatcher.com/2017/12/11/box-office-predictions-december-15-17/,2017-12-11,"6. Justice League
Predicted Gross: $4.3 million (representing a drop of 55%)",normalized_exact,Multiple movies share the title
weekly_forecast_matched_as_release_date_not_activity_window,2061,weekly_ranked_predictions,ambiguous,Star Wars: The Last Jedi,2017-12-15,2017-12-17,219700000,16,0,1785,Box Office Predictions: December 15-17,https://toddmthatcher.com/2017/12/11/box-office-predictions-december-15-17/,2017-12-11,"1. Star Wars: The Last Jedi
Predicted Gross: $219.7 million",normalized_exact,Multiple movies share the title
weekly_forecast_matched_as_release_date_not_activity_window,2065,weekly_ranked_predictions,ambiguous,The Disaster Artist,2017-12-15,2017-12-17,4300000,5,1,1785,Box Office Predictions: December 15-17,https://toddmthatcher.com/2017/12/11/box-office-predictions-december-15-17/,2017-12-11,"5. The Disaster Artist
Predicted Gross: $4.3 million (representing a drop of 34%)",normalized_exact,Multiple movies share the title
weekly_forecast_matched_as_release_date_not_activity_window,2064,weekly_ranked_predictions,ambiguous,Wonder,2017-12-15,2017-12-17,4900000,15,1,1785,Box Office Predictions: December 15-17,https://toddmthatcher.com/2017/12/11/box-office-predictions-december-15-17/,2017-12-11,"4. Wonder
Predicted Gross: $4.9 million (representing a drop of 43%)",normalized_exact,Multiple movies share the title
weekly_forecast_matched_as_release_date_not_activity_window,2056,weekly_ranked_predictions,unmatched,Coco,2017-12-08,2017-12-10,18300000,1,1,1783,Box Office Predictions: December 8-10,https://toddmthatcher.com/2017/12/04/box-office-predictions-december-8-10/,2017-12-04,"1. Coco
Predicted Gross: $18.3 million (representing a drop of 33%)",normalized_exact,No movie title matched
weekly_forecast_matched_as_release_date_not_activity_window,2060,weekly_ranked_predictions,ambiguous,Just Getting Started,2017-12-08,2017-12-10,5200000,3,1,1783,Box Office Predictions: December 8-10,https://toddmthatcher.com/2017/12/04/box-office-predictions-december-8-10/,2017-12-04,"5. Just Getting Started
Predicted Gross: $5.2 million",normalized_exact,Multiple movies share the title
weekly_forecast_matched_as_release_date_not_activity_window,2057,weekly_ranked_predictions,ambiguous,Justice League,2017-12-08,2017-12-10,8200000,12,1,1783,Box Office Predictions: December 8-10,https://toddmthatcher.com/2017/12/04/box-office-predictions-december-8-10/,2017-12-04,"2. Justice League
Predicted Gross: $8.2 million (representing a drop of 50%)",normalized_exact,Multiple movies share the title
weekly_forecast_matched_as_release_date_not_activity_window,2059,weekly_ranked_predictions,ambiguous,Thor: Ragnarok,2017-12-08,2017-12-10,6500000,15,1,1783,Box Office Predictions: December 8-10,https://toddmthatcher.com/2017/12/04/box-office-predictions-december-8-10/,2017-12-04,"4. Thor: Ragnarok
Predicted Gross: $6.5 million (representing a drop of 34%)",normalized_exact,Multiple movies share the title
weekly_forecast_matched_as_release_date_not_activity_window,2058,weekly_ranked_predictions,ambiguous,Wonder,2017-12-08,2017-12-10,7600000,15,1,1783,Box Office Predictions: December 8-10,https://toddmthatcher.com/2017/12/04/box-office-predictions-december-8-10/,2017-12-04,"3. Wonder
Predicted Gross: $7.6 million (representing a drop of 39%)",normalized_exact,Multiple movies share the title
weekly_forecast_matched_as_release_date_not_activity_window,2047,weekly_ranked_predictions,unmatched,Coco,2017-12-01,2017-12-03,25200000,1,1,1775,Box Office Predictions: December 1-3,https://toddmthatcher.com/2017/11/27/box-office-predictions-december-1-3/,2017-11-27,"1. Coco
Predicted Gross: $25.2 million (representing a drop of 50%)",normalized_exact,No movie title matched
weekly_forecast_matched_as_release_date_not_activity_window,2048,weekly_ranked_predictions,ambiguous,Justice League,2017-12-01,2017-12-03,16800000,12,1,1775,Box Office Predictions: December 1-3,https://toddmthatcher.com/2017/11/27/box-office-predictions-december-1-3/,2017-11-27,"2. Justice League
Predicted Gross: $16.8 million (representing a drop of 59%)",normalized_exact,Multiple movies share the title
weekly_forecast_matched_as_release_date_not_activity_window,2052,weekly_ranked_predictions,ambiguous,Murder on the Orient Express,2017-12-01,2017-12-03,6900000,13,1,1775,Box Office Predictions: December 1-3,https://toddmthatcher.com/2017/11/27/box-office-predictions-december-1-3/,2017-11-27,"6. Murder on the Orient Express
Predicted Gross: $6.9 million (representing a drop of 47%)",normalized_exact,Multiple movies share the title
weekly_forecast_matched_as_release_date_not_activity_window,2050,weekly_ranked_predictions,ambiguous,Thor: Ragnarok,2017-12-01,2017-12-03,7700000,15,1,1775,Box Office Predictions: December 1-3,https://toddmthatcher.com/2017/11/27/box-office-predictions-december-1-3/,2017-11-27,"4. Thor: Ragnarok
Predicted Gross: $7.7 million (representing a drop of 54%)",normalized_exact,Multiple movies share the title
weekly_forecast_matched_as_release_date_not_activity_window,2049,weekly_ranked_predictions,ambiguous,Wonder,2017-12-01,2017-12-03,14400000,15,1,1775,Box Office Predictions: December 1-3,https://toddmthatcher.com/2017/11/27/box-office-predictions-december-1-3/,2017-11-27,"3. Wonder
Predicted Gross: $14.4 million (representing a drop of 36%)",normalized_exact,Multiple movies share the title
weekly_forecast_matched_as_release_date_not_activity_window,2040,weekly_ranked_predictions,unmatched,Coco,2017-11-24,2017-11-26,54100000,1,1,1773,Box Office Predictions: November 24-26,https://toddmthatcher.com/2017/11/20/box-office-predictions-november-24-26/,2017-11-20,"1. Coco
Predicted Gross: $54.1 million (Friday to Sunday), $74.6 million (Wednesday to Sunday)",normalized_exact,No movie title matched
weekly_forecast_matched_as_release_date_not_activity_window,2041,weekly_ranked_predictions,ambiguous,Justice League,2017-11-24,2017-11-26,41600000,12,1,1773,Box Office Predictions: November 24-26,https://toddmthatcher.com/2017/11/20/box-office-predictions-november-24-26/,2017-11-20,"2. Justice League
Predicted Gross: $41.6 million (representing a drop of 55%)",normalized_exact,Multiple movies share the title
weekly_forecast_matched_as_release_date_not_activity_window,2045,weekly_ranked_predictions,ambiguous,Murder on the Orient Express,2017-11-24,2017-11-26,10800000,13,1,1773,Box Office Predictions: November 24-26,https://toddmthatcher.com/2017/11/20/box-office-predictions-november-24-26/,2017-11-20,"6. Murder on the Orient Express
Predicted Gross: $10.8 million (representing a drop of 22%)",normalized_exact,Multiple movies share the title
weekly_forecast_matched_as_release_date_not_activity_window,2046,weekly_ranked_predictions,ambiguous,The Star,2017-11-24,2017-11-26,8600000,10,1,1773,Box Office Predictions: November 24-26,https://toddmthatcher.com/2017/11/20/box-office-predictions-november-24-26/,2017-11-20,"7. The Star
Predicted Gross: $8.6 million (representing a drop of 12%)",normalized_exact,Multiple movies share the title
weekly_forecast_matched_as_release_date_not_activity_window,2043,weekly_ranked_predictions,ambiguous,Thor: Ragnarok,2017-11-24,2017-11-26,16200000,15,1,1773,Box Office Predictions: November 24-26,https://toddmthatcher.com/2017/11/20/box-office-predictions-november-24-26/,2017-11-20,"4. Thor: Ragnarok
Predicted Gross: $16.2 million (representing a drop of 25%)",normalized_exact,Multiple movies share the title
weekly_forecast_matched_as_release_date_not_activity_window,2042,weekly_ranked_predictions,ambiguous,Wonder,2017-11-24,2017-11-26,25400000,15,1,1773,Box Office Predictions: November 24-26,https://toddmthatcher.com/2017/11/20/box-office-predictions-november-24-26/,2017-11-20,"3. Wonder
Predicted Gross: $25.4 million (representing a drop of 8%)",normalized_exact,Multiple movies share the title
weekly_forecast_matched_as_release_date_not_activity_window,2032,weekly_ranked_predictions,ambiguous,Justice League,2017-11-17,2017-11-19,128400000,12,1,1767,Box Office Predictions: November 17-19,https://toddmthatcher.com/2017/11/13/box-office-predictions-november-17-19/,2017-11-13,"1. Justice League
Predicted Gross: $128.4 million",normalized_exact,Multiple movies share the title
weekly_forecast_matched_as_release_date_not_activity_window,2035,weekly_ranked_predictions,ambiguous,Murder on the Orient Express,2017-11-17,2017-11-19,14500000,13,1,1767,Box Office Predictions: November 17-19,https://toddmthatcher.com/2017/11/13/box-office-predictions-november-17-19/,2017-11-13,"4. Murder on the Orient Express
Predicted Gross: $14.5 million (representing a drop of 49%)",normalized_exact,Multiple movies share the title
weekly_forecast_matched_as_release_date_not_activity_window,2037,weekly_ranked_predictions,ambiguous,The Star,2017-11-17,2017-11-19,10300000,10,1,1767,Box Office Predictions: November 17-19,https://toddmthatcher.com/2017/11/13/box-office-predictions-november-17-19/,2017-11-13,"6. The Star
Predicted Gross: $10.3 million",normalized_exact,Multiple movies share the title
weekly_forecast_matched_as_release_date_not_activity_window,2033,weekly_ranked_predictions,ambiguous,Thor: Ragnarok,2017-11-17,2017-11-19,25000000,15,1,1767,Box Office Predictions: November 17-19,https://toddmthatcher.com/2017/11/13/box-office-predictions-november-17-19/,2017-11-13,"2. Thor: Ragnarok
Predicted Gross: $25 million (representing a drop of 56%)",normalized_exact,Multiple movies share the title
weekly_forecast_matched_as_release_date_not_activity_window,2036,weekly_ranked_predictions,ambiguous,Wonder,2017-11-17,2017-11-19,12900000,15,1,1767,Box Office Predictions: November 17-19,https://toddmthatcher.com/2017/11/13/box-office-predictions-november-17-19/,2017-11-13,"5. Wonder
Predicted Gross: $12.9 million",normalized_exact,Multiple movies share the title
weekly_forecast_matched_as_release_date_not_activity_window,2027,weekly_ranked_predictions,ambiguous,A Bad Moms Christmas,2017-11-10,2017-11-12,8600000,12,1,1759,Box Office Predictions: November 10-12,https://toddmthatcher.com/2017/11/06/box-office-predictions-november-10-12/,2017-11-06,"4. A Bad Moms Christmas
Predicted Gross: $8.6 million (representing a drop of 48%)",normalized_exact,Multiple movies share the title
weekly_forecast_matched_as_release_date_not_activity_window,2028,weekly_ranked_predictions,ambiguous,Jigsaw,2017-11-10,2017-11-12,2900000,9,1,1759,Box Office Predictions: November 10-12,https://toddmthatcher.com/2017/11/06/box-office-predictions-november-10-12/,2017-11-06,"5. Jigsaw
Predicted Gross: $2.9 million (representing a drop of 57%)",normalized_exact,Multiple movies share the title
weekly_forecast_matched_as_release_date_not_activity_window,2025,weekly_ranked_predictions,ambiguous,Murder on the Orient Express,2017-11-10,2017-11-12,24600000,13,1,1759,Box Office Predictions: November 10-12,https://toddmthatcher.com/2017/11/06/box-office-predictions-november-10-12/,2017-11-06,"2. Murder on the Orient Express
Predicted Gross: $24.6 million",normalized_exact,Multiple movies share the title
weekly_forecast_matched_as_release_date_not_activity_window,2024,weekly_ranked_predictions,ambiguous,Thor: Ragnarok,2017-11-10,2017-11-12,53800000,15,1,1759,Box Office Predictions: November 10-12,https://toddmthatcher.com/2017/11/06/box-office-predictions-november-10-12/,2017-11-06,"1. Thor: Ragnarok
Predicted Gross: $53.8 million (representing a drop of 56%)",normalized_exact,Multiple movies share the title
weekly_forecast_matched_as_release_date_not_activity_window,2018,weekly_ranked_predictions,ambiguous,A Bad Moms Christmas,2017-11-03,2017-11-05,18700000,12,1,1753,Box Office Predictions: November 3-5,https://toddmthatcher.com/2017/10/30/box-office-predictions-november-3-5/,2017-10-30,"2. A Bad Moms Christmas
Predicted Gross: $18.7 million (Friday to Sunday), $26.2 million (Wednesday to Sunday)",normalized_exact,Multiple movies share the title
weekly_forecast_matched_as_release_date_not_activity_window,2020,weekly_ranked_predictions,ambiguous,Boo 2! A Madea Halloween,2017-11-03,2017-11-05,4100000,4,0,1753,Box Office Predictions: November 3-5,https://toddmthatcher.com/2017/10/30/box-office-predictions-november-3-5/,2017-10-30,"4. Boo 2! A Madea Halloween
Predicted Gross: $4.1 million (representing a drop of 59%)",normalized_exact,Multiple movies share the title
weekly_forecast_matched_as_release_date_not_activity_window,2021,weekly_ranked_predictions,ambiguous,Geostorm,2017-11-03,2017-11-05,2700000,9,1,1753,Box Office Predictions: November 3-5,https://toddmthatcher.com/2017/10/30/box-office-predictions-november-3-5/,2017-10-30,"5. Geostorm
Predicted Gross: $2.7 million (representing a drop of 55%)",normalized_exact,Multiple movies share the title
weekly_forecast_matched_as_release_date_not_activity_window,2019,weekly_ranked_predictions,ambiguous,Jigsaw,2017-11-03,2017-11-05,5900000,9,1,1753,Box Office Predictions: November 3-5,https://toddmthatcher.com/2017/10/30/box-office-predictions-november-3-5/,2017-10-30,"3. Jigsaw
Predicted Gross: $5.9 million (representing a drop of 64%)",normalized_exact,Multiple movies share the title
weekly_forecast_matched_as_release_date_not_activity_window,2017,weekly_ranked_predictions,ambiguous,Thor: Ragnarok,2017-11-03,2017-11-05,107600000,15,1,1753,Box Office Predictions: November 3-5,https://toddmthatcher.com/2017/10/30/box-office-predictions-november-3-5/,2017-10-30,"1. Thor: Ragnarok
Predicted Gross: $107.6 million",normalized_exact,Multiple movies share the title
weekly_forecast_matched_as_release_date_not_activity_window,2011,weekly_ranked_predictions,ambiguous,Boo 2! A Madea Halloween,2017-10-27,2017-10-29,12200000,4,0,1747,Box Office Predictions: October 27-29,https://toddmthatcher.com/2017/10/23/box-office-predictions-october-27-29/,2017-10-23,"2. Boo 2! A Madea Halloween
Predicted Gross: $12.2 million (representing a drop of 42%)",normalized_exact,Multiple movies share the title
weekly_forecast_matched_as_release_date_not_activity_window,2013,weekly_ranked_predictions,ambiguous,Geostorm,2017-10-27,2017-10-29,5400000,9,1,1747,Box Office Predictions: October 27-29,https://toddmthatcher.com/2017/10/23/box-office-predictions-october-27-29/,2017-10-23,"4. Geostorm
Predicted Gross: $5.4 million (representing a drop of 60%)",normalized_exact,Multiple movies share the title
weekly_forecast_matched_as_release_date_not_activity_window,2010,weekly_ranked_predictions,ambiguous,Jigsaw,2017-10-27,2017-10-29,14800000,9,1,1747,Box Office Predictions: October 27-29,https://toddmthatcher.com/2017/10/23/box-office-predictions-october-27-29/,2017-10-23,"1. Jigsaw
Predicted Gross: $14.8 million",normalized_exact,Multiple movies share the title
weekly_forecast_matched_as_release_date_not_activity_window,2012,weekly_ranked_predictions,ambiguous,Suburbicon,2017-10-27,2017-10-29,7300000,3,1,1747,Box Office Predictions: October 27-29,https://toddmthatcher.com/2017/10/23/box-office-predictions-october-27-29/,2017-10-23,"3. Suburbicon
Predicted Gross: $7.3 million",normalized_exact,Multiple movies share the title
weekly_forecast_matched_as_release_date_not_activity_window,2014,weekly_ranked_predictions,ambiguous,Thank You for Your Service,2017-10-27,2017-10-29,5200000,6,1,1747,Box Office Predictions: October 27-29,https://toddmthatcher.com/2017/10/23/box-office-predictions-october-27-29/,2017-10-23,"5. Thank You for Your Service
Predicted Gross: $5.2 million",normalized_exact,Multiple movies share the title
weekly_forecast_matched_as_release_date_not_activity_window,2004,weekly_ranked_predictions,ambiguous,Geostorm,2017-10-20,2017-10-22,11200000,9,1,1739,Box Office Predictions: October 20-22,https://toddmthatcher.com/2017/10/16/box-office-predictions-october-20-22/,2017-10-16,"3. Geostorm
Predicted Gross: $11.2 million",normalized_exact,Multiple movies share the title
weekly_forecast_matched_as_release_date_not_activity_window,2003,weekly_ranked_predictions,ambiguous,Happy Death Day,2017-10-20,2017-10-22,11800000,10,1,1739,Box Office Predictions: October 20-22,https://toddmthatcher.com/2017/10/16/box-office-predictions-october-20-22/,2017-10-16,"2. Happy Death Day
Predicted Gross: $11.8 million (representing a drop of 55%)",normalized_exact,Multiple movies share the title
weekly_forecast_matched_as_release_date_not_activity_window,2005,weekly_ranked_predictions,ambiguous,Only the Brave,2017-10-20,2017-10-22,10000000,7,2,1739,Box Office Predictions: October 20-22,https://toddmthatcher.com/2017/10/16/box-office-predictions-october-20-22/,2017-10-16,"4. Only the Brave
Predicted Gross: $10 million",normalized_exact,Multiple movies share the title
weekly_forecast_matched_as_release_date_not_activity_window,2006,weekly_ranked_predictions,ambiguous,The Snowman,2017-10-20,2017-10-22,8000000,3,1,1739,Box Office Predictions: October 20-22,https://toddmthatcher.com/2017/10/16/box-office-predictions-october-20-22/,2017-10-16,"5. The Snowman
Predicted Gross: $8 million",normalized_exact,Multiple movies share the title
weekly_forecast_matched_as_release_date_not_activity_window,1994,weekly_ranked_predictions,ambiguous,Blade Runner 2049,2017-10-13,2017-10-15,15400000,12,1,1729,Box Office Predictions: October 13-15,https://toddmthatcher.com/2017/10/09/box-office-predictions-october-13-15/,2017-10-09,"2. Blade Runner 2049
Predicted Gross: $15.4 million (representing a drop of 53%)",normalized_exact,Multiple movies share the title
weekly_forecast_matched_as_release_date_not_activity_window,1993,weekly_ranked_predictions,ambiguous,Happy Death Day,2017-10-13,2017-10-15,20600000,10,1,1729,Box Office Predictions: October 13-15,https://toddmthatcher.com/2017/10/09/box-office-predictions-october-13-15/,2017-10-09,"1. Happy Death Day
Predicted Gross: $20.6 million",normalized_exact,Multiple movies share the title
weekly_forecast_matched_as_release_date_not_activity_window,1996,weekly_ranked_predictions,ambiguous,It,2017-10-13,2017-10-15,6000000,17,1,1729,Box Office Predictions: October 13-15,https://toddmthatcher.com/2017/10/09/box-office-predictions-october-13-15/,2017-10-09,"4. It
Predicted Gross: $6 million (representing a drop of 40%)",normalized_exact,Multiple movies share the title
weekly_forecast_matched_as_release_date_not_activity_window,1995,weekly_ranked_predictions,ambiguous,The Foreigner,2017-10-13,2017-10-15,8800000,8,1,1729,Box Office Predictions: October 13-15,https://toddmthatcher.com/2017/10/09/box-office-predictions-october-13-15/,2017-10-09,"3. The Foreigner
Predicted Gross: $8.8 million",normalized_exact,Multiple movies share the title
weekly_forecast_matched_as_release_date_not_activity_window,1997,weekly_ranked_predictions,ambiguous,The Mountain Between Us,2017-10-13,2017-10-15,5700000,7,1,1729,Box Office Predictions: October 13-15,https://toddmthatcher.com/2017/10/09/box-office-predictions-october-13-15/,2017-10-09,"5. The Mountain Between Us
Predicted Gross: $5.7 million (representing a drop of 46%)",normalized_exact,Multiple movies share the title
weekly_forecast_matched_as_release_date_not_activity_window,1990,weekly_ranked_predictions,ambiguous,American Made,2017-10-06,2017-10-08,8900000,9,1,1725,Box Office Predictions: October 6-8,https://toddmthatcher.com/2017/10/02/box-office-predictions-october-6-8/,2017-10-03,"5. American Made
Predicted Gross: $8.9 million (representing a drop of 47%)",normalized_exact,Multiple movies share the title
weekly_forecast_matched_as_release_date_not_activity_window,1986,weekly_ranked_predictions,ambiguous,Blade Runner 2049,2017-10-06,2017-10-08,52100000,12,1,1725,Box Office Predictions: October 6-8,https://toddmthatcher.com/2017/10/02/box-office-predictions-october-6-8/,2017-10-03,"1. Blade Runner 2049
Predicted Gross: $52.1 million",normalized_exact,Multiple movies share the title
weekly_forecast_matched_as_release_date_not_activity_window,1988,weekly_ranked_predictions,ambiguous,It,2017-10-06,2017-10-08,9300000,17,1,1725,Box Office Predictions: October 6-8,https://toddmthatcher.com/2017/10/02/box-office-predictions-october-6-8/,2017-10-03,"3. It
Predicted Gross: $9.3 million (representing a drop of 45%)",normalized_exact,Multiple movies share the title
weekly_forecast_matched_as_release_date_not_activity_window,1991,weekly_ranked_predictions,ambiguous,Kingsman: The Golden Circle,2017-10-06,2017-10-08,8000000,10,1,1725,Box Office Predictions: October 6-8,https://toddmthatcher.com/2017/10/02/box-office-predictions-october-6-8/,2017-10-03,"6. Kingsman: The Golden Circle
Predicted Gross: $8 million (representing a drop of 53%)",normalized_exact,Multiple movies share the title
weekly_forecast_matched_as_release_date_not_activity_window,1987,weekly_ranked_predictions,ambiguous,My Little Pony: The Movie,2017-10-06,2017-10-08,10900000,6,1,1725,Box Office Predictions: October 6-8,https://toddmthatcher.com/2017/10/02/box-office-predictions-october-6-8/,2017-10-03,"2. My Little Pony: The Movie
Predicted Gross: $10.9 million",normalized_exact,Multiple movies share the title
weekly_forecast_matched_as_release_date_not_activity_window,1989,weekly_ranked_predictions,ambiguous,The Mountain Between Us,2017-10-06,2017-10-08,9200000,7,1,1725,Box Office Predictions: October 6-8,https://toddmthatcher.com/2017/10/02/box-office-predictions-october-6-8/,2017-10-03,"4. The Mountain Between Us
Predicted Gross: $9.2 million",normalized_exact,Multiple movies share the title
weekly_forecast_matched_as_release_date_not_activity_window,1976,weekly_ranked_predictions,ambiguous,American Made,2017-09-29,2017-10-01,15500000,9,1,1713,Box Office Predictions: September 29-October 1,https://toddmthatcher.com/2017/09/25/box-office-predictions-september-29-october-1/,2017-09-25,"2. American Made
Predicted Gross: $15.5 million",normalized_exact,Multiple movies share the title
weekly_forecast_matched_as_release_date_not_activity_window,1980,weekly_ranked_predictions,ambiguous,Battle of the Sexes,2017-09-29,2017-10-01,5200000,5,1,1713,Box Office Predictions: September 29-October 1,https://toddmthatcher.com/2017/09/25/box-office-predictions-september-29-october-1/,2017-09-25,"6. Battle of the Sexes
Predicted Gross: $5.2 million",normalized_exact,Multiple movies share the title
weekly_forecast_matched_as_release_date_not_activity_window,1979,weekly_ranked_predictions,ambiguous,Flatliners,2017-09-29,2017-10-01,6300000,6,1,1713,Box Office Predictions: September 29-October 1,https://toddmthatcher.com/2017/09/25/box-office-predictions-september-29-october-1/,2017-09-25,"5. Flatliners
Predicted Gross: $6.3 million",normalized_exact,Multiple movies share the title
weekly_forecast_matched_as_release_date_not_activity_window,1977,weekly_ranked_predictions,ambiguous,It,2017-09-29,2017-10-01,15100000,17,1,1713,Box Office Predictions: September 29-October 1,https://toddmthatcher.com/2017/09/25/box-office-predictions-september-29-october-1/,2017-09-25,"3. It
Predicted Gross: $15.1 million (representing a drop of 49%)",normalized_exact,Multiple movies share the title
weekly_forecast_matched_as_release_date_not_activity_window,1975,weekly_ranked_predictions,ambiguous,Kingsman: The Golden Circle,2017-09-29,2017-10-01,17400000,10,1,1713,Box Office Predictions: September 29-October 1,https://toddmthatcher.com/2017/09/25/box-office-predictions-september-29-october-1/,2017-09-25,"1. Kingsman: The Golden Circle
Predicted Gross: $17.4 million (representing a drop of 55%)",normalized_exact,Multiple movies share the title
weekly_forecast_matched_as_release_date_not_activity_window,1978,weekly_ranked_predictions,ambiguous,The Lego Ninjago Movie,2017-09-29,2017-10-01,12600000,10,1,1713,Box Office Predictions: September 29-October 1,https://toddmthatcher.com/2017/09/25/box-office-predictions-september-29-october-1/,2017-09-25,"4. The Lego Ninjago Movie
Predicted Gross: $12.6 million (representing a drop of 37%)",normalized_exact,Multiple movies share the title
weekly_forecast_matched_as_release_date_not_activity_window,1971,weekly_ranked_predictions,ambiguous,American Assassin,2017-09-22,2017-09-24,6900000,6,1,1707,Box Office Predictions: September 22-24,https://toddmthatcher.com/2017/09/18/box-office-predictions-september-22-24/,2017-09-18,"4. American Assassin
Predicted Gross: $6.9 million (representing a drop of 53%)",normalized_exact,Multiple movies share the title
weekly_forecast_matched_as_release_date_not_activity_window,1972,weekly_ranked_predictions,ambiguous,Friend Request,2017-09-22,2017-09-24,5700000,3,1,1707,Box Office Predictions: September 22-24,https://toddmthatcher.com/2017/09/18/box-office-predictions-september-22-24/,2017-09-18,"5. Friend Request
Predicted Gross: $5.7 million",normalized_exact,Multiple movies share the title
weekly_forecast_matched_as_release_date_not_activity_window,1970,weekly_ranked_predictions,ambiguous,It,2017-09-22,2017-09-24,29800000,17,1,1707,Box Office Predictions: September 22-24,https://toddmthatcher.com/2017/09/18/box-office-predictions-september-22-24/,2017-09-18,"3. It
Predicted Gross: $29.8 million (representing a drop of 50%)",normalized_exact,Multiple movies share the title
weekly_forecast_matched_as_release_date_not_activity_window,1968,weekly_ranked_predictions,ambiguous,Kingsman: The Golden Circle,2017-09-22,2017-09-24,43600000,10,1,1707,Box Office Predictions: September 22-24,https://toddmthatcher.com/2017/09/18/box-office-predictions-september-22-24/,2017-09-18,"1. Kingsman: The Golden Circle
Predicted Gross: $43.6 million",normalized_exact,Multiple movies share the title
weekly_forecast_matched_as_release_date_not_activity_window,1969,weekly_ranked_predictions,ambiguous,The Lego Ninjago Movie,2017-09-22,2017-09-24,38600000,10,1,1707,Box Office Predictions: September 22-24,https://toddmthatcher.com/2017/09/18/box-office-predictions-september-22-24/,2017-09-18,"2. The Lego Ninjago Movie
Predicted Gross: $38.6 million",normalized_exact,Multiple movies share the title
weekly_forecast_matched_as_release_date_not_activity_window,1962,weekly_ranked_predictions,ambiguous,American Assassin,2017-09-15,2017-09-17,13200000,6,1,1699,Box Office Predictions: September 15-17,https://toddmthatcher.com/2017/09/11/box-office-predictions-september-15-17/,2017-09-11,"3. American Assassin
Predicted Gross: $13.2 million",normalized_exact,Multiple movies share the title
weekly_forecast_matched_as_release_date_not_activity_window,1963,weekly_ranked_predictions,ambiguous,Home Again,2017-09-15,2017-09-17,4500000,8,1,1699,Box Office Predictions: September 15-17,https://toddmthatcher.com/2017/09/11/box-office-predictions-september-15-17/,2017-09-11,"4. Home Again
Predicted Gross: $4.5 million (representing a drop of 47%)",normalized_exact,Multiple movies share the title
weekly_forecast_matched_as_release_date_not_activity_window,1960,weekly_ranked_predictions,ambiguous,It,2017-09-15,2017-09-17,59000000,17,1,1699,Box Office Predictions: September 15-17,https://toddmthatcher.com/2017/09/11/box-office-predictions-september-15-17/,2017-09-11,"1. It
Predicted Gross: $59 million (representing a drop of 52%)",normalized_exact,Multiple movies share the title
weekly_forecast_matched_as_release_date_not_activity_window,1957,weekly_ranked_predictions,ambiguous,Annabelle: Creation,2017-09-08,2017-09-10,3500000,12,1,1693,Box Office Predictions: September 8-10,https://toddmthatcher.com/2017/09/05/box-office-predictions-september-8-10/,2017-09-05,"5. Annabelle: Creation
Predicted Gross: $3.5 million (representing a drop of 54%)",normalized_exact,Multiple movies share the title
weekly_forecast_matched_as_release_date_not_activity_window,1954,weekly_ranked_predictions,ambiguous,Home Again,2017-09-08,2017-09-10,11300000,8,1,1693,Box Office Predictions: September 8-10,https://toddmthatcher.com/2017/09/05/box-office-predictions-september-8-10/,2017-09-05,"2. Home Again
Predicted Gross: $11.3 million",normalized_exact,Multiple movies share the title
weekly_forecast_matched_as_release_date_not_activity_window,1953,weekly_ranked_predictions,ambiguous,It,2017-09-08,2017-09-10,65400000,17,1,1693,Box Office Predictions: September 8-10,https://toddmthatcher.com/2017/09/05/box-office-predictions-september-8-10/,2017-09-05,"1. It
Predicted Gross: $65.4 million",normalized_exact,Multiple movies share the title
weekly_forecast_matched_as_release_date_not_activity_window,1956,weekly_ranked_predictions,ambiguous,Wind River,2017-09-08,2017-09-10,3600000,11,1,1693,Box Office Predictions: September 8-10,https://toddmthatcher.com/2017/09/05/box-office-predictions-september-8-10/,2017-09-05,"4. Wind River
Predicted Gross: $3.6 million (representing a drop of 43%)",normalized_exact,Multiple movies share the title
weekly_forecast_matched_as_release_date_not_activity_window,1946,weekly_ranked_predictions,ambiguous,Annabelle: Creation,2017-09-01,2017-09-04,5700000,12,1,1685,Box Office Predictions: September 1-4,https://toddmthatcher.com/2017/08/28/box-office-predictions-september-1-4/,2017-08-28,"2. Annabelle: Creation
Predicted Gross: $5.7 million (representing a drop of 25%)",normalized_exact,Multiple movies share the title
weekly_forecast_matched_as_release_date_not_activity_window,1949,weekly_ranked_predictions,ambiguous,Dunkirk,2017-09-01,2017-09-04,4200000,17,1,1685,Box Office Predictions: September 1-4,https://toddmthatcher.com/2017/08/28/box-office-predictions-september-1-4/,2017-08-28,"5. Dunkirk
Predicted Gross: $4.2 million (representing an increase of 10%)",normalized_exact,Multiple movies share the title
weekly_forecast_matched_as_release_date_not_activity_window,1948,weekly_ranked_predictions,ambiguous,Wind River,2017-09-01,2017-09-04,5100000,11,1,1685,Box Office Predictions: September 1-4,https://toddmthatcher.com/2017/08/28/box-office-predictions-september-1-4/,2017-08-28,"4. Wind River
Predicted Gross: $5.1 million (representing an increase of 11%)",normalized_exact,Multiple movies share the title
weekly_forecast_matched_as_release_date_not_activity_window,1940,weekly_ranked_predictions,ambiguous,Annabelle: Creation,2017-08-25,2017-08-27,7700000,12,1,1681,Box Office Predictions: August 25-27,https://toddmthatcher.com/2017/08/21/box-office-predictions-august-25-27/,2017-08-21,"2. Annabelle: Creation
Predicted Gross: $7.7 million (representing a drop of 51%)",normalized_exact,Multiple movies share the title
weekly_forecast_matched_as_release_date_not_activity_window,1941,weekly_ranked_predictions,ambiguous,Dunkirk,2017-08-25,2017-08-27,4200000,17,1,1681,Box Office Predictions: August 25-27,https://toddmthatcher.com/2017/08/21/box-office-predictions-august-25-27/,2017-08-21,"3. Dunkirk
Predicted Gross: $4.2 million (representing a drop of 36%)",normalized_exact,Multiple movies share the title
weekly_forecast_matched_as_release_date_not_activity_window,1943,weekly_ranked_predictions,ambiguous,Logan Lucky,2017-08-25,2017-08-27,4000000,9,1,1681,Box Office Predictions: August 25-27,https://toddmthatcher.com/2017/08/21/box-office-predictions-august-25-27/,2017-08-21,"5. Logan Lucky
Predicted Gross: $4 million (representing a drop of 47%)",normalized_exact,Multiple movies share the title
weekly_forecast_matched_as_release_date_not_activity_window,1931,weekly_ranked_predictions,ambiguous,Annabelle: Creation,2017-08-18,2017-08-20,14600000,12,1,1671,Box Office Predictions: August 18-20,https://toddmthatcher.com/2017/08/14/box-office-predictions-august-18-20/,2017-08-14,"2. Annabelle: Creation
Predicted Gross: $14.6 million (representing a drop of 58%)",normalized_exact,Multiple movies share the title
weekly_forecast_matched_as_release_date_not_activity_window,1933,weekly_ranked_predictions,ambiguous,Dunkirk,2017-08-18,2017-08-20,7000000,17,1,1671,Box Office Predictions: August 18-20,https://toddmthatcher.com/2017/08/14/box-office-predictions-august-18-20/,2017-08-14,"4. Dunkirk
Predicted Gross: $7 million (representing a drop of 36%)",normalized_exact,Multiple movies share the title
weekly_forecast_matched_as_release_date_not_activity_window,1932,weekly_ranked_predictions,ambiguous,Logan Lucky,2017-08-18,2017-08-20,10500000,9,1,1671,Box Office Predictions: August 18-20,https://toddmthatcher.com/2017/08/14/box-office-predictions-august-18-20/,2017-08-14,"3. Logan Lucky
Predicted Gross: $10.5 million",normalized_exact,Multiple movies share the title
weekly_forecast_matched_as_release_date_not_activity_window,1934,weekly_ranked_predictions,ambiguous,The Nut Job 2: Nutty by Nature,2017-08-18,2017-08-20,4500000,8,1,1671,Box Office Predictions: August 18-20,https://toddmthatcher.com/2017/08/14/box-office-predictions-august-18-20/,2017-08-14,"5. The Nut Job 2: Nutty by Nature
Predicted Gross: $4.5 million (representing a drop of 46%)",normalized_exact,Multiple movies share the title
weekly_forecast_matched_as_release_date_not_activity_window,1922,weekly_ranked_predictions,ambiguous,Annabelle: Creation,2017-08-11,2017-08-13,31400000,12,1,1665,Box Office Predictions: August 11-13,https://toddmthatcher.com/2017/08/07/box-office-predictions-august-11-13/,2017-08-07,"1. Annabelle: Creation
Predicted Gross: $31.4 million",normalized_exact,Multiple movies share the title
weekly_forecast_matched_as_release_date_not_activity_window,1924,weekly_ranked_predictions,ambiguous,Dunkirk,2017-08-11,2017-08-13,11700000,17,1,1665,Box Office Predictions: August 11-13,https://toddmthatcher.com/2017/08/07/box-office-predictions-august-11-13/,2017-08-07,"3. Dunkirk
Predicted Gross: $11.7 million (representing a drop of 31%)",normalized_exact,Multiple movies share the title
weekly_forecast_matched_as_release_date_not_activity_window,1926,weekly_ranked_predictions,ambiguous,Girls Trip,2017-08-11,2017-08-13,7200000,13,1,1665,Box Office Predictions: August 11-13,https://toddmthatcher.com/2017/08/07/box-office-predictions-august-11-13/,2017-08-07,"5. Girls Trip
Predicted Gross: $7.2 million (representing a drop of 37%)",normalized_exact,Multiple movies share the title
weekly_forecast_matched_as_release_date_not_activity_window,1925,weekly_ranked_predictions,ambiguous,The Dark Tower,2017-08-11,2017-08-13,7600000,7,1,1665,Box Office Predictions: August 11-13,https://toddmthatcher.com/2017/08/07/box-office-predictions-august-11-13/,2017-08-07,"4. The Dark Tower
Predicted Gross: $7.6 million (representing a drop of 60%)",normalized_exact,Multiple movies share the title
weekly_forecast_matched_as_release_date_not_activity_window,1927,weekly_ranked_predictions,ambiguous,The Emoji Movie,2017-08-11,2017-08-13,6000000,13,1,1665,Box Office Predictions: August 11-13,https://toddmthatcher.com/2017/08/07/box-office-predictions-august-11-13/,2017-08-07,"6. The Emoji Movie
Predicted Gross: $6 million (representing a drop of 50%)",normalized_exact,Multiple movies share the title
weekly_forecast_matched_as_release_date_not_activity_window,1923,weekly_ranked_predictions,ambiguous,The Nut Job 2: Nutty by Nature,2017-08-11,2017-08-13,12200000,8,1,1665,Box Office Predictions: August 11-13,https://toddmthatcher.com/2017/08/07/box-office-predictions-august-11-13/,2017-08-07,"2. The Nut Job 2: Nutty by Nature
Predicted Gross: $12.2 million",normalized_exact,Multiple movies share the title
weekly_forecast_matched_as_release_date_not_activity_window,1917,weekly_ranked_predictions,ambiguous,Detroit,2017-08-04,2017-08-06,11600000,5,1,1657,Box Office Predictions: August 4-6,https://toddmthatcher.com/2017/07/31/box-office-predictions-august-4-6/,2017-07-31,"4. Detroit
Predicted Gross: $11.6 million",normalized_exact,Multiple movies share the title
weekly_forecast_matched_as_release_date_not_activity_window,1915,weekly_ranked_predictions,ambiguous,Dunkirk,2017-08-04,2017-08-06,15500000,17,1,1657,Box Office Predictions: August 4-6,https://toddmthatcher.com/2017/07/31/box-office-predictions-august-4-6/,2017-07-31,"2. Dunkirk
Predicted Gross: $15.5 million (representing a drop of 42%)",normalized_exact,Multiple movies share the title
weekly_forecast_matched_as_release_date_not_activity_window,1916,weekly_ranked_predictions,ambiguous,Girls Trip,2017-08-04,2017-08-06,12900000,13,1,1657,Box Office Predictions: August 4-6,https://toddmthatcher.com/2017/07/31/box-office-predictions-august-4-6/,2017-07-31,"3. Girls Trip
Predicted Gross: $12.9 million (representing a drop of 34%)",normalized_exact,Multiple movies share the title
weekly_forecast_matched_as_release_date_not_activity_window,1914,weekly_ranked_predictions,ambiguous,The Dark Tower,2017-08-04,2017-08-06,18400000,7,1,1657,Box Office Predictions: August 4-6,https://toddmthatcher.com/2017/07/31/box-office-predictions-august-4-6/,2017-07-31,"1. The Dark Tower
Predicted Gross: $18.4 million",normalized_exact,Multiple movies share the title
weekly_forecast_matched_as_release_date_not_activity_window,1918,weekly_ranked_predictions,ambiguous,The Emoji Movie,2017-08-04,2017-08-06,11400000,13,1,1657,Box Office Predictions: August 4-6,https://toddmthatcher.com/2017/07/31/box-office-predictions-august-4-6/,2017-07-31,"5. The Emoji Movie
Predicted Gross: $11.4 million (representing a drop of 54%)",normalized_exact,Multiple movies share the title
weekly_forecast_matched_as_release_date_not_activity_window,1908,weekly_ranked_predictions,ambiguous,Atomic Blonde,2017-07-28,2017-07-30,18600000,7,1,1649,Box Office Predictions: July 28-30,https://toddmthatcher.com/2017/07/24/box-office-predictions-july-28-30/,2017-07-24,"3. Atomic Blonde
Predicted Gross: $18.6 million",normalized_exact,Multiple movies share the title
weekly_forecast_matched_as_release_date_not_activity_window,1906,weekly_ranked_predictions,ambiguous,Dunkirk,2017-07-28,2017-07-30,32800000,17,1,1649,Box Office Predictions: July 28-30,https://toddmthatcher.com/2017/07/24/box-office-predictions-july-28-30/,2017-07-24,"1. Dunkirk
Predicted Gross: $32.8 million (representing a drop of 34%)",normalized_exact,Multiple movies share the title
weekly_forecast_matched_as_release_date_not_activity_window,1909,weekly_ranked_predictions,ambiguous,Girls Trip,2017-07-28,2017-07-30,17300000,13,1,1649,Box Office Predictions: July 28-30,https://toddmthatcher.com/2017/07/24/box-office-predictions-july-28-30/,2017-07-24,"4. Girls Trip
Predicted Gross: $17.3 million (representing a drop of 44%)",normalized_exact,Multiple movies share the title
weekly_forecast_matched_as_release_date_not_activity_window,1910,weekly_ranked_predictions,ambiguous,Spider-Man: Homecoming,2017-07-28,2017-07-30,12000000,21,1,1649,Box Office Predictions: July 28-30,https://toddmthatcher.com/2017/07/24/box-office-predictions-july-28-30/,2017-07-24,"5. Spider-Man: Homecoming
Predicted Gross: $12 million (representing a drop of 45%)",normalized_exact,Multiple movies share the title
weekly_forecast_matched_as_release_date_not_activity_window,1907,weekly_ranked_predictions,ambiguous,The Emoji Movie,2017-07-28,2017-07-30,28400000,13,1,1649,Box Office Predictions: July 28-30,https://toddmthatcher.com/2017/07/24/box-office-predictions-july-28-30/,2017-07-24,"2. The Emoji Movie
Predicted Gross: $28.4 million",normalized_exact,Multiple movies share the title
weekly_forecast_matched_as_release_date_not_activity_window,1899,weekly_ranked_predictions,ambiguous,Dunkirk,2017-07-21,2017-07-23,44700000,17,1,1643,Box Office Predictions: July 21-23,https://toddmthatcher.com/2017/07/17/box-office-predictions-july-21-23/,2017-07-17,"1. Dunkirk
Predicted Gross: $44.7 million",normalized_exact,Multiple movies share the title
weekly_forecast_matched_as_release_date_not_activity_window,1900,weekly_ranked_predictions,ambiguous,Girls Trip,2017-07-21,2017-07-23,27300000,13,1,1643,Box Office Predictions: July 21-23,https://toddmthatcher.com/2017/07/17/box-office-predictions-july-21-23/,2017-07-17,"2. Girls Trip
Predicted Gross: $27.3 million",normalized_exact,Multiple movies share the title
weekly_forecast_matched_as_release_date_not_activity_window,1902,weekly_ranked_predictions,ambiguous,Spider-Man: Homecoming,2017-07-21,2017-07-23,20600000,21,1,1643,Box Office Predictions: July 21-23,https://toddmthatcher.com/2017/07/17/box-office-predictions-july-21-23/,2017-07-17,"4. Spider-Man: Homecoming
Predicted Gross: $20.6 million (representing a drop of 53%)",normalized_exact,Multiple movies share the title
weekly_forecast_matched_as_release_date_not_activity_window,1901,weekly_ranked_predictions,ambiguous,War for the Planet of the Apes,2017-07-21,2017-07-23,23500000,9,1,1643,Box Office Predictions: July 21-23,https://toddmthatcher.com/2017/07/17/box-office-predictions-july-21-23/,2017-07-17,"3. War for the Planet of the Apes
Predicted Gross: $23.5 million (representing a drop of 57%)",normalized_exact,Multiple movies share the title
weekly_forecast_matched_as_release_date_not_activity_window,1893,weekly_ranked_predictions,ambiguous,Baby Driver,2017-07-14,2017-07-16,7800000,11,1,1637,Box Office Predictions: July 14-16,https://toddmthatcher.com/2017/07/10/box-office-predictions-july-14-16/,2017-07-10,"4. Baby Driver
Predicted Gross: $7.8 million (representing a drop of 40%)",normalized_exact,Multiple movies share the title
weekly_forecast_matched_as_release_date_not_activity_window,1892,weekly_ranked_predictions,ambiguous,Despicable Me 3,2017-07-14,2017-07-16,17000000,14,1,1637,Box Office Predictions: July 14-16,https://toddmthatcher.com/2017/07/10/box-office-predictions-july-14-16/,2017-07-10,"3. Despicable Me 3
Predicted Gross: $17 million (representing a drop of 49%)",normalized_exact,Multiple movies share the title
weekly_forecast_matched_as_release_date_not_activity_window,1891,weekly_ranked_predictions,ambiguous,Spider-Man: Homecoming,2017-07-14,2017-07-16,55200000,21,1,1637,Box Office Predictions: July 14-16,https://toddmthatcher.com/2017/07/10/box-office-predictions-july-14-16/,2017-07-10,"2. Spider-Man: Homecoming
Predicted Gross: $55.2 million (representing a drop of 52%)",normalized_exact,Multiple movies share the title
weekly_forecast_matched_as_release_date_not_activity_window,1894,weekly_ranked_predictions,ambiguous,The Big Sick,2017-07-14,2017-07-16,7500000,8,1,1637,Box Office Predictions: July 14-16,https://toddmthatcher.com/2017/07/10/box-office-predictions-july-14-16/,2017-07-10,"5. The Big Sick
Predicted Gross: $7.5 million",normalized_exact,Multiple movies share the title
weekly_forecast_matched_as_release_date_not_activity_window,1890,weekly_ranked_predictions,ambiguous,War for the Planet of the Apes,2017-07-14,2017-07-16,63400000,9,1,1637,Box Office Predictions: July 14-16,https://toddmthatcher.com/2017/07/10/box-office-predictions-july-14-16/,2017-07-10,"1. War for the Planet of the Apes
Predicted Gross: $63.4 million",normalized_exact,Multiple movies share the title
weekly_forecast_matched_as_release_date_not_activity_window,1896,weekly_ranked_predictions,ambiguous,Wish Upon,2017-07-14,2017-07-16,5900000,5,1,1637,Box Office Predictions: July 14-16,https://toddmthatcher.com/2017/07/10/box-office-predictions-july-14-16/,2017-07-10,"7. Wish Upon
Predicted Gross: $5.9 million",normalized_exact,Multiple movies share the title
weekly_forecast_matched_as_release_date_not_activity_window,1895,weekly_ranked_predictions,ambiguous,Wonder Woman,2017-07-14,2017-07-16,6100000,21,1,1637,Box Office Predictions: July 14-16,https://toddmthatcher.com/2017/07/10/box-office-predictions-july-14-16/,2017-07-10,"6. Wonder Woman
Predicted Gross: $6.1 million (representing a drop of 38%)",normalized_exact,Multiple movies share the title
weekly_forecast_matched_as_release_date_not_activity_window,1884,weekly_ranked_predictions,ambiguous,Baby Driver,2017-07-07,2017-07-09,13600000,11,1,1629,Box Office Predictions: July 7-9,https://toddmthatcher.com/2017/07/05/box-office-predictions-july-7-9/,2017-07-05,"3. Baby Driver
Predicted Gross: $13.6 million (representing a drop of 34%)",normalized_exact,Multiple movies share the title
weekly_forecast_matched_as_release_date_not_activity_window,1883,weekly_ranked_predictions,ambiguous,Despicable Me 3,2017-07-07,2017-07-09,36300000,14,1,1629,Box Office Predictions: July 7-9,https://toddmthatcher.com/2017/07/05/box-office-predictions-july-7-9/,2017-07-05,"2. Despicable Me 3
Predicted Gross: $36.3 million (representing a drop of 49%)",normalized_exact,Multiple movies share the title
weekly_forecast_matched_as_release_date_not_activity_window,1882,weekly_ranked_predictions,ambiguous,Spider-Man: Homecoming,2017-07-07,2017-07-09,117800000,21,1,1629,Box Office Predictions: July 7-9,https://toddmthatcher.com/2017/07/05/box-office-predictions-july-7-9/,2017-07-05,"1. Spider-Man: Homecoming
Predicted Gross: $117.8 million",normalized_exact,Multiple movies share the title
weekly_forecast_matched_as_release_date_not_activity_window,1886,weekly_ranked_predictions,ambiguous,Transformers: The Last Knight,2017-07-07,2017-07-09,7000000,8,1,1629,Box Office Predictions: July 7-9,https://toddmthatcher.com/2017/07/05/box-office-predictions-july-7-9/,2017-07-05,"5. Transformers: The Last Knight
Predicted Gross: $7 million (representing a drop of 58%)",normalized_exact,Multiple movies share the title
weekly_forecast_matched_as_release_date_not_activity_window,1885,weekly_ranked_predictions,ambiguous,Wonder Woman,2017-07-07,2017-07-09,9900000,21,1,1629,Box Office Predictions: July 7-9,https://toddmthatcher.com/2017/07/05/box-office-predictions-july-7-9/,2017-07-05,"4. Wonder Woman
Predicted Gross: $9.9 million (representing a drop of 37%)",normalized_exact,Multiple movies share the title
weekly_forecast_matched_as_release_date_not_activity_window,1880,weekly_ranked_predictions,ambiguous,Baby Driver,2017-06-30,2017-07-02,10900000,11,1,1625,Box Office Predictions: June 30-July 2,https://toddmthatcher.com/2017/06/26/box-office-predictions-june-30-july-2/,2017-06-26,"6. Baby Driver
Predicted Gross: $10.9 million (Friday to Sunday estimate), $15.8 million (Wednesday to Sunday)",normalized_exact,Multiple movies share the title
weekly_forecast_matched_as_release_date_not_activity_window,1879,weekly_ranked_predictions,ambiguous,Cars 3,2017-06-30,2017-07-02,12100000,11,1,1625,Box Office Predictions: June 30-July 2,https://toddmthatcher.com/2017/06/26/box-office-predictions-june-30-july-2/,2017-06-26,"5. Cars 3
Predicted Gross: $12.1 million (representing a drop of 49%)",normalized_exact,Multiple movies share the title
weekly_forecast_matched_as_release_date_not_activity_window,1875,weekly_ranked_predictions,ambiguous,Despicable Me 3,2017-06-30,2017-07-02,88700000,14,1,1625,Box Office Predictions: June 30-July 2,https://toddmthatcher.com/2017/06/26/box-office-predictions-june-30-july-2/,2017-06-26,"1. Despicable Me 3
Predicted Gross: $88.7 million",normalized_exact,Multiple movies share the title
weekly_forecast_matched_as_release_date_not_activity_window,1878,weekly_ranked_predictions,ambiguous,The House,2017-06-30,2017-07-02,13800000,6,1,1625,Box Office Predictions: June 30-July 2,https://toddmthatcher.com/2017/06/26/box-office-predictions-june-30-july-2/,2017-06-26,"4. The House
Predicted Gross: $13.8 million",normalized_exact,Multiple movies share the title
weekly_forecast_matched_as_release_date_not_activity_window,1876,weekly_ranked_predictions,ambiguous,Transformers: The Last Knight,2017-06-30,2017-07-02,17400000,8,1,1625,Box Office Predictions: June 30-July 2,https://toddmthatcher.com/2017/06/26/box-office-predictions-june-30-july-2/,2017-06-26,"2. Transformers: The Last Knight
Predicted Gross: $17.4 million (representing a drop of 61%)",normalized_exact,Multiple movies share the title
weekly_forecast_matched_as_release_date_not_activity_window,1877,weekly_ranked_predictions,ambiguous,Wonder Woman,2017-06-30,2017-07-02,14500000,21,1,1625,Box Office Predictions: June 30-July 2,https://toddmthatcher.com/2017/06/26/box-office-predictions-june-30-july-2/,2017-06-26,"3. Wonder Woman
Predicted Gross: $14.5 million (representing a drop of 42%)",normalized_exact,Multiple movies share the title
weekly_forecast_matched_as_release_date_not_activity_window,1869,weekly_ranked_predictions,ambiguous,All Eyez on Me,2017-06-23,2017-06-25,8400000,5,1,1615,Box Office Predictions: June 23-25,https://toddmthatcher.com/2017/06/19/box-office-predictions-june-23-25/,2017-06-19,"4. All Eyez on Me
Predicted Gross: $8.4 million (representing a drop of 68%)",normalized_exact,Multiple movies share the title
weekly_forecast_matched_as_release_date_not_activity_window,1867,weekly_ranked_predictions,ambiguous,Cars 3,2017-06-23,2017-06-25,30000000,11,1,1615,Box Office Predictions: June 23-25,https://toddmthatcher.com/2017/06/19/box-office-predictions-june-23-25/,2017-06-19,"2. Cars 3
Predicted Gross: $30 million (representing a drop of 44%)",normalized_exact,Multiple movies share the title
weekly_forecast_matched_as_release_date_not_activity_window,1870,weekly_ranked_predictions,ambiguous,The Mummy,2017-06-23,2017-06-25,7400000,9,2,1615,Box Office Predictions: June 23-25,https://toddmthatcher.com/2017/06/19/box-office-predictions-june-23-25/,2017-06-19,"5. The Mummy
Predicted Gross: $7.4 million (representing a drop of 49%)",normalized_exact,Multiple movies share the title
weekly_forecast_matched_as_release_date_not_activity_window,1866,weekly_ranked_predictions,ambiguous,Transformers: The Last Knight,2017-06-23,2017-06-25,57800000,8,1,1615,Box Office Predictions: June 23-25,https://toddmthatcher.com/2017/06/19/box-office-predictions-june-23-25/,2017-06-19,"1. Transformers: The Last Knight
Predicted Gross: $57.8 million (Friday to Sunday), $81.5 million (Wednesday to Sunday)",normalized_exact,Multiple movies share the title
weekly_forecast_matched_as_release_date_not_activity_window,1868,weekly_ranked_predictions,ambiguous,Wonder Woman,2017-06-23,2017-06-25,27600000,21,1,1615,Box Office Predictions: June 23-25,https://toddmthatcher.com/2017/06/19/box-office-predictions-june-23-25/,2017-06-19,"3. Wonder Woman
Predicted Gross: $27.6 million (representing a drop of 33%)",normalized_exact,Multiple movies share the title
weekly_forecast_matched_as_release_date_not_activity_window,1864,weekly_ranked_predictions,ambiguous,47 Meters Down,2017-06-16,2017-06-18,6100000,7,1,1611,Box Office Predictions: June 16-18,https://toddmthatcher.com/2017/06/12/box-office-predictions-june-16-18/,2017-06-12,"6. 47 Meters Down
Predicted Gross: $6.1 million",normalized_exact,Multiple movies share the title
weekly_forecast_matched_as_release_date_not_activity_window,1861,weekly_ranked_predictions,ambiguous,All Eyez on Me,2017-06-16,2017-06-18,24400000,5,1,1611,Box Office Predictions: June 16-18,https://toddmthatcher.com/2017/06/12/box-office-predictions-june-16-18/,2017-06-12,"3. All Eyez on Me
Predicted Gross: $24.4 million",normalized_exact,Multiple movies share the title
weekly_forecast_matched_as_release_date_not_activity_window,1859,weekly_ranked_predictions,ambiguous,Cars 3,2017-06-16,2017-06-18,57800000,11,1,1611,Box Office Predictions: June 16-18,https://toddmthatcher.com/2017/06/12/box-office-predictions-june-16-18/,2017-06-12,"1. Cars 3
Predicted Gross: $57.8 million",normalized_exact,Multiple movies share the title
weekly_forecast_matched_as_release_date_not_activity_window,1862,weekly_ranked_predictions,ambiguous,Rough Night,2017-06-16,2017-06-18,15100000,6,1,1611,Box Office Predictions: June 16-18,https://toddmthatcher.com/2017/06/12/box-office-predictions-june-16-18/,2017-06-12,"4. Rough Night
Predicted Gross: $15.1 million",normalized_exact,Multiple movies share the title
weekly_forecast_matched_as_release_date_not_activity_window,1863,weekly_ranked_predictions,ambiguous,The Mummy,2017-06-16,2017-06-18,13200000,9,2,1611,Box Office Predictions: June 16-18,https://toddmthatcher.com/2017/06/12/box-office-predictions-june-16-18/,2017-06-12,"5. The Mummy
Predicted Gross: $13.2 million (representing a drop of 58%)",normalized_exact,Multiple movies share the title
weekly_forecast_matched_as_release_date_not_activity_window,1860,weekly_ranked_predictions,ambiguous,Wonder Woman,2017-06-16,2017-06-18,32600000,21,1,1611,Box Office Predictions: June 16-18,https://toddmthatcher.com/2017/06/12/box-office-predictions-june-16-18/,2017-06-12,"2. Wonder Woman
Predicted Gross: $32.6 million (representing a drop of 44%)",normalized_exact,Multiple movies share the title
weekly_forecast_matched_as_release_date_not_activity_window,1852,weekly_ranked_predictions,ambiguous,Captain Underpants: The First Epic Movie,2017-06-09,2017-06-11,14100000,4,1,1601,Box Office Predictions: June 9-11,https://toddmthatcher.com/2017/06/05/box-office-predictions-june-9-11/,2017-06-06,"3. Captain Underpants: The First Epic Movie
Predicted Gross: $14.1 million (representing a drop of 41%)",normalized_exact,Multiple movies share the title
weekly_forecast_matched_as_release_date_not_activity_window,1854,weekly_ranked_predictions,ambiguous,It Comes at Night,2017-06-09,2017-06-11,9500000,5,1,1601,Box Office Predictions: June 9-11,https://toddmthatcher.com/2017/06/05/box-office-predictions-june-9-11/,2017-06-06,"5. It Comes at Night
Predicted Gross: $9.5 million",normalized_exact,Multiple movies share the title
weekly_forecast_matched_as_release_date_not_activity_window,1853,weekly_ranked_predictions,ambiguous,Pirates of the Caribbean: Dead Men Tell No Tales,2017-06-09,2017-06-11,10200000,12,1,1601,Box Office Predictions: June 9-11,https://toddmthatcher.com/2017/06/05/box-office-predictions-june-9-11/,2017-06-06,"4. Pirates of the Caribbean: Dead Men Tell No Tales
Predicted Gross: $10.2 million (representing a drop of 54%)",normalized_exact,Multiple movies share the title
weekly_forecast_matched_as_release_date_not_activity_window,1851,weekly_ranked_predictions,ambiguous,The Mummy,2017-06-09,2017-06-11,34700000,9,2,1601,Box Office Predictions: June 9-11,https://toddmthatcher.com/2017/06/05/box-office-predictions-june-9-11/,2017-06-06,"2. The Mummy
Predicted Gross: $34.7 million",normalized_exact,Multiple movies share the title
weekly_forecast_matched_as_release_date_not_activity_window,1850,weekly_ranked_predictions,ambiguous,Wonder Woman,2017-06-09,2017-06-11,49500000,21,1,1601,Box Office Predictions: June 9-11,https://toddmthatcher.com/2017/06/05/box-office-predictions-june-9-11/,2017-06-06,"1. Wonder Woman
Predicted Gross: $49.5 million (representing a drop of 52%)",normalized_exact,Multiple movies share the title
weekly_forecast_matched_as_release_date_not_activity_window,1846,weekly_ranked_predictions,ambiguous,Baywatch,2017-06-02,2017-06-04,7500000,8,1,1593,Box Office Predictions: June 2-4,https://toddmthatcher.com/2017/05/30/box-office-predictions-june-2-4/,2017-05-30,"5. Baywatch
Predicted Gross: $7.5 million (representing a drop of 59%)",normalized_exact,Multiple movies share the title
weekly_forecast_matched_as_release_date_not_activity_window,1843,weekly_ranked_predictions,ambiguous,Captain Underpants: The First Epic Movie,2017-06-02,2017-06-04,27400000,4,1,1593,Box Office Predictions: June 2-4,https://toddmthatcher.com/2017/05/30/box-office-predictions-june-2-4/,2017-05-30,"2. Captain Underpants: The First Epic Movie
Predicted Gross: $27.4 million",normalized_exact,Multiple movies share the title
weekly_forecast_matched_as_release_date_not_activity_window,1845,weekly_ranked_predictions,ambiguous,Guardians of the Galaxy Vol. 2,2017-06-02,2017-06-04,10000000,17,1,1593,Box Office Predictions: June 2-4,https://toddmthatcher.com/2017/05/30/box-office-predictions-june-2-4/,2017-05-30,"4. Guardians of the Galaxy Vol. 2
Predicted Gross: $10 million (representing a drop of 50%)",normalized_exact,Multiple movies share the title
weekly_forecast_matched_as_release_date_not_activity_window,1844,weekly_ranked_predictions,ambiguous,Pirates of the Caribbean: Dead Men Tell No Tales,2017-06-02,2017-06-04,21600000,12,1,1593,Box Office Predictions: June 2-4,https://toddmthatcher.com/2017/05/30/box-office-predictions-june-2-4/,2017-05-30,"3. Pirates of the Caribbean: Dead Men Tell No Tales
Predicted Gross: $21.6 million (representing a drop of 61%)",normalized_exact,Multiple movies share the title
weekly_forecast_matched_as_release_date_not_activity_window,1842,weekly_ranked_predictions,ambiguous,Wonder Woman,2017-06-02,2017-06-04,98300000,21,1,1593,Box Office Predictions: June 2-4,https://toddmthatcher.com/2017/05/30/box-office-predictions-june-2-4/,2017-05-30,"1. Wonder Woman
Predicted Gross: $98.3 million",normalized_exact,Multiple movies share the title
weekly_forecast_matched_as_release_date_not_activity_window,1838,weekly_ranked_predictions,ambiguous,Alien: Covenant,2017-05-26,2017-05-29,19900000,9,1,1587,Box Office Predictions: May 26-29,https://toddmthatcher.com/2017/05/22/box-office-predictions-may-26-29/,2017-05-22,"4. Alien: Covenant
Predicted Gross: $19.9 million (representing a drop of 45%)",normalized_exact,Multiple movies share the title
weekly_forecast_matched_as_release_date_not_activity_window,1836,weekly_ranked_predictions,ambiguous,Baywatch,2017-05-26,2017-05-29,32800000,8,1,1587,Box Office Predictions: May 26-29,https://toddmthatcher.com/2017/05/22/box-office-predictions-may-26-29/,2017-05-22,"2. Baywatch
Predicted Gross: $32.8 million ($39.4 million projected Thursday to Monday debut)",normalized_exact,Multiple movies share the title
weekly_forecast_matched_as_release_date_not_activity_window,1839,weekly_ranked_predictions,ambiguous,"Everything, Everything",2017-05-26,2017-05-29,6800000,9,1,1587,Box Office Predictions: May 26-29,https://toddmthatcher.com/2017/05/22/box-office-predictions-may-26-29/,2017-05-22,"5. Everything, Everything
Predicted Gross: $6.8 million (representing a drop of 42%)",normalized_exact,Multiple movies share the title
weekly_forecast_matched_as_release_date_not_activity_window,1837,weekly_ranked_predictions,ambiguous,Guardians of the Galaxy Vol. 2,2017-05-26,2017-05-29,25300000,17,1,1587,Box Office Predictions: May 26-29,https://toddmthatcher.com/2017/05/22/box-office-predictions-may-26-29/,2017-05-22,"3. Guardians of the Galaxy Vol. 2
Predicted Gross: $25.3 million (representing a drop of 24%)",normalized_exact,Multiple movies share the title
weekly_forecast_matched_as_release_date_not_activity_window,1835,weekly_ranked_predictions,ambiguous,Pirates of the Caribbean: Dead Men Tell No Tales,2017-05-26,2017-05-29,78600000,12,1,1587,Box Office Predictions: May 26-29,https://toddmthatcher.com/2017/05/22/box-office-predictions-may-26-29/,2017-05-22,"1. Pirates of the Caribbean: Dead Men Tell No Tales
Predicted Gross: $78.6 million",normalized_exact,Multiple movies share the title
weekly_forecast_matched_as_release_date_not_activity_window,1828,weekly_ranked_predictions,ambiguous,Alien: Covenant,2017-05-19,2017-05-21,44600000,9,1,1581,Box Office Predictions: May 19-21,https://toddmthatcher.com/2017/05/15/box-office-predictions-may-19-21/,2017-05-15,"1. Alien: Covenant
Predicted Gross: $44.6 million",normalized_exact,Multiple movies share the title
weekly_forecast_matched_as_release_date_not_activity_window,1832,weekly_ranked_predictions,ambiguous,Diary of a Wimpy Kid: The Long Haul,2017-05-19,2017-05-21,8100000,7,1,1581,Box Office Predictions: May 19-21,https://toddmthatcher.com/2017/05/15/box-office-predictions-may-19-21/,2017-05-15,"5. Diary of a Wimpy Kid: The Long Haul
Predicted Gross: $8.1 million",normalized_exact,Multiple movies share the title
weekly_forecast_matched_as_release_date_not_activity_window,1830,weekly_ranked_predictions,ambiguous,"Everything, Everything",2017-05-19,2017-05-21,12300000,9,1,1581,Box Office Predictions: May 19-21,https://toddmthatcher.com/2017/05/15/box-office-predictions-may-19-21/,2017-05-15,"3. Everything, Everything
Predicted Gross: $12.3 million",normalized_exact,Multiple movies share the title
weekly_forecast_matched_as_release_date_not_activity_window,1829,weekly_ranked_predictions,ambiguous,Guardians of the Galaxy Vol. 2,2017-05-19,2017-05-21,32200000,17,1,1581,Box Office Predictions: May 19-21,https://toddmthatcher.com/2017/05/15/box-office-predictions-may-19-21/,2017-05-15,"2. Guardians of the Galaxy Vol. 2
Predicted Gross: $32.2 million (representing a drop of 50%)",normalized_exact,Multiple movies share the title
weekly_forecast_matched_as_release_date_not_activity_window,1831,weekly_ranked_predictions,ambiguous,Snatched,2017-05-19,2017-05-21,9000000,9,1,1581,Box Office Predictions: May 19-21,https://toddmthatcher.com/2017/05/15/box-office-predictions-may-19-21/,2017-05-15,"4. Snatched
Predicted Gross: $9 million (representing a drop of 54%)",normalized_exact,Multiple movies share the title
weekly_forecast_matched_as_release_date_not_activity_window,1820,weekly_ranked_predictions,ambiguous,Guardians of the Galaxy Vol. 2,2017-05-12,2017-05-14,64300000,17,1,1573,Box Office Predictions: May 12-14,https://toddmthatcher.com/2017/05/08/box-office-predictions-may-12-14/,2017-05-08,"1. Guardians of the Galaxy Vol. 2
Predicted Gross: $64.3 million (representing a drop of 56%)",normalized_exact,Multiple movies share the title
weekly_forecast_matched_as_release_date_not_activity_window,1821,weekly_ranked_predictions,ambiguous,King Arthur: Legend of the Sword,2017-05-12,2017-05-14,24400000,9,1,1573,Box Office Predictions: May 12-14,https://toddmthatcher.com/2017/05/08/box-office-predictions-may-12-14/,2017-05-08,"2. King Arthur: Legend of the Sword
Predicted Gross: $24.4 million",normalized_exact,Multiple movies share the title
weekly_forecast_matched_as_release_date_not_activity_window,1822,weekly_ranked_predictions,ambiguous,Snatched,2017-05-12,2017-05-14,21100000,9,1,1573,Box Office Predictions: May 12-14,https://toddmthatcher.com/2017/05/08/box-office-predictions-may-12-14/,2017-05-08,"3. Snatched
Predicted Gross: $21.1 million",normalized_exact,Multiple movies share the title
weekly_forecast_matched_as_release_date_not_activity_window,1824,weekly_ranked_predictions,ambiguous,The Boss Baby,2017-05-12,2017-05-14,4900000,19,1,1573,Box Office Predictions: May 12-14,https://toddmthatcher.com/2017/05/08/box-office-predictions-may-12-14/,2017-05-08,"5. The Boss Baby
Predicted Gross: $4.9 million (representing a drop of 18%)",normalized_exact,Multiple movies share the title
weekly_forecast_matched_as_release_date_not_activity_window,1823,weekly_ranked_predictions,ambiguous,The Fate of the Furious,2017-05-12,2017-05-14,5700000,15,1,1573,Box Office Predictions: May 12-14,https://toddmthatcher.com/2017/05/08/box-office-predictions-may-12-14/,2017-05-08,"4. The Fate of the Furious
Predicted Gross: $5.7 million (representing a drop of 34%)",normalized_exact,Multiple movies share the title
weekly_forecast_matched_as_release_date_not_activity_window,1817,weekly_ranked_predictions,ambiguous,Beauty and the Beast,2017-05-05,2017-05-07,4700000,24,2,1567,Box Office Predictions: May 5-7,https://toddmthatcher.com/2017/05/01/box-office-predictions-may-5-7/,2017-05-01,"5. Beauty and the Beast
Predicted Gross: $4.7 million (representing a drop of 31%)",normalized_exact,Multiple movies share the title
weekly_forecast_matched_as_release_date_not_activity_window,1813,weekly_ranked_predictions,ambiguous,Guardians of the Galaxy Vol. 2,2017-05-05,2017-05-07,166400000,17,1,1567,Box Office Predictions: May 5-7,https://toddmthatcher.com/2017/05/01/box-office-predictions-may-5-7/,2017-05-01,"1. Guardians of the Galaxy Vol. 2
Predicted Gross: $166.4 million",normalized_exact,Multiple movies share the title
weekly_forecast_matched_as_release_date_not_activity_window,1815,weekly_ranked_predictions,ambiguous,How to Be a Latin Lover,2017-05-05,2017-05-07,6900000,11,1,1567,Box Office Predictions: May 5-7,https://toddmthatcher.com/2017/05/01/box-office-predictions-may-5-7/,2017-05-01,"3. How to Be a Latin Lover
Predicted Gross: $6.9 million (representing a drop of 44%)",normalized_exact,Multiple movies share the title
weekly_forecast_matched_as_release_date_not_activity_window,1816,weekly_ranked_predictions,ambiguous,The Boss Baby,2017-05-05,2017-05-07,4800000,19,1,1567,Box Office Predictions: May 5-7,https://toddmthatcher.com/2017/05/01/box-office-predictions-may-5-7/,2017-05-01,"4. The Boss Baby
Predicted Gross: $4.8 million (representing a drop of 49%)",normalized_exact,Multiple movies share the title
weekly_forecast_matched_as_release_date_not_activity_window,1814,weekly_ranked_predictions,ambiguous,The Fate of the Furious,2017-05-05,2017-05-07,7700000,15,1,1567,Box Office Predictions: May 5-7,https://toddmthatcher.com/2017/05/01/box-office-predictions-may-5-7/,2017-05-01,"2. The Fate of the Furious
Predicted Gross: $7.7 million (representing a drop of 61%)",normalized_exact,Multiple movies share the title
weekly_forecast_matched_as_release_date_not_activity_window,1810,weekly_ranked_predictions,ambiguous,Beauty and the Beast,2017-04-28,2017-04-30,6500000,24,2,1563,Box Office Predictions: April 28-30,https://toddmthatcher.com/2017/04/24/box-office-predictions-april-28-30/,2017-04-24,"4. Beauty and the Beast
Predicted Gross: $6.5 million (representing a drop of 35%)",normalized_exact,Multiple movies share the title
weekly_forecast_matched_as_release_date_not_activity_window,1811,weekly_ranked_predictions,ambiguous,How to Be a Latin Lover,2017-04-28,2017-04-30,6300000,11,1,1563,Box Office Predictions: April 28-30,https://toddmthatcher.com/2017/04/24/box-office-predictions-april-28-30/,2017-04-24,"5. How to Be a Latin Lover
Predicted Gross: $6.3 million",normalized_exact,Multiple movies share the title
weekly_forecast_matched_as_release_date_not_activity_window,1809,weekly_ranked_predictions,ambiguous,The Boss Baby,2017-04-28,2017-04-30,8600000,19,1,1563,Box Office Predictions: April 28-30,https://toddmthatcher.com/2017/04/24/box-office-predictions-april-28-30/,2017-04-24,"3. The Boss Baby
Predicted Gross: $8.6 million (representing a drop of 32%)",normalized_exact,Multiple movies share the title
weekly_forecast_matched_as_release_date_not_activity_window,1808,weekly_ranked_predictions,ambiguous,The Circle,2017-04-28,2017-04-30,16300000,7,1,1563,Box Office Predictions: April 28-30,https://toddmthatcher.com/2017/04/24/box-office-predictions-april-28-30/,2017-04-24,"2. The Circle
Predicted Gross: $16.3 million",normalized_exact,Multiple movies share the title
weekly_forecast_matched_as_release_date_not_activity_window,1807,weekly_ranked_predictions,ambiguous,The Fate of the Furious,2017-04-28,2017-04-30,20200000,15,1,1563,Box Office Predictions: April 28-30,https://toddmthatcher.com/2017/04/24/box-office-predictions-april-28-30/,2017-04-24,"1. The Fate of the Furious
Predicted Gross: $20.2 million (representing a drop of 47%)",normalized_exact,Multiple movies share the title
weekly_forecast_matched_as_release_date_not_activity_window,1795,weekly_ranked_predictions,ambiguous,Beauty and the Beast,2017-04-21,2017-04-23,7800000,24,2,1551,Box Office Predictions: April 21-23,https://toddmthatcher.com/2017/04/17/box-office-predictions-april-21-23/,2017-04-17,"4. Beauty and the Beast
Predicted Gross: $7.8 million (representing a drop of 43%)",normalized_exact,Multiple movies share the title
weekly_forecast_matched_as_release_date_not_activity_window,1796,weekly_ranked_predictions,ambiguous,Born in China,2017-04-21,2017-04-23,5200000,5,1,1551,Box Office Predictions: April 21-23,https://toddmthatcher.com/2017/04/17/box-office-predictions-april-21-23/,2017-04-17,"5. Born in China
Predicted Gross: $5.2 million",normalized_exact,Multiple movies share the title
weekly_forecast_matched_as_release_date_not_activity_window,1799,weekly_ranked_predictions,ambiguous,Going in Style,2017-04-21,2017-04-23,3500000,12,1,1551,Box Office Predictions: April 21-23,https://toddmthatcher.com/2017/04/17/box-office-predictions-april-21-23/,2017-04-17,"8. Going in Style
Predicted Gross: $3.5 million (representing a drop of 45%)",normalized_exact,Multiple movies share the title
weekly_forecast_matched_as_release_date_not_activity_window,1800,weekly_ranked_predictions,unmatched,Phoenix Forgotten,2017-04-21,2017-04-23,3400000,1,1,1551,Box Office Predictions: April 21-23,https://toddmthatcher.com/2017/04/17/box-office-predictions-april-21-23/,2017-04-17,"9. Phoenix Forgotten
Predicted Gross: $3.4 million",normalized_exact,No movie title matched
weekly_forecast_matched_as_release_date_not_activity_window,1798,weekly_ranked_predictions,ambiguous,Smurfs: The Lost Village,2017-04-21,2017-04-23,3600000,13,1,1551,Box Office Predictions: April 21-23,https://toddmthatcher.com/2017/04/17/box-office-predictions-april-21-23/,2017-04-17,"7. Smurfs: The Lost Village
Predicted Gross: $3.6 million (representing a drop of 47%)",normalized_exact,Multiple movies share the title
weekly_forecast_matched_as_release_date_not_activity_window,1794,weekly_ranked_predictions,ambiguous,The Boss Baby,2017-04-21,2017-04-23,9200000,19,1,1551,Box Office Predictions: April 21-23,https://toddmthatcher.com/2017/04/17/box-office-predictions-april-21-23/,2017-04-17,"3. The Boss Baby
Predicted Gross: $9.2 million (representing a drop of 43%)",normalized_exact,Multiple movies share the title
weekly_forecast_matched_as_release_date_not_activity_window,1792,weekly_ranked_predictions,ambiguous,The Fate of the Furious,2017-04-21,2017-04-23,43200000,15,1,1551,Box Office Predictions: April 21-23,https://toddmthatcher.com/2017/04/17/box-office-predictions-april-21-23/,2017-04-17,"1. The Fate of the Furious
Predicted Gross: $43.2 million (representing a drop of 56%)",normalized_exact,Multiple movies share the title
weekly_forecast_matched_as_release_date_not_activity_window,1797,weekly_ranked_predictions,ambiguous,The Lost City of Z,2017-04-21,2017-04-23,3700000,4,1,1551,Box Office Predictions: April 21-23,https://toddmthatcher.com/2017/04/17/box-office-predictions-april-21-23/,2017-04-17,"6. The Lost City of Z
Predicted Gross: $3.7 million",normalized_exact,Multiple movies share the title
weekly_forecast_matched_as_release_date_not_activity_window,1801,weekly_ranked_predictions,ambiguous,The Promise,2017-04-21,2017-04-23,3200000,5,1,1551,Box Office Predictions: April 21-23,https://toddmthatcher.com/2017/04/17/box-office-predictions-april-21-23/,2017-04-17,"10. The Promise
Predicted Gross: $3.2 million",normalized_exact,Multiple movies share the title
weekly_forecast_matched_as_release_date_not_activity_window,1793,weekly_ranked_predictions,ambiguous,Unforgettable,2017-04-21,2017-04-23,12900000,6,1,1551,Box Office Predictions: April 21-23,https://toddmthatcher.com/2017/04/17/box-office-predictions-april-21-23/,2017-04-17,"2. Unforgettable
Predicted Gross: $12.9 million",normalized_exact,Multiple movies share the title
weekly_forecast_matched_as_release_date_not_activity_window,1785,weekly_ranked_predictions,ambiguous,Beauty and the Beast,2017-04-14,2017-04-16,14600000,24,2,1543,Box Office Predictions: April 14-16,https://toddmthatcher.com/2017/04/10/box-office-predictions-april-14-16/,2017-04-10,"3. Beauty and the Beast
Predicted Gross: $14.6 million (representing a drop of 38%)",normalized_exact,Multiple movies share the title
weekly_forecast_matched_as_release_date_not_activity_window,1788,weekly_ranked_predictions,ambiguous,Gifted,2017-04-14,2017-04-16,4600000,11,1,1543,Box Office Predictions: April 14-16,https://toddmthatcher.com/2017/04/10/box-office-predictions-april-14-16/,2017-04-10,"6. Gifted
Predicted Gross: $4.6 million",normalized_exact,Multiple movies share the title
weekly_forecast_matched_as_release_date_not_activity_window,1787,weekly_ranked_predictions,ambiguous,Going in Style,2017-04-14,2017-04-16,7200000,12,1,1543,Box Office Predictions: April 14-16,https://toddmthatcher.com/2017/04/10/box-office-predictions-april-14-16/,2017-04-10,"5. Going in Style
Predicted Gross: $7.2 million (representing a drop of 40%)",normalized_exact,Multiple movies share the title
weekly_forecast_matched_as_release_date_not_activity_window,1786,weekly_ranked_predictions,ambiguous,Smurfs: The Lost Village,2017-04-14,2017-04-16,7800000,13,1,1543,Box Office Predictions: April 14-16,https://toddmthatcher.com/2017/04/10/box-office-predictions-april-14-16/,2017-04-10,"4. Smurfs: The Lost Village
Predicted Gross: $7.8 million (representing a drop of 41%)",normalized_exact,Multiple movies share the title
weekly_forecast_matched_as_release_date_not_activity_window,1784,weekly_ranked_predictions,ambiguous,The Boss Baby,2017-04-14,2017-04-16,15000000,19,1,1543,Box Office Predictions: April 14-16,https://toddmthatcher.com/2017/04/10/box-office-predictions-april-14-16/,2017-04-10,"2. The Boss Baby
Predicted Gross: $15 million (representing a drop of 43%)",normalized_exact,Multiple movies share the title
weekly_forecast_matched_as_release_date_not_activity_window,1783,weekly_ranked_predictions,ambiguous,The Fate of the Furious,2017-04-14,2017-04-16,122700000,15,1,1543,Box Office Predictions: April 14-16,https://toddmthatcher.com/2017/04/10/box-office-predictions-april-14-16/,2017-04-10,"1. The Fate of the Furious
Predicted Gross: $122.7 million",normalized_exact,Multiple movies share the title
weekly_forecast_matched_as_release_date_not_activity_window,1776,weekly_ranked_predictions,ambiguous,Beauty and the Beast,2017-04-07,2017-04-09,24000000,24,2,1535,Box Office Predictions: April 7-9,https://toddmthatcher.com/2017/04/03/box-office-predictions-april-7-9/,2017-04-03,"2. Beauty and the Beast
Predicted Gross: $24 million (representing a drop of 47%)",normalized_exact,Multiple movies share the title
weekly_forecast_matched_as_release_date_not_activity_window,1779,weekly_ranked_predictions,ambiguous,Ghost in the Shell,2017-04-07,2017-04-09,7900000,8,2,1535,Box Office Predictions: April 7-9,https://toddmthatcher.com/2017/04/03/box-office-predictions-april-7-9/,2017-04-03,"5. Ghost in the Shell
Predicted Gross: $7.9 million (representing a drop of 58%)",normalized_exact,Multiple movies share the title
weekly_forecast_matched_as_release_date_not_activity_window,1778,weekly_ranked_predictions,ambiguous,Going in Style,2017-04-07,2017-04-09,11500000,12,1,1535,Box Office Predictions: April 7-9,https://toddmthatcher.com/2017/04/03/box-office-predictions-april-7-9/,2017-04-03,"4. Going in Style
Predicted Gross: $11.5 million",normalized_exact,Multiple movies share the title
weekly_forecast_matched_as_release_date_not_activity_window,1777,weekly_ranked_predictions,ambiguous,Smurfs: The Lost Village,2017-04-07,2017-04-09,20400000,13,1,1535,Box Office Predictions: April 7-9,https://toddmthatcher.com/2017/04/03/box-office-predictions-april-7-9/,2017-04-03,"3. Smurfs: The Lost Village
Predicted Gross: $20.4 million",normalized_exact,Multiple movies share the title
weekly_forecast_matched_as_release_date_not_activity_window,1775,weekly_ranked_predictions,ambiguous,The Boss Baby,2017-04-07,2017-04-09,26100000,19,1,1535,Box Office Predictions: April 7-9,https://toddmthatcher.com/2017/04/03/box-office-predictions-april-7-9/,2017-04-03,"1. The Boss Baby
Predicted Gross: $26.1 million (representing a drop of 48%)",normalized_exact,Multiple movies share the title
weekly_forecast_matched_as_release_date_not_activity_window,1768,weekly_ranked_predictions,ambiguous,Beauty and the Beast,2017-03-31,2017-04-02,48800000,24,2,1529,Box Office Predictions: March 31-April 2,https://toddmthatcher.com/2017/03/27/box-office-predictions-march-31-april-2/,2017-03-27,"1. Beauty and the Beast
Predicted Gross: $48.8 million (representing a drop of 46%)",normalized_exact,Multiple movies share the title
weekly_forecast_matched_as_release_date_not_activity_window,1769,weekly_ranked_predictions,ambiguous,Ghost in the Shell,2017-03-31,2017-04-02,30300000,8,2,1529,Box Office Predictions: March 31-April 2,https://toddmthatcher.com/2017/03/27/box-office-predictions-march-31-april-2/,2017-03-27,"2. Ghost in the Shell
Predicted Gross: $30.3 million",normalized_exact,Multiple movies share the title
weekly_forecast_matched_as_release_date_not_activity_window,1772,weekly_ranked_predictions,ambiguous,Kong: Skull Island,2017-03-31,2017-04-02,7900000,13,1,1529,Box Office Predictions: March 31-April 2,https://toddmthatcher.com/2017/03/27/box-office-predictions-march-31-april-2/,2017-03-27,"5. Kong: Skull Island
Predicted Gross: $7.9 million (representing a drop of 46%)",normalized_exact,Multiple movies share the title
weekly_forecast_matched_as_release_date_not_activity_window,1771,weekly_ranked_predictions,ambiguous,Power Rangers,2017-03-31,2017-04-02,20100000,9,1,1529,Box Office Predictions: March 31-April 2,https://toddmthatcher.com/2017/03/27/box-office-predictions-march-31-april-2/,2017-03-27,"4. Power Rangers
Predicted Gross: $20.1 million (representing a drop of 50%)",normalized_exact,Multiple movies share the title
weekly_forecast_matched_as_release_date_not_activity_window,1770,weekly_ranked_predictions,ambiguous,The Boss Baby,2017-03-31,2017-04-02,28600000,19,1,1529,Box Office Predictions: March 31-April 2,https://toddmthatcher.com/2017/03/27/box-office-predictions-march-31-april-2/,2017-03-27,"3. The Boss Baby
Predicted Gross: $28.6 million",normalized_exact,Multiple movies share the title
weekly_forecast_matched_as_release_date_not_activity_window,1760,weekly_ranked_predictions,ambiguous,Beauty and the Beast,2017-03-24,2017-03-26,82500000,24,2,1523,Box Office Predictions: March 24-26,https://toddmthatcher.com/2017/03/20/box-office-predictions-march-24-26/,2017-03-20,"1. Beauty and the Beast
Predicted Gross: $82.5 million (representing a drop of 52%)",normalized_exact,Multiple movies share the title
weekly_forecast_matched_as_release_date_not_activity_window,1765,weekly_ranked_predictions,ambiguous,CHiPs,2017-03-24,2017-03-26,8400000,5,1,1523,Box Office Predictions: March 24-26,https://toddmthatcher.com/2017/03/20/box-office-predictions-march-24-26/,2017-03-20,"6. CHiPs
Predicted Gross: $8.4 million",normalized_exact,Multiple movies share the title
weekly_forecast_matched_as_release_date_not_activity_window,1763,weekly_ranked_predictions,ambiguous,Kong: Skull Island,2017-03-24,2017-03-26,12600000,13,1,1523,Box Office Predictions: March 24-26,https://toddmthatcher.com/2017/03/20/box-office-predictions-march-24-26/,2017-03-20,"4. Kong: Skull Island
Predicted Gross: $12.6 million (representing a drop of 55%)",normalized_exact,Multiple movies share the title
weekly_forecast_matched_as_release_date_not_activity_window,1762,weekly_ranked_predictions,ambiguous,Life,2017-03-24,2017-03-26,19100000,7,1,1523,Box Office Predictions: March 24-26,https://toddmthatcher.com/2017/03/20/box-office-predictions-march-24-26/,2017-03-20,"3. Life
Predicted Gross: $19.1 million",normalized_exact,Multiple movies share the title
weekly_forecast_matched_as_release_date_not_activity_window,1764,weekly_ranked_predictions,ambiguous,Logan,2017-03-24,2017-03-26,9000000,16,2,1523,Box Office Predictions: March 24-26,https://toddmthatcher.com/2017/03/20/box-office-predictions-march-24-26/,2017-03-20,"5. Logan
Predicted Gross: $9 million (representing a drop of 49%)",normalized_exact,Multiple movies share the title
weekly_forecast_matched_as_release_date_not_activity_window,1761,weekly_ranked_predictions,ambiguous,Power Rangers,2017-03-24,2017-03-26,33800000,9,1,1523,Box Office Predictions: March 24-26,https://toddmthatcher.com/2017/03/20/box-office-predictions-march-24-26/,2017-03-20,"2. Power Rangers
Predicted Gross: $33.8 million",normalized_exact,Multiple movies share the title
weekly_forecast_matched_as_release_date_not_activity_window,1752,weekly_ranked_predictions,ambiguous,Beauty and the Beast,2017-03-17,2017-03-19,158800000,24,2,1515,Box Office Predictions: March 17-19,https://toddmthatcher.com/2017/03/13/box-office-predictions-march-17-19/,2017-03-14,"1. Beauty and the Beast
Predicted Gross: $158.8 million",normalized_exact,Multiple movies share the title
weekly_forecast_matched_as_release_date_not_activity_window,1755,weekly_ranked_predictions,ambiguous,Get Out,2017-03-17,2017-03-19,14500000,19,1,1515,Box Office Predictions: March 17-19,https://toddmthatcher.com/2017/03/13/box-office-predictions-march-17-19/,2017-03-14,"4. Get Out
Predicted Gross: $14.5 million (representing a drop of 30%)",normalized_exact,Multiple movies share the title
weekly_forecast_matched_as_release_date_not_activity_window,1753,weekly_ranked_predictions,ambiguous,Kong: Skull Island,2017-03-17,2017-03-19,25600000,13,1,1515,Box Office Predictions: March 17-19,https://toddmthatcher.com/2017/03/13/box-office-predictions-march-17-19/,2017-03-14,"2. Kong: Skull Island
Predicted Gross: $25.6 million (representing a drop of 58%)",normalized_exact,Multiple movies share the title
weekly_forecast_matched_as_release_date_not_activity_window,1754,weekly_ranked_predictions,ambiguous,Logan,2017-03-17,2017-03-19,17800000,16,2,1515,Box Office Predictions: March 17-19,https://toddmthatcher.com/2017/03/13/box-office-predictions-march-17-19/,2017-03-14,"3. Logan
Predicted Gross: $17.8 million (representing a drop of 53%)",normalized_exact,Multiple movies share the title
weekly_forecast_matched_as_release_date_not_activity_window,1756,weekly_ranked_predictions,ambiguous,The Shack,2017-03-17,2017-03-19,6300000,11,1,1515,Box Office Predictions: March 17-19,https://toddmthatcher.com/2017/03/13/box-office-predictions-march-17-19/,2017-03-14,"5. The Shack
Predicted Gross: $6.3 million (representing a drop of 37%)",normalized_exact,Multiple movies share the title
weekly_forecast_matched_as_release_date_not_activity_window,1747,weekly_ranked_predictions,ambiguous,Get Out,2017-03-10,2017-03-12,19800000,19,1,1509,Box Office Predictions: March 10-12,https://toddmthatcher.com/2017/03/06/box-office-predictions-march-10-12/,2017-03-06,"3. Get Out
Predicted Gross: $19.8 million (representing a drop of 30%)",normalized_exact,Multiple movies share the title
weekly_forecast_matched_as_release_date_not_activity_window,1745,weekly_ranked_predictions,ambiguous,Kong: Skull Island,2017-03-10,2017-03-12,48600000,13,1,1509,Box Office Predictions: March 10-12,https://toddmthatcher.com/2017/03/06/box-office-predictions-march-10-12/,2017-03-06,"1. Kong: Skull Island
Predicted Gross: $48.6 million",normalized_exact,Multiple movies share the title
weekly_forecast_matched_as_release_date_not_activity_window,1746,weekly_ranked_predictions,ambiguous,Logan,2017-03-10,2017-03-12,42500000,16,2,1509,Box Office Predictions: March 10-12,https://toddmthatcher.com/2017/03/06/box-office-predictions-march-10-12/,2017-03-06,"2. Logan
Predicted Gross: $42.5 million (representing a drop of 52%)",normalized_exact,Multiple movies share the title
weekly_forecast_matched_as_release_date_not_activity_window,1749,weekly_ranked_predictions,ambiguous,The Lego Batman Movie,2017-03-10,2017-03-12,6800000,15,1,1509,Box Office Predictions: March 10-12,https://toddmthatcher.com/2017/03/06/box-office-predictions-march-10-12/,2017-03-06,"5. The Lego Batman Movie
Predicted Gross: $6.8 million (representing a drop of 42%)",normalized_exact,Multiple movies share the title
weekly_forecast_matched_as_release_date_not_activity_window,1748,weekly_ranked_predictions,ambiguous,The Shack,2017-03-10,2017-03-12,10700000,11,1,1509,Box Office Predictions: March 10-12,https://toddmthatcher.com/2017/03/06/box-office-predictions-march-10-12/,2017-03-06,"4. The Shack
Predicted Gross: $10.7 million (representing a drop of 34%)",normalized_exact,Multiple movies share the title
weekly_forecast_matched_as_release_date_not_activity_window,1743,weekly_ranked_predictions,ambiguous,Before I Fall,2017-03-03,2017-03-05,5300000,6,1,1505,Box Office Predictions: March 3-5,https://toddmthatcher.com/2017/02/28/box-office-predictions-march-3-5/,2017-02-28,"6. Before I Fall
Predicted Gross: $5.3 million",normalized_exact,Multiple movies share the title
weekly_forecast_matched_as_release_date_not_activity_window,1739,weekly_ranked_predictions,ambiguous,Get Out,2017-03-03,2017-03-05,20000000,19,1,1505,Box Office Predictions: March 3-5,https://toddmthatcher.com/2017/02/28/box-office-predictions-march-3-5/,2017-02-28,"2. Get Out
Predicted Gross: $20 million (representing a drop of 40%)",normalized_exact,Multiple movies share the title
weekly_forecast_matched_as_release_date_not_activity_window,1738,weekly_ranked_predictions,ambiguous,Logan,2017-03-03,2017-03-05,68600000,16,2,1505,Box Office Predictions: March 3-5,https://toddmthatcher.com/2017/02/28/box-office-predictions-march-3-5/,2017-02-28,"1. Logan
Predicted Gross: $68.6 million",normalized_exact,Multiple movies share the title
weekly_forecast_matched_as_release_date_not_activity_window,1740,weekly_ranked_predictions,ambiguous,The Lego Batman Movie,2017-03-03,2017-03-05,11100000,15,1,1505,Box Office Predictions: March 3-5,https://toddmthatcher.com/2017/02/28/box-office-predictions-march-3-5/,2017-02-28,"3. The Lego Batman Movie
Predicted Gross: $11.1 million (representing a drop of 42%)",normalized_exact,Multiple movies share the title
weekly_forecast_matched_as_release_date_not_activity_window,1741,weekly_ranked_predictions,ambiguous,The Shack,2017-03-03,2017-03-05,9700000,11,1,1505,Box Office Predictions: March 3-5,https://toddmthatcher.com/2017/02/28/box-office-predictions-march-3-5/,2017-02-28,"4. The Shack
Predicted Gross: $9.7 million",normalized_exact,Multiple movies share the title
weekly_forecast_matched_as_release_date_not_activity_window,1732,weekly_ranked_predictions,ambiguous,Fifty Shades Darker,2017-02-24,2017-02-26,9900000,10,1,1497,Box Office Predictions: February 24-26,https://toddmthatcher.com/2017/02/21/box-office-predictions-february-24-26/,2017-02-21,"3. Fifty Shades Darker
Predicted Gross: $9.9 million (representing a drop of $51%)",normalized_exact,Multiple movies share the title
weekly_forecast_matched_as_release_date_not_activity_window,1731,weekly_ranked_predictions,ambiguous,Get Out,2017-02-24,2017-02-26,16300000,19,1,1497,Box Office Predictions: February 24-26,https://toddmthatcher.com/2017/02/21/box-office-predictions-february-24-26/,2017-02-21,"2. Get Out
Predicted Gross: $16.3 million",normalized_exact,Multiple movies share the title
weekly_forecast_matched_as_release_date_not_activity_window,1734,weekly_ranked_predictions,ambiguous,The Great Wall,2017-02-24,2017-02-26,8200000,7,1,1497,Box Office Predictions: February 24-26,https://toddmthatcher.com/2017/02/21/box-office-predictions-february-24-26/,2017-02-21,"5. The Great Wall
Predicted Gross: $8.2 million (representing a drop of 55%)",normalized_exact,Multiple movies share the title
weekly_forecast_matched_as_release_date_not_activity_window,1730,weekly_ranked_predictions,ambiguous,The Lego Batman Movie,2017-02-24,2017-02-26,22100000,15,1,1497,Box Office Predictions: February 24-26,https://toddmthatcher.com/2017/02/21/box-office-predictions-february-24-26/,2017-02-21,"1. The Lego Batman Movie
Predicted Gross: $22.1 million (representing a drop of 32%)",normalized_exact,Multiple movies share the title
weekly_forecast_matched_as_release_date_not_activity_window,1728,weekly_ranked_predictions,ambiguous,A Cure for Wellness,2017-02-17,2017-02-20,10200000,3,1,1493,Box Office Predictions: February 17-20,https://toddmthatcher.com/2017/02/13/box-office-predictions-february-17-20/,2017-02-13,"6. A Cure for Wellness
Predicted Gross: $10.2 million",normalized_exact,Multiple movies share the title
weekly_forecast_matched_as_release_date_not_activity_window,1727,weekly_ranked_predictions,ambiguous,Fifty Shades Darker,2017-02-17,2017-02-20,21300000,10,1,1493,Box Office Predictions: February 17-20,https://toddmthatcher.com/2017/02/13/box-office-predictions-february-17-20/,2017-02-13,"5. Fifty Shades Darker
Predicted Gross: $21.3 million (representing a drop of 54%)",normalized_exact,Multiple movies share the title
weekly_forecast_matched_as_release_date_not_activity_window,1725,weekly_ranked_predictions,ambiguous,Fist Fight,2017-02-17,2017-02-20,25100000,6,1,1493,Box Office Predictions: February 17-20,https://toddmthatcher.com/2017/02/13/box-office-predictions-february-17-20/,2017-02-13,"3. Fist Fight
Predicted Gross: $25.1 million",normalized_exact,Multiple movies share the title
weekly_forecast_matched_as_release_date_not_activity_window,1724,weekly_ranked_predictions,ambiguous,The Great Wall,2017-02-17,2017-02-20,25600000,7,1,1493,Box Office Predictions: February 17-20,https://toddmthatcher.com/2017/02/13/box-office-predictions-february-17-20/,2017-02-13,"2. The Great Wall
Predicted Gross: $25.6 million",normalized_exact,Multiple movies share the title
weekly_forecast_matched_as_release_date_not_activity_window,1723,weekly_ranked_predictions,ambiguous,The Lego Batman Movie,2017-02-17,2017-02-20,49400000,15,1,1493,Box Office Predictions: February 17-20,https://toddmthatcher.com/2017/02/13/box-office-predictions-february-17-20/,2017-02-13,"1. The Lego Batman Movie
Predicted Gross: $49.4 million (representing a drop of 6%)",normalized_exact,Multiple movies share the title
weekly_forecast_matched_as_release_date_not_activity_window,1714,weekly_ranked_predictions,ambiguous,Fifty Shades Darker,2017-02-10,2017-02-12,44800000,10,1,1481,Box Office Predictions: February 10-12,https://toddmthatcher.com/2017/02/06/box-office-predictions-february-10-12/,2017-02-06,"2. Fifty Shades Darker
Predicted Gross: $44.8 million",normalized_exact,Multiple movies share the title
weekly_forecast_matched_as_release_date_not_activity_window,1717,weekly_ranked_predictions,ambiguous,Hidden Figures,2017-02-10,2017-02-12,6900000,21,1,1481,Box Office Predictions: February 10-12,https://toddmthatcher.com/2017/02/06/box-office-predictions-february-10-12/,2017-02-06,"5. Hidden Figures
Predicted Gross: $6.9 million (representing a drop of 32%)",normalized_exact,Multiple movies share the title
weekly_forecast_matched_as_release_date_not_activity_window,1716,weekly_ranked_predictions,ambiguous,Split,2017-02-10,2017-02-12,8200000,7,1,1481,Box Office Predictions: February 10-12,https://toddmthatcher.com/2017/02/06/box-office-predictions-february-10-12/,2017-02-06,"4. Split
Predicted Gross: $8.2 million (representing a drop of 43%",normalized_exact,Multiple movies share the title
weekly_forecast_matched_as_release_date_not_activity_window,1713,weekly_ranked_predictions,ambiguous,The Lego Batman Movie,2017-02-10,2017-02-12,65800000,15,1,1481,Box Office Predictions: February 10-12,https://toddmthatcher.com/2017/02/06/box-office-predictions-february-10-12/,2017-02-06,"1. The Lego Batman Movie
Predicted Gross: $65.8 million",normalized_exact,Multiple movies share the title
weekly_forecast_matched_as_release_date_not_activity_window,1707,weekly_ranked_predictions,ambiguous,Hidden Figures,2017-02-03,2017-02-05,10700000,21,1,1473,Box Office Predictions: February 3-5,https://toddmthatcher.com/2017/01/30/box-office-predictions-february-3-5/,2017-01-30,"4. Hidden Figures
Predicted Gross: $10.7 million (representing a drop of 24%)",normalized_exact,Multiple movies share the title
weekly_forecast_matched_as_release_date_not_activity_window,1708,weekly_ranked_predictions,ambiguous,La La Land,2017-02-03,2017-02-05,8300000,24,1,1473,Box Office Predictions: February 3-5,https://toddmthatcher.com/2017/01/30/box-office-predictions-february-3-5/,2017-01-30,"5. La La Land
Predicted Gross: $8.3 million (representing a drop of 32%)",normalized_exact,Multiple movies share the title
weekly_forecast_matched_as_release_date_not_activity_window,1704,weekly_ranked_predictions,ambiguous,Rings,2017-02-03,2017-02-05,20300000,8,1,1473,Box Office Predictions: February 3-5,https://toddmthatcher.com/2017/01/30/box-office-predictions-february-3-5/,2017-01-30,"1. Rings
Predicted Gross: $20.3 million",normalized_exact,Multiple movies share the title
weekly_forecast_matched_as_release_date_not_activity_window,1705,weekly_ranked_predictions,ambiguous,Split,2017-02-03,2017-02-05,14400000,7,1,1473,Box Office Predictions: February 3-5,https://toddmthatcher.com/2017/01/30/box-office-predictions-february-3-5/,2017-01-30,"2. Split
Predicted Gross: $14.4 million (representing a drop of 43%)",normalized_exact,Multiple movies share the title
weekly_forecast_matched_as_release_date_not_activity_window,1709,weekly_ranked_predictions,ambiguous,The Space Between Us,2017-02-03,2017-02-05,6700000,3,1,1473,Box Office Predictions: February 3-5,https://toddmthatcher.com/2017/01/30/box-office-predictions-february-3-5/,2017-01-30,"6. The Space Between Us
Predicted Gross: $6.7 million",normalized_exact,Multiple movies share the title
weekly_forecast_matched_as_release_date_not_activity_window,1691,weekly_ranked_predictions,ambiguous,Hidden Figures,2017-01-20,2017-01-22,13700000,21,1,1461,Box Office Predictions: January 20-22,https://toddmthatcher.com/2017/01/17/box-office-predictions-january-20-22/,2017-01-17,"3. Hidden Figures
Predicted Gross: $13.7 million (representing a drop of 34%)",normalized_exact,Multiple movies share the title
weekly_forecast_matched_as_release_date_not_activity_window,1692,weekly_ranked_predictions,ambiguous,La La Land,2017-01-20,2017-01-22,11400000,24,1,1461,Box Office Predictions: January 20-22,https://toddmthatcher.com/2017/01/17/box-office-predictions-january-20-22/,2017-01-17,"4. La La Land
Predicted Gross: $11.4 million (representing a drop of 22%)",normalized_exact,Multiple movies share the title
weekly_forecast_matched_as_release_date_not_activity_window,1695,weekly_ranked_predictions,ambiguous,Patriots Day,2017-01-20,2017-01-22,7200000,5,1,1461,Box Office Predictions: January 20-22,https://toddmthatcher.com/2017/01/17/box-office-predictions-january-20-22/,2017-01-17,"7. Patriots Day
Predicted Gross: $7.2 million (representing a drop of 39%)",normalized_exact,Multiple movies share the title
weekly_forecast_matched_as_release_date_not_activity_window,1694,weekly_ranked_predictions,ambiguous,Rogue One: A Star Wars Story,2017-01-20,2017-01-22,7800000,16,1,1461,Box Office Predictions: January 20-22,https://toddmthatcher.com/2017/01/17/box-office-predictions-january-20-22/,2017-01-17,"6. Rogue One: A Star Wars Story
Predicted Gross: $7.8 million (representing a drop of 42%)",normalized_exact,Multiple movies share the title
weekly_forecast_matched_as_release_date_not_activity_window,1693,weekly_ranked_predictions,ambiguous,Sing,2017-01-20,2017-01-22,8400000,15,1,1461,Box Office Predictions: January 20-22,https://toddmthatcher.com/2017/01/17/box-office-predictions-january-20-22/,2017-01-17,"5. Sing
Predicted Gross: $8.4 million (representing a drop of 41%)",normalized_exact,Multiple movies share the title
weekly_forecast_matched_as_release_date_not_activity_window,1689,weekly_ranked_predictions,unmatched,xXx: Return of Xander Cage,2017-01-20,2017-01-22,25400000,1,1,1461,Box Office Predictions: January 20-22,https://toddmthatcher.com/2017/01/17/box-office-predictions-january-20-22/,2017-01-17,"1. xXx: Return of Xander Cage
Predicted Gross: $25.4 million",normalized_exact,No movie title matched
weekly_forecast_matched_as_release_date_not_activity_window,1674,weekly_ranked_predictions,ambiguous,Hidden Figures,2017-01-13,2017-01-16,24100000,21,1,1449,Box Office Predictions: January 13-16,https://toddmthatcher.com/2017/01/09/box-office-predictions-january-13-16/,2017-01-09,"1. Hidden Figures
Predicted Gross: $24.1 million (representing an increase of 6%)",normalized_exact,Multiple movies share the title
weekly_forecast_matched_as_release_date_not_activity_window,1678,weekly_ranked_predictions,ambiguous,La La Land,2017-01-13,2017-01-16,13700000,24,1,1449,Box Office Predictions: January 13-16,https://toddmthatcher.com/2017/01/09/box-office-predictions-january-13-16/,2017-01-09,"5. La La Land
Predicted Gross: $13.7 million (representing an increase of 36%)",normalized_exact,Multiple movies share the title
weekly_forecast_matched_as_release_date_not_activity_window,1679,weekly_ranked_predictions,ambiguous,Live by Night,2017-01-13,2017-01-16,13200000,3,1,1449,Box Office Predictions: January 13-16,https://toddmthatcher.com/2017/01/09/box-office-predictions-january-13-16/,2017-01-09,"6. Live by Night
Predicted Gross: $13.2 million",normalized_exact,Multiple movies share the title
weekly_forecast_matched_as_release_date_not_activity_window,1681,weekly_ranked_predictions,ambiguous,Monster Trucks,2017-01-13,2017-01-16,10100000,6,1,1449,Box Office Predictions: January 13-16,https://toddmthatcher.com/2017/01/09/box-office-predictions-january-13-16/,2017-01-09,"8. Monster Trucks
Predicted Gross: $10.1 million",normalized_exact,Multiple movies share the title
weekly_forecast_matched_as_release_date_not_activity_window,1675,weekly_ranked_predictions,ambiguous,Patriots Day,2017-01-13,2017-01-16,23600000,5,1,1449,Box Office Predictions: January 13-16,https://toddmthatcher.com/2017/01/09/box-office-predictions-january-13-16/,2017-01-09,"2. Patriots Day
Predicted Gross: $23.6 million",normalized_exact,Multiple movies share the title
weekly_forecast_matched_as_release_date_not_activity_window,1677,weekly_ranked_predictions,ambiguous,Rogue One: A Star Wars Story,2017-01-13,2017-01-16,16100000,16,1,1449,Box Office Predictions: January 13-16,https://toddmthatcher.com/2017/01/09/box-office-predictions-january-13-16/,2017-01-09,"4. Rogue One: A Star Wars Story
Predicted Gross: $16.1 million (representing a drop of 27%)",normalized_exact,Multiple movies share the title
weekly_forecast_matched_as_release_date_not_activity_window,1676,weekly_ranked_predictions,ambiguous,Sing,2017-01-13,2017-01-16,16400000,15,1,1449,Box Office Predictions: January 13-16,https://toddmthatcher.com/2017/01/09/box-office-predictions-january-13-16/,2017-01-09,"3. Sing
Predicted Gross: $16.4 million (representing a drop of 21%)",normalized_exact,Multiple movies share the title
weekly_forecast_matched_as_release_date_not_activity_window,1680,weekly_ranked_predictions,ambiguous,Sleepless,2017-01-13,2017-01-16,10300000,4,1,1449,Box Office Predictions: January 13-16,https://toddmthatcher.com/2017/01/09/box-office-predictions-january-13-16/,2017-01-09,"7. Sleepless
Predicted Gross: $10.3 million",normalized_exact,Multiple movies share the title
weekly_forecast_matched_as_release_date_not_activity_window,1682,weekly_ranked_predictions,ambiguous,The Bye Bye Man,2017-01-13,2017-01-16,8800000,6,1,1449,Box Office Predictions: January 13-16,https://toddmthatcher.com/2017/01/09/box-office-predictions-january-13-16/,2017-01-09,"9. The Bye Bye Man
Predicted Gross: $8.8 million",normalized_exact,Multiple movies share the title
weekly_forecast_matched_as_release_date_not_activity_window,1683,weekly_ranked_predictions,ambiguous,Underworld: Blood Wars,2017-01-13,2017-01-16,6600000,3,1,1449,Box Office Predictions: January 13-16,https://toddmthatcher.com/2017/01/09/box-office-predictions-january-13-16/,2017-01-09,"10. Underworld: Blood Wars
Predicted Gross: $6.6 million (representing a drop of 51%)",normalized_exact,Multiple movies share the title
weekly_forecast_matched_as_release_date_not_activity_window,1664,weekly_ranked_predictions,ambiguous,Fences,2017-01-06,2017-01-08,6700000,8,1,1435,Box Office Predictions: January 6-8,https://toddmthatcher.com/2017/01/03/box-office-predictions-january-6-8/,2017-01-04,"7. Fences
Predicted Gross: $6.7 million",normalized_exact,Multiple movies share the title
weekly_forecast_matched_as_release_date_not_activity_window,1660,weekly_ranked_predictions,ambiguous,Hidden Figures,2017-01-06,2017-01-08,19300000,21,1,1435,Box Office Predictions: January 6-8,https://toddmthatcher.com/2017/01/03/box-office-predictions-january-6-8/,2017-01-04,"3. Hidden Figures
Predicted Gross: $19.3 million",normalized_exact,Multiple movies share the title
weekly_forecast_matched_as_release_date_not_activity_window,1662,weekly_ranked_predictions,ambiguous,La La Land,2017-01-06,2017-01-08,12800000,24,1,1435,Box Office Predictions: January 6-8,https://toddmthatcher.com/2017/01/03/box-office-predictions-january-6-8/,2017-01-04,"5. La La Land
Predicted Gross: $12.8 million",normalized_exact,Multiple movies share the title
weekly_forecast_matched_as_release_date_not_activity_window,1665,weekly_ranked_predictions,ambiguous,Moana,2017-01-06,2017-01-08,6600000,10,1,1435,Box Office Predictions: January 6-8,https://toddmthatcher.com/2017/01/03/box-office-predictions-january-6-8/,2017-01-04,"8. Moana
Predicted Gross: $6.6 million",normalized_exact,Multiple movies share the title
weekly_forecast_matched_as_release_date_not_activity_window,1663,weekly_ranked_predictions,ambiguous,Passengers,2017-01-06,2017-01-08,9000000,8,1,1435,Box Office Predictions: January 6-8,https://toddmthatcher.com/2017/01/03/box-office-predictions-january-6-8/,2017-01-04,"6. Passengers
Predicted Gross: $9 million",normalized_exact,Multiple movies share the title
weekly_forecast_matched_as_release_date_not_activity_window,1658,weekly_ranked_predictions,ambiguous,Rogue One: A Star Wars Story,2017-01-06,2017-01-08,28200000,16,1,1435,Box Office Predictions: January 6-8,https://toddmthatcher.com/2017/01/03/box-office-predictions-january-6-8/,2017-01-04,"1. Rogue One: A Star Wars Story
Predicted Gross: $28.2 million",normalized_exact,Multiple movies share the title
weekly_forecast_matched_as_release_date_not_activity_window,1659,weekly_ranked_predictions,ambiguous,Sing,2017-01-06,2017-01-08,25300000,15,1,1435,Box Office Predictions: January 6-8,https://toddmthatcher.com/2017/01/03/box-office-predictions-january-6-8/,2017-01-04,"2. Sing
Predicted Gross: $25.3 million",normalized_exact,Multiple movies share the title
weekly_forecast_matched_as_release_date_not_activity_window,1654,weekly_ranked_predictions,ambiguous,Collateral Beauty,2016-12-30,2017-01-02,5200000,8,1,1427,Box Office Predictions: December 30-January 2,https://toddmthatcher.com/2016/12/27/box-office-predictions-december-30-january-2/,2016-12-28,"10. Collateral Beauty
Predicted Gross: $5.2 million",normalized_exact,Multiple movies share the title
weekly_forecast_matched_as_release_date_not_activity_window,1652,weekly_ranked_predictions,ambiguous,Fences,2016-12-30,2017-01-02,9800000,8,1,1427,Box Office Predictions: December 30-January 2,https://toddmthatcher.com/2016/12/27/box-office-predictions-december-30-january-2/,2016-12-28,"8. Fences
Predicted Gross: $9.8 million",normalized_exact,Multiple movies share the title
weekly_forecast_matched_as_release_date_not_activity_window,1651,weekly_ranked_predictions,ambiguous,La La Land,2016-12-30,2017-01-02,10000000,24,1,1427,Box Office Predictions: December 30-January 2,https://toddmthatcher.com/2016/12/27/box-office-predictions-december-30-january-2/,2016-12-28,"7. La La Land
Predicted Gross: $10 million",normalized_exact,Multiple movies share the title
weekly_forecast_matched_as_release_date_not_activity_window,1649,weekly_ranked_predictions,ambiguous,Moana,2016-12-30,2017-01-02,12700000,10,1,1427,Box Office Predictions: December 30-January 2,https://toddmthatcher.com/2016/12/27/box-office-predictions-december-30-january-2/,2016-12-28,"5. Moana
Predicted Gross: $12.7 million",normalized_exact,Multiple movies share the title
weekly_forecast_matched_as_release_date_not_activity_window,1653,weekly_ranked_predictions,ambiguous,Office Christmas Party,2016-12-30,2017-01-02,5800000,9,1,1427,Box Office Predictions: December 30-January 2,https://toddmthatcher.com/2016/12/27/box-office-predictions-december-30-january-2/,2016-12-28,"9. Office Christmas Party
Predicted Gross: $5.8 million",normalized_exact,Multiple movies share the title
weekly_forecast_matched_as_release_date_not_activity_window,1647,weekly_ranked_predictions,ambiguous,Passengers,2016-12-30,2017-01-02,18300000,8,1,1427,Box Office Predictions: December 30-January 2,https://toddmthatcher.com/2016/12/27/box-office-predictions-december-30-january-2/,2016-12-28,"3. Passengers
Predicted Gross: $18.3 million",normalized_exact,Multiple movies share the title
weekly_forecast_matched_as_release_date_not_activity_window,1645,weekly_ranked_predictions,ambiguous,Rogue One: A Star Wars Story,2016-12-30,2017-01-02,79900000,16,1,1427,Box Office Predictions: December 30-January 2,https://toddmthatcher.com/2016/12/27/box-office-predictions-december-30-january-2/,2016-12-28,"1. Rogue One: A Star Wars Story
Predicted Gross: $79.9 million",normalized_exact,Multiple movies share the title
weekly_forecast_matched_as_release_date_not_activity_window,1646,weekly_ranked_predictions,ambiguous,Sing,2016-12-30,2017-01-02,56600000,15,1,1427,Box Office Predictions: December 30-January 2,https://toddmthatcher.com/2016/12/27/box-office-predictions-december-30-january-2/,2016-12-28,"2. Sing
Predicted Gross: $56.6 million",normalized_exact,Multiple movies share the title
weekly_forecast_matched_as_release_date_not_activity_window,1644,weekly_ranked_predictions,ambiguous,Collateral Beauty,2016-12-23,2016-12-26,5300000,8,1,1425,Box Office Predictions: December 23-26,https://toddmthatcher.com/2016/12/19/box-office-predictions-december-23-26/,2016-12-19,"10. Collateral Beauty
Predicted Gross: $5.3 million (representing a drop of 25%)",normalized_exact,Multiple movies share the title
weekly_forecast_matched_as_release_date_not_activity_window,1641,weekly_ranked_predictions,ambiguous,Fences,2016-12-23,2016-12-26,8600000,8,1,1425,Box Office Predictions: December 23-26,https://toddmthatcher.com/2016/12/19/box-office-predictions-december-23-26/,2016-12-19,"7. Fences
Predicted Gross: $8.6 million (Sunday-Monday)",normalized_exact,Multiple movies share the title
weekly_forecast_matched_as_release_date_not_activity_window,1642,weekly_ranked_predictions,ambiguous,La La Land,2016-12-23,2016-12-26,7500000,24,1,1425,Box Office Predictions: December 23-26,https://toddmthatcher.com/2016/12/19/box-office-predictions-december-23-26/,2016-12-19,"8. La La Land
Predicted Gross: $7.5 million",normalized_exact,Multiple movies share the title
weekly_forecast_matched_as_release_date_not_activity_window,1640,weekly_ranked_predictions,ambiguous,Moana,2016-12-23,2016-12-26,10100000,10,1,1425,Box Office Predictions: December 23-26,https://toddmthatcher.com/2016/12/19/box-office-predictions-december-23-26/,2016-12-19,"6. Moana
Predicted Gross: $10.1 million (representing a drop of 21%)",normalized_exact,Multiple movies share the title
weekly_forecast_matched_as_release_date_not_activity_window,1643,weekly_ranked_predictions,ambiguous,Office Christmas Party,2016-12-23,2016-12-26,6200000,9,1,1425,Box Office Predictions: December 23-26,https://toddmthatcher.com/2016/12/19/box-office-predictions-december-23-26/,2016-12-19,"9. Office Christmas Party
Predicted Gross: $6.2 million (representing a drop of 28%)",normalized_exact,Multiple movies share the title
weekly_forecast_matched_as_release_date_not_activity_window,1637,weekly_ranked_predictions,ambiguous,Passengers,2016-12-23,2016-12-26,31400000,8,1,1425,Box Office Predictions: December 23-26,https://toddmthatcher.com/2016/12/19/box-office-predictions-december-23-26/,2016-12-19,"3. Passengers
Predicted Gross: $31.4 million (Friday to Monday), $42 million (Wednesday to Monday)",normalized_exact,Multiple movies share the title
weekly_forecast_matched_as_release_date_not_activity_window,1635,weekly_ranked_predictions,ambiguous,Rogue One: A Star Wars Story,2016-12-23,2016-12-26,92800000,16,1,1425,Box Office Predictions: December 23-26,https://toddmthatcher.com/2016/12/19/box-office-predictions-december-23-26/,2016-12-19,"1. Rogue One: A Star Wars Story
Predicted Gross: $92.8 million (representing a 40% drop)",normalized_exact,Multiple movies share the title
weekly_forecast_matched_as_release_date_not_activity_window,1636,weekly_ranked_predictions,ambiguous,Sing,2016-12-23,2016-12-26,55300000,15,1,1425,Box Office Predictions: December 23-26,https://toddmthatcher.com/2016/12/19/box-office-predictions-december-23-26/,2016-12-19,"2. Sing
Predicted Gross: $55.3 million (Friday to Monday), $74.1 million (Wednesday to Monday)",normalized_exact,Multiple movies share the title
weekly_forecast_matched_as_release_date_not_activity_window,1625,weekly_ranked_predictions,ambiguous,Collateral Beauty,2016-12-16,2016-12-18,11400000,8,1,1413,Box Office Predictions: December 16-18,https://toddmthatcher.com/2016/12/12/box-office-predictions-december-16-18/,2016-12-12,"2. Collateral Beauty
Predicted Gross: $11.4 million",normalized_exact,Multiple movies share the title
weekly_forecast_matched_as_release_date_not_activity_window,1629,weekly_ranked_predictions,ambiguous,La La Land,2016-12-16,2016-12-18,4200000,24,1,1413,Box Office Predictions: December 16-18,https://toddmthatcher.com/2016/12/12/box-office-predictions-december-16-18/,2016-12-12,"7. La La Land
Predicted Gross: $4.2 million",normalized_exact,Multiple movies share the title
weekly_forecast_matched_as_release_date_not_activity_window,1628,weekly_ranked_predictions,ambiguous,Manchester by the Sea,2016-12-16,2016-12-18,4400000,9,1,1413,Box Office Predictions: December 16-18,https://toddmthatcher.com/2016/12/12/box-office-predictions-december-16-18/,2016-12-12,"6. Manchester by the Sea
Predicted Gross: $4.4 million",normalized_exact,Multiple movies share the title
weekly_forecast_matched_as_release_date_not_activity_window,1626,weekly_ranked_predictions,ambiguous,Moana,2016-12-16,2016-12-18,9000000,10,1,1413,Box Office Predictions: December 16-18,https://toddmthatcher.com/2016/12/12/box-office-predictions-december-16-18/,2016-12-12,"3. Moana
Predicted Gross: $9 million (representing a drop of 52%)",normalized_exact,Multiple movies share the title
weekly_forecast_matched_as_release_date_not_activity_window,1627,weekly_ranked_predictions,ambiguous,Office Christmas Party,2016-12-16,2016-12-18,7100000,9,1,1413,Box Office Predictions: December 16-18,https://toddmthatcher.com/2016/12/12/box-office-predictions-december-16-18/,2016-12-12,"4. Office Christmas Party
Predicted Gross: $7.1 million (representing a drop of 55%)",normalized_exact,Multiple movies share the title
weekly_forecast_matched_as_release_date_not_activity_window,1624,weekly_ranked_predictions,ambiguous,Rogue One: A Star Wars Story,2016-12-16,2016-12-18,168300000,16,1,1413,Box Office Predictions: December 16-18,https://toddmthatcher.com/2016/12/12/box-office-predictions-december-16-18/,2016-12-12,"1. Rogue One: A Star Wars Story
Predicted Gross: $168.3 million",normalized_exact,Multiple movies share the title
weekly_forecast_matched_as_release_date_not_activity_window,1621,weekly_ranked_predictions,ambiguous,Allied,2016-12-09,2016-12-11,4700000,7,1,1409,Box Office Predictions: December 9-11,https://toddmthatcher.com/2016/12/05/box-office-predictions-december-9-11/,2016-12-05,"5. Allied
Predicted Gross: $4.7 million (representing a drop of 34%)",normalized_exact,Multiple movies share the title
weekly_forecast_matched_as_release_date_not_activity_window,1620,weekly_ranked_predictions,ambiguous,Arrival,2016-12-09,2016-12-11,5000000,10,1,1409,Box Office Predictions: December 9-11,https://toddmthatcher.com/2016/12/05/box-office-predictions-december-9-11/,2016-12-05,"4. Arrival
Predicted Gross: $5 million (representing a drop of 31%)",normalized_exact,Multiple movies share the title
weekly_forecast_matched_as_release_date_not_activity_window,1619,weekly_ranked_predictions,ambiguous,Fantastic Beasts and Where to Find Them,2016-12-09,2016-12-11,10000000,12,1,1409,Box Office Predictions: December 9-11,https://toddmthatcher.com/2016/12/05/box-office-predictions-december-9-11/,2016-12-05,"3. Fantastic Beasts and Where to Find Them
Predicted Gross: $10 million (representing a drop of 45%)",normalized_exact,Multiple movies share the title
weekly_forecast_matched_as_release_date_not_activity_window,1622,weekly_ranked_predictions,ambiguous,Miss Sloane,2016-12-09,2016-12-11,4600000,3,1,1409,Box Office Predictions: December 9-11,https://toddmthatcher.com/2016/12/05/box-office-predictions-december-9-11/,2016-12-05,"6. Miss Sloane
Predicted Gross: $4.6 million",normalized_exact,Multiple movies share the title
weekly_forecast_matched_as_release_date_not_activity_window,1617,weekly_ranked_predictions,ambiguous,Moana,2016-12-09,2016-12-11,19600000,10,1,1409,Box Office Predictions: December 9-11,https://toddmthatcher.com/2016/12/05/box-office-predictions-december-9-11/,2016-12-05,"1. Moana
Predicted Gross: $19.6 million (representing a drop of 32%)",normalized_exact,Multiple movies share the title
weekly_forecast_matched_as_release_date_not_activity_window,1618,weekly_ranked_predictions,ambiguous,Office Christmas Party,2016-12-09,2016-12-11,18400000,9,1,1409,Box Office Predictions: December 9-11,https://toddmthatcher.com/2016/12/05/box-office-predictions-december-9-11/,2016-12-05,"2. Office Christmas Party
Predicted Gross: $18.4 million",normalized_exact,Multiple movies share the title
weekly_forecast_matched_as_release_date_not_activity_window,1613,weekly_ranked_predictions,ambiguous,Allied,2016-12-02,2016-12-04,5900000,7,1,1401,Box Office Predictions: December 2-4,https://toddmthatcher.com/2016/11/28/box-office-predictions-december-2-4/,2016-11-28,"5. Allied
Predicted Gross: $5.9 million (representing a drop of 54%)",normalized_exact,Multiple movies share the title
weekly_forecast_matched_as_release_date_not_activity_window,1612,weekly_ranked_predictions,ambiguous,Arrival,2016-12-02,2016-12-04,5900000,10,1,1401,Box Office Predictions: December 2-4,https://toddmthatcher.com/2016/11/28/box-office-predictions-december-2-4/,2016-11-28,"4. Arrival
Predicted Gross: $5.9 million (representing a drop of 49%)",normalized_exact,Multiple movies share the title
weekly_forecast_matched_as_release_date_not_activity_window,1611,weekly_ranked_predictions,ambiguous,Doctor Strange,2016-12-02,2016-12-04,6100000,11,1,1401,Box Office Predictions: December 2-4,https://toddmthatcher.com/2016/11/28/box-office-predictions-december-2-4/,2016-11-28,"3. Doctor Strange
Predicted Gross: $6.1 million (representing a drop of 55%)",normalized_exact,Multiple movies share the title
weekly_forecast_matched_as_release_date_not_activity_window,1610,weekly_ranked_predictions,ambiguous,Fantastic Beasts and Where to Find Them,2016-12-02,2016-12-04,20900000,12,1,1401,Box Office Predictions: December 2-4,https://toddmthatcher.com/2016/11/28/box-office-predictions-december-2-4/,2016-11-28,"2. Fantastic Beasts and Where to Find Them
Predicted Gross: $20.9 million (representing a drop of 53%)",normalized_exact,Multiple movies share the title
weekly_forecast_matched_as_release_date_not_activity_window,1609,weekly_ranked_predictions,ambiguous,Moana,2016-12-02,2016-12-04,28800000,10,1,1401,Box Office Predictions: December 2-4,https://toddmthatcher.com/2016/11/28/box-office-predictions-december-2-4/,2016-11-28,"1. Moana
Predicted Gross: $28.8 million (representing a drop of 49%)",normalized_exact,Multiple movies share the title
weekly_forecast_matched_as_release_date_not_activity_window,1600,weekly_ranked_predictions,ambiguous,Allied,2016-11-25,2016-11-27,14200000,7,1,1397,Box Office Predictions: November 25-27,https://toddmthatcher.com/2016/11/21/box-office-predictions-november-25-27/,2016-11-21,"3. Allied
Predicted Gross: $14.2 million (Friday to Sunday), $21.1 million (Wednesday to Sunday)",normalized_exact,Multiple movies share the title
weekly_forecast_matched_as_release_date_not_activity_window,1607,weekly_ranked_predictions,ambiguous,Almost Christmas,2016-11-25,2016-11-27,4700000,6,1,1397,Box Office Predictions: November 25-27,https://toddmthatcher.com/2016/11/21/box-office-predictions-november-25-27/,2016-11-21,"10. Almost Christmas
Predicted Gross: $4.7 million (representing a drop of 35%)",normalized_exact,Multiple movies share the title
weekly_forecast_matched_as_release_date_not_activity_window,1603,weekly_ranked_predictions,ambiguous,Arrival,2016-11-25,2016-11-27,8600000,10,1,1397,Box Office Predictions: November 25-27,https://toddmthatcher.com/2016/11/21/box-office-predictions-november-25-27/,2016-11-21,"6. Arrival
Predicted Gross: $8.6 million (representing a drop of 29%)",normalized_exact,Multiple movies share the title
weekly_forecast_matched_as_release_date_not_activity_window,1604,weekly_ranked_predictions,ambiguous,Bad Santa 2,2016-11-25,2016-11-27,8100000,5,1,1397,Box Office Predictions: November 25-27,https://toddmthatcher.com/2016/11/21/box-office-predictions-november-25-27/,2016-11-21,"7. Bad Santa 2
Predicted Gross: $8.1 million (Friday to Sunday), $10.8 million (Wednesday to Sunday)",normalized_exact,Multiple movies share the title
weekly_forecast_matched_as_release_date_not_activity_window,1601,weekly_ranked_predictions,ambiguous,Doctor Strange,2016-11-25,2016-11-27,14000000,11,1,1397,Box Office Predictions: November 25-27,https://toddmthatcher.com/2016/11/21/box-office-predictions-november-25-27/,2016-11-21,"4. Doctor Strange
Predicted Gross: $14 million (representing a drop of 21%)",normalized_exact,Multiple movies share the title
weekly_forecast_matched_as_release_date_not_activity_window,1599,weekly_ranked_predictions,ambiguous,Fantastic Beasts and Where to Find Them,2016-11-25,2016-11-27,34900000,12,1,1397,Box Office Predictions: November 25-27,https://toddmthatcher.com/2016/11/21/box-office-predictions-november-25-27/,2016-11-21,"2. Fantastic Beasts and Where to Find Them
Predicted Gross: $34.9 million (representing a drop of 53%)",normalized_exact,Multiple movies share the title
weekly_forecast_matched_as_release_date_not_activity_window,1605,weekly_ranked_predictions,ambiguous,Hacksaw Ridge,2016-11-25,2016-11-27,5100000,9,1,1397,Box Office Predictions: November 25-27,https://toddmthatcher.com/2016/11/21/box-office-predictions-november-25-27/,2016-11-21,"8. Hacksaw Ridge
Predicted Gross: $5.1 million (representing a drop of 23%)",normalized_exact,Multiple movies share the title
weekly_forecast_matched_as_release_date_not_activity_window,1598,weekly_ranked_predictions,ambiguous,Moana,2016-11-25,2016-11-27,56400000,10,1,1397,Box Office Predictions: November 25-27,https://toddmthatcher.com/2016/11/21/box-office-predictions-november-25-27/,2016-11-21,"1. Moana
Predicted Gross: $56.4 million (Friday to Sunday), $77.2 million (Wednesday to Sunday)",normalized_exact,Multiple movies share the title
weekly_forecast_matched_as_release_date_not_activity_window,1602,weekly_ranked_predictions,ambiguous,Trolls,2016-11-25,2016-11-27,12700000,10,1,1397,Box Office Predictions: November 25-27,https://toddmthatcher.com/2016/11/21/box-office-predictions-november-25-27/,2016-11-21,"5. Trolls
Predicted Gross: $12.7 million (representing a drop of 27%)",normalized_exact,Multiple movies share the title
weekly_forecast_matched_as_release_date_not_activity_window,1591,weekly_ranked_predictions,ambiguous,Arrival,2016-11-18,2016-11-20,13600000,10,1,1387,Box Office Predictions: November 18-20,https://toddmthatcher.com/2016/11/14/box-office-predictions-november-18-20/,2016-11-14,"4. Arrival
Predicted Gross: $13.6 million (representing a drop of 43%)",normalized_exact,Multiple movies share the title
weekly_forecast_matched_as_release_date_not_activity_window,1589,weekly_ranked_predictions,ambiguous,Doctor Strange,2016-11-18,2016-11-20,21500000,11,1,1387,Box Office Predictions: November 18-20,https://toddmthatcher.com/2016/11/14/box-office-predictions-november-18-20/,2016-11-14,"2. Doctor Strange
Predicted Gross: $21.5 million (representing a drop of 49%)",normalized_exact,Multiple movies share the title
weekly_forecast_matched_as_release_date_not_activity_window,1588,weekly_ranked_predictions,ambiguous,Fantastic Beasts and Where to Find Them,2016-11-18,2016-11-20,83100000,12,1,1387,Box Office Predictions: November 18-20,https://toddmthatcher.com/2016/11/14/box-office-predictions-november-18-20/,2016-11-14,"1. Fantastic Beasts and Where to Find Them
Predicted Gross: $83.1 million",normalized_exact,Multiple movies share the title
weekly_forecast_matched_as_release_date_not_activity_window,1590,weekly_ranked_predictions,ambiguous,Trolls,2016-11-18,2016-11-20,19700000,10,1,1387,Box Office Predictions: November 18-20,https://toddmthatcher.com/2016/11/14/box-office-predictions-november-18-20/,2016-11-14,"3. Trolls
Predicted Gross: $19.7 million (representing a drop of 43%)",normalized_exact,Multiple movies share the title
weekly_forecast_matched_as_release_date_not_activity_window,1582,weekly_ranked_predictions,ambiguous,Almost Christmas,2016-11-11,2016-11-13,18300000,6,1,1377,Box Office Predictions: November 11-13,https://toddmthatcher.com/2016/11/07/box-office-predictions-november-11-13/,2016-11-07,"4. Almost Christmas
Predicted Gross: $18.3 million",normalized_exact,Multiple movies share the title
weekly_forecast_matched_as_release_date_not_activity_window,1581,weekly_ranked_predictions,ambiguous,Arrival,2016-11-11,2016-11-13,22400000,10,1,1377,Box Office Predictions: November 11-13,https://toddmthatcher.com/2016/11/07/box-office-predictions-november-11-13/,2016-11-07,"3. Arrival
Predicted Gross: $22.4 million",normalized_exact,Multiple movies share the title
weekly_forecast_matched_as_release_date_not_activity_window,1579,weekly_ranked_predictions,ambiguous,Doctor Strange,2016-11-11,2016-11-13,37500000,11,1,1377,Box Office Predictions: November 11-13,https://toddmthatcher.com/2016/11/07/box-office-predictions-november-11-13/,2016-11-07,"1. Doctor Strange
Predicted Gross: $37.5 million (representing a drop of 55%)",normalized_exact,Multiple movies share the title
weekly_forecast_matched_as_release_date_not_activity_window,1583,weekly_ranked_predictions,ambiguous,Hacksaw Ridge,2016-11-11,2016-11-13,8900000,9,1,1377,Box Office Predictions: November 11-13,https://toddmthatcher.com/2016/11/07/box-office-predictions-november-11-13/,2016-11-07,"5. Hacksaw Ridge
Predicted Gross: $8.9 million (representing a drop of 41%)",normalized_exact,Multiple movies share the title
weekly_forecast_matched_as_release_date_not_activity_window,1580,weekly_ranked_predictions,ambiguous,Trolls,2016-11-11,2016-11-13,28600000,10,1,1377,Box Office Predictions: November 11-13,https://toddmthatcher.com/2016/11/07/box-office-predictions-november-11-13/,2016-11-07,"2. Trolls
Predicted Gross: $28.6 million (representing a drop of 38%)",normalized_exact,Multiple movies share the title
weekly_forecast_matched_as_release_date_not_activity_window,1574,weekly_ranked_predictions,ambiguous,Boo! A Madea Halloween,2016-11-04,2016-11-06,7700000,4,0,1369,Box Office Predictions: November 4-6,https://toddmthatcher.com/2016/10/31/box-office-predictions-november-4-6/,2016-10-31,"4. Boo! A Madea Halloween
Predicted Gross: $7.7 million (representing a drop of 55%)",normalized_exact,Multiple movies share the title
weekly_forecast_matched_as_release_date_not_activity_window,1571,weekly_ranked_predictions,ambiguous,Doctor Strange,2016-11-04,2016-11-06,77300000,11,1,1369,Box Office Predictions: November 4-6,https://toddmthatcher.com/2016/10/31/box-office-predictions-november-4-6/,2016-10-31,"1. Doctor Strange
Predicted Gross: $77.3 million",normalized_exact,Multiple movies share the title
weekly_forecast_matched_as_release_date_not_activity_window,1573,weekly_ranked_predictions,ambiguous,Hacksaw Ridge,2016-11-04,2016-11-06,12100000,9,1,1369,Box Office Predictions: November 4-6,https://toddmthatcher.com/2016/10/31/box-office-predictions-november-4-6/,2016-10-31,"3. Hacksaw Ridge
Predicted Gross: $12.1 million",normalized_exact,Multiple movies share the title
weekly_forecast_matched_as_release_date_not_activity_window,1575,weekly_ranked_predictions,ambiguous,Inferno,2016-11-04,2016-11-06,6800000,4,1,1369,Box Office Predictions: November 4-6,https://toddmthatcher.com/2016/10/31/box-office-predictions-november-4-6/,2016-10-31,"5. Inferno
Predicted Gross: $6.8 million (representing a drop of 54%)",normalized_exact,Multiple movies share the title
weekly_forecast_matched_as_release_date_not_activity_window,1572,weekly_ranked_predictions,ambiguous,Trolls,2016-11-04,2016-11-06,34600000,10,1,1369,Box Office Predictions: November 4-6,https://toddmthatcher.com/2016/10/31/box-office-predictions-november-4-6/,2016-10-31,"2. Trolls
Predicted Gross: $34.6 million",normalized_exact,Multiple movies share the title
weekly_forecast_matched_as_release_date_not_activity_window,1564,weekly_ranked_predictions,ambiguous,Boo! A Madea Halloween,2016-10-28,2016-10-30,12700000,4,0,1361,Box Office Predictions: October 28-30,https://toddmthatcher.com/2016/10/24/box-office-predictions-october-28-30/,2016-10-24,"2. Boo! A Madea Halloween
Predicted Gross: $12.7 million (representing a drop of 55%)",normalized_exact,Multiple movies share the title
weekly_forecast_matched_as_release_date_not_activity_window,1563,weekly_ranked_predictions,ambiguous,Inferno,2016-10-28,2016-10-30,30600000,4,1,1361,Box Office Predictions: October 28-30,https://toddmthatcher.com/2016/10/24/box-office-predictions-october-28-30/,2016-10-24,"1. Inferno
Predicted Gross: $30.6 million",normalized_exact,Multiple movies share the title
weekly_forecast_matched_as_release_date_not_activity_window,1565,weekly_ranked_predictions,ambiguous,Jack Reacher: Never Go Back,2016-10-28,2016-10-30,12400000,5,1,1361,Box Office Predictions: October 28-30,https://toddmthatcher.com/2016/10/24/box-office-predictions-october-28-30/,2016-10-24,"3. Jack Reacher: Never Go Back
Predicted Gross: $12.4 million (representing a drop of 46%)",normalized_exact,Multiple movies share the title
weekly_forecast_matched_as_release_date_not_activity_window,1567,weekly_ranked_predictions,ambiguous,Ouija: Origin of Evil,2016-10-28,2016-10-30,7300000,4,1,1361,Box Office Predictions: October 28-30,https://toddmthatcher.com/2016/10/24/box-office-predictions-october-28-30/,2016-10-24,"5. Ouija: Origin of Evil
Predicted Gross: $7.3 million (representing a drop of 48%)",normalized_exact,Multiple movies share the title
weekly_forecast_matched_as_release_date_not_activity_window,1566,weekly_ranked_predictions,ambiguous,The Accountant,2016-10-28,2016-10-30,8700000,7,1,1361,Box Office Predictions: October 28-30,https://toddmthatcher.com/2016/10/24/box-office-predictions-october-28-30/,2016-10-24,"4. The Accountant
Predicted Gross: $8.7 million (representing a drop of 36%)",normalized_exact,Multiple movies share the title
weekly_forecast_matched_as_release_date_not_activity_window,1560,weekly_ranked_predictions,ambiguous,Boo! A Madea Halloween,2016-10-21,2016-10-23,12500000,4,0,1357,Box Office Predictions: October 21-23,https://toddmthatcher.com/2016/10/17/box-office-predictions-october-21-23/,2016-10-17,"4. Boo! A Madea Halloween
Predicted Gross: $12.5 million",normalized_exact,Multiple movies share the title
weekly_forecast_matched_as_release_date_not_activity_window,1557,weekly_ranked_predictions,ambiguous,Jack Reacher: Never Go Back,2016-10-21,2016-10-23,23900000,5,1,1357,Box Office Predictions: October 21-23,https://toddmthatcher.com/2016/10/17/box-office-predictions-october-21-23/,2016-10-17,"1. Jack Reacher: Never Go Back
Predicted Gross: $23.9 million",normalized_exact,Multiple movies share the title
weekly_forecast_matched_as_release_date_not_activity_window,1561,weekly_ranked_predictions,ambiguous,Keeping Up with the Joneses,2016-10-21,2016-10-23,10100000,3,1,1357,Box Office Predictions: October 21-23,https://toddmthatcher.com/2016/10/17/box-office-predictions-october-21-23/,2016-10-17,"5. Keeping Up with the Joneses
Predicted Gross: $10.1 million",normalized_exact,Multiple movies share the title
weekly_forecast_matched_as_release_date_not_activity_window,1558,weekly_ranked_predictions,ambiguous,Ouija: Origin of Evil,2016-10-21,2016-10-23,15200000,4,1,1357,Box Office Predictions: October 21-23,https://toddmthatcher.com/2016/10/17/box-office-predictions-october-21-23/,2016-10-17,"2. Ouija: Origin of Evil
Predicted Gross: $15.2 million",normalized_exact,Multiple movies share the title
weekly_forecast_matched_as_release_date_not_activity_window,1559,weekly_ranked_predictions,ambiguous,The Accountant,2016-10-21,2016-10-23,13600000,7,1,1357,Box Office Predictions: October 21-23,https://toddmthatcher.com/2016/10/17/box-office-predictions-october-21-23/,2016-10-17,"3. The Accountant
Predicted Gross: $13.6 million (representing a drop of 45%)",normalized_exact,Multiple movies share the title
weekly_forecast_matched_as_release_date_not_activity_window,1552,weekly_ranked_predictions,ambiguous,Deepwater Horizon,2016-10-14,2016-10-16,6800000,6,1,1347,Box Office Predictions: October 14-16,https://toddmthatcher.com/2016/10/10/box-office-predictions-october-14-16/,2016-10-10,"5. Deepwater Horizon
Predicted Gross: $6.8 million (representing a drop of 41%)",normalized_exact,Multiple movies share the title
weekly_forecast_matched_as_release_date_not_activity_window,1548,weekly_ranked_predictions,ambiguous,The Accountant,2016-10-14,2016-10-16,17600000,7,1,1347,Box Office Predictions: October 14-16,https://toddmthatcher.com/2016/10/10/box-office-predictions-october-14-16/,2016-10-10,"1. The Accountant
Predicted Gross: $17.6 million",normalized_exact,Multiple movies share the title
weekly_forecast_matched_as_release_date_not_activity_window,1540,weekly_ranked_predictions,ambiguous,Deepwater Horizon,2016-10-07,2016-10-09,11900000,6,1,1339,Box Office Predictions: October 7-9,https://toddmthatcher.com/2016/10/03/box-office-predictions-october-7-9/,2016-10-03,"3. Deepwater Horizon
Predicted Gross: $11.9 million (representing a drop of 41%)",normalized_exact,Multiple movies share the title
weekly_forecast_matched_as_release_date_not_activity_window,1543,weekly_ranked_predictions,ambiguous,Middle School: The Worst Years of My Life,2016-10-07,2016-10-09,7800000,3,1,1339,Box Office Predictions: October 7-9,https://toddmthatcher.com/2016/10/03/box-office-predictions-october-7-9/,2016-10-03,"6. Middle School: The Worst Years of My Life
Predicted Gross: $7.8 million",normalized_exact,Multiple movies share the title
weekly_forecast_matched_as_release_date_not_activity_window,1542,weekly_ranked_predictions,ambiguous,Storks,2016-10-07,2016-10-09,9300000,7,1,1339,Box Office Predictions: October 7-9,https://toddmthatcher.com/2016/10/03/box-office-predictions-october-7-9/,2016-10-03,"5. Storks
Predicted Gross: $9.3 million (representing a drop of 30%)",normalized_exact,Multiple movies share the title
weekly_forecast_matched_as_release_date_not_activity_window,1541,weekly_ranked_predictions,ambiguous,The Birth of a Nation,2016-10-07,2016-10-09,10500000,3,1,1339,Box Office Predictions: October 7-9,https://toddmthatcher.com/2016/10/03/box-office-predictions-october-7-9/,2016-10-03,"4. The Birth of a Nation
Predicted Gross: $10.5 million",normalized_exact,Multiple movies share the title
weekly_forecast_matched_as_release_date_not_activity_window,1528,weekly_ranked_predictions,ambiguous,Deepwater Horizon,2016-09-30,2016-10-02,24700000,6,1,1331,Box Office Predictions: September 30-October 2,https://toddmthatcher.com/2016/09/26/box-office-predictions-september-30-october-2/,2016-09-26,"1. Deepwater Horizon
Predicted Gross: $24.7 million",normalized_exact,Multiple movies share the title
weekly_forecast_matched_as_release_date_not_activity_window,1534,weekly_ranked_predictions,unmatched,Queen of Katwe,2016-09-30,2016-10-02,5000000,1,1,1331,Box Office Predictions: September 30-October 2,https://toddmthatcher.com/2016/09/26/box-office-predictions-september-30-october-2/,2016-09-26,"7. Queen of Katwe
Predicted Gross: $5 million",normalized_exact,No movie title matched
weekly_forecast_matched_as_release_date_not_activity_window,1531,weekly_ranked_predictions,ambiguous,Storks,2016-09-30,2016-10-02,13200000,7,1,1331,Box Office Predictions: September 30-October 2,https://toddmthatcher.com/2016/09/26/box-office-predictions-september-30-october-2/,2016-09-26,"4. Storks
Predicted Gross: $13.2 million (representing a drop of 37%)",normalized_exact,Multiple movies share the title
weekly_forecast_matched_as_release_date_not_activity_window,1532,weekly_ranked_predictions,ambiguous,Sully,2016-09-30,2016-10-02,9100000,7,1,1331,Box Office Predictions: September 30-October 2,https://toddmthatcher.com/2016/09/26/box-office-predictions-september-30-october-2/,2016-09-26,"5. Sully
Predicted Gross: $9.1 million (representing a drop of 33%)",normalized_exact,Multiple movies share the title
weekly_forecast_matched_as_release_date_not_activity_window,1523,weekly_ranked_predictions,ambiguous,Blair Witch,2016-09-23,2016-09-25,3400000,3,1,1321,Box Office Predictions: September 23-25,https://toddmthatcher.com/2016/09/19/box-office-predictions-september-23-25/,2016-09-19,"6. Blair Witch
Predicted Gross: $3.4 million (representing a drop of 65%)",normalized_exact,Multiple movies share the title
weekly_forecast_matched_as_release_date_not_activity_window,1522,weekly_ranked_predictions,ambiguous,Snowden,2016-09-23,2016-09-25,4300000,4,1,1321,Box Office Predictions: September 23-25,https://toddmthatcher.com/2016/09/19/box-office-predictions-september-23-25/,2016-09-19,"5. Snowden
Predicted Gross: $4.3 million (representing a drop of 47%)",normalized_exact,Multiple movies share the title
weekly_forecast_matched_as_release_date_not_activity_window,1519,weekly_ranked_predictions,ambiguous,Storks,2016-09-23,2016-09-25,27900000,7,1,1321,Box Office Predictions: September 23-25,https://toddmthatcher.com/2016/09/19/box-office-predictions-september-23-25/,2016-09-19,"2. Storks
Predicted Gross: $27.9 million",normalized_exact,Multiple movies share the title
weekly_forecast_matched_as_release_date_not_activity_window,1520,weekly_ranked_predictions,ambiguous,Sully,2016-09-23,2016-09-25,14900000,7,1,1321,Box Office Predictions: September 23-25,https://toddmthatcher.com/2016/09/19/box-office-predictions-september-23-25/,2016-09-19,"3. Sully
Predicted Gross: $14.9 million (representing a drop of 31%)",normalized_exact,Multiple movies share the title
weekly_forecast_matched_as_release_date_not_activity_window,1510,weekly_ranked_predictions,ambiguous,Blair Witch,2016-09-16,2016-09-18,27400000,3,1,1313,Box Office Predictions: September 16-18,https://toddmthatcher.com/2016/09/12/box-office-predictions-september-16-18/,2016-09-12,"1. Blair Witch
Predicted Gross: $27.4 million",normalized_exact,Multiple movies share the title
weekly_forecast_matched_as_release_date_not_activity_window,1513,weekly_ranked_predictions,ambiguous,Snowden,2016-09-16,2016-09-18,6800000,4,1,1313,Box Office Predictions: September 16-18,https://toddmthatcher.com/2016/09/12/box-office-predictions-september-16-18/,2016-09-12,"4. Snowden
Predicted Gross: $6.8 million",normalized_exact,Multiple movies share the title
weekly_forecast_matched_as_release_date_not_activity_window,1511,weekly_ranked_predictions,ambiguous,Sully,2016-09-16,2016-09-18,23300000,7,1,1313,Box Office Predictions: September 16-18,https://toddmthatcher.com/2016/09/12/box-office-predictions-september-16-18/,2016-09-12,"2. Sully
Predicted Gross: $23.3 million (representing a drop of 33%)",normalized_exact,Multiple movies share the title
weekly_forecast_matched_as_release_date_not_activity_window,1514,weekly_ranked_predictions,ambiguous,When the Bough Breaks,2016-09-16,2016-09-18,5600000,5,1,1313,Box Office Predictions: September 16-18,https://toddmthatcher.com/2016/09/12/box-office-predictions-september-16-18/,2016-09-12,"5. When the Bough Breaks
Predicted Gross: $5.6 million (representing a drop of 61%)",normalized_exact,Multiple movies share the title
weekly_forecast_matched_as_release_date_not_activity_window,1506,weekly_ranked_predictions,ambiguous,Kubo and the Two Strings,2016-09-09,2016-09-11,3800000,10,1,1305,Box Office Predictions: September 9-11,https://toddmthatcher.com/2016/09/06/box-office-predictions-september-9-11/,2016-09-06,"5. Kubo and the Two Strings
Predicted Gross: $3.8 million (representing a drop of 40%)",normalized_exact,Multiple movies share the title
weekly_forecast_matched_as_release_date_not_activity_window,1505,weekly_ranked_predictions,ambiguous,Suicide Squad,2016-09-09,2016-09-11,5100000,15,1,1305,Box Office Predictions: September 9-11,https://toddmthatcher.com/2016/09/06/box-office-predictions-september-9-11/,2016-09-06,"4. Suicide Squad
Predicted Gross: $5.1 million (representing a drop of 49%)",normalized_exact,Multiple movies share the title
weekly_forecast_matched_as_release_date_not_activity_window,1502,weekly_ranked_predictions,ambiguous,Sully,2016-09-09,2016-09-11,28500000,7,1,1305,Box Office Predictions: September 9-11,https://toddmthatcher.com/2016/09/06/box-office-predictions-september-9-11/,2016-09-06,"1. Sully
Predicted Gross: $28.5 million",normalized_exact,Multiple movies share the title
weekly_forecast_matched_as_release_date_not_activity_window,1503,weekly_ranked_predictions,ambiguous,When the Bough Breaks,2016-09-09,2016-09-11,22700000,5,1,1305,Box Office Predictions: September 9-11,https://toddmthatcher.com/2016/09/06/box-office-predictions-september-9-11/,2016-09-06,"2. When the Bough Breaks
Predicted Gross: $22.7 million",normalized_exact,Multiple movies share the title
weekly_forecast_matched_as_release_date_not_activity_window,1487,weekly_ranked_predictions,ambiguous,Kubo and the Two Strings,2016-09-02,2016-09-05,6200000,10,1,1293,Box Office Predictions: September 2-5,https://toddmthatcher.com/2016/08/29/box-office-predictions-september-2-5/,2016-08-29,"5. Kubo and the Two Strings
Predicted Gross: $6.2 million (Friday to Sunday), $8 million (Friday to Monday)",normalized_exact,Multiple movies share the title
weekly_forecast_matched_as_release_date_not_activity_window,1486,weekly_ranked_predictions,ambiguous,Morgan,2016-09-02,2016-09-05,9000000,3,1,1293,Box Office Predictions: September 2-5,https://toddmthatcher.com/2016/08/29/box-office-predictions-september-2-5/,2016-08-29,"4. Morgan
Predicted Gross: $9 million (Friday to Sunday), $10.6 million (Friday to Monday)",normalized_exact,Multiple movies share the title
weekly_forecast_matched_as_release_date_not_activity_window,1484,weekly_ranked_predictions,ambiguous,Suicide Squad,2016-09-02,2016-09-05,10500000,15,1,1293,Box Office Predictions: September 2-5,https://toddmthatcher.com/2016/08/29/box-office-predictions-september-2-5/,2016-08-29,"2. Suicide Squad
Predicted Gross: $10.5 million (Friday to Sunday), $12.9 million (Friday to Monday)",normalized_exact,Multiple movies share the title
weekly_forecast_matched_as_release_date_not_activity_window,1485,weekly_ranked_predictions,ambiguous,The Light Between Oceans,2016-09-02,2016-09-05,9500000,3,1,1293,Box Office Predictions: September 2-5,https://toddmthatcher.com/2016/08/29/box-office-predictions-september-2-5/,2016-08-29,"3. The Light Between Oceans
Predicted Gross: $9.5 million (Friday to Sunday), $11.3 million (Friday to Monday)",normalized_exact,Multiple movies share the title
weekly_forecast_matched_as_release_date_not_activity_window,1495,weekly_ranked_predictions,ambiguous,Bad Moms,2016-08-26,2016-08-28,5400000,14,1,1295,Box Office Predictions: August 26-28,https://toddmthatcher.com/2016/08/22/box-office-predictions-august-26-28/,2016-08-22,"8. Bad Moms
Predicted Gross: $5.4 million (representing a drop of 32%)",normalized_exact,Multiple movies share the title
weekly_forecast_matched_as_release_date_not_activity_window,1496,weekly_ranked_predictions,ambiguous,Ben-Hur,2016-08-26,2016-08-28,5200000,7,1,1295,Box Office Predictions: August 26-28,https://toddmthatcher.com/2016/08/22/box-office-predictions-august-26-28/,2016-08-22,"9. Ben-Hur
Predicted Gross: $5.2 million (representing a drop of 53%)",normalized_exact,Multiple movies share the title
weekly_forecast_matched_as_release_date_not_activity_window,1497,weekly_ranked_predictions,ambiguous,Jason Bourne,2016-08-26,2016-08-28,4600000,13,1,1295,Box Office Predictions: August 26-28,https://toddmthatcher.com/2016/08/22/box-office-predictions-august-26-28/,2016-08-22,"10. Jason Bourne
Predicted Gross: $4.6 million (representing a drop of 43%)",normalized_exact,Multiple movies share the title
weekly_forecast_matched_as_release_date_not_activity_window,1492,weekly_ranked_predictions,ambiguous,Kubo and the Two Strings,2016-08-26,2016-08-28,7500000,10,1,1295,Box Office Predictions: August 26-28,https://toddmthatcher.com/2016/08/22/box-office-predictions-august-26-28/,2016-08-22,"5. Kubo and the Two Strings
Predicted Gross: $7.5 million (representing a drop of 40%)",normalized_exact,Multiple movies share the title
weekly_forecast_matched_as_release_date_not_activity_window,1490,weekly_ranked_predictions,ambiguous,Mechanic: Resurrection,2016-08-26,2016-08-28,8500000,5,1,1295,Box Office Predictions: August 26-28,https://toddmthatcher.com/2016/08/22/box-office-predictions-august-26-28/,2016-08-22,"3. Mechanic: Resurrection
Predicted Gross: $8.5 million",normalized_exact,Multiple movies share the title
weekly_forecast_matched_as_release_date_not_activity_window,1491,weekly_ranked_predictions,ambiguous,Sausage Party,2016-08-26,2016-08-28,7600000,9,1,1295,Box Office Predictions: August 26-28,https://toddmthatcher.com/2016/08/22/box-office-predictions-august-26-28/,2016-08-22,"4. Sausage Party
Predicted Gross: $7.6 million (representing a drop of 50%)",normalized_exact,Multiple movies share the title
weekly_forecast_matched_as_release_date_not_activity_window,1489,weekly_ranked_predictions,ambiguous,Suicide Squad,2016-08-26,2016-08-28,10600000,15,1,1295,Box Office Predictions: August 26-28,https://toddmthatcher.com/2016/08/22/box-office-predictions-august-26-28/,2016-08-22,"2. Suicide Squad
Predicted Gross: $10.6 million (representing a drop of 49%)",normalized_exact,Multiple movies share the title
weekly_forecast_matched_as_release_date_not_activity_window,1493,weekly_ranked_predictions,ambiguous,War Dogs,2016-08-26,2016-08-28,7400000,8,1,1295,Box Office Predictions: August 26-28,https://toddmthatcher.com/2016/08/22/box-office-predictions-august-26-28/,2016-08-22,"6. War Dogs
Predicted Gross: $7.4 million (representing a drop of 49%)",normalized_exact,Multiple movies share the title
weekly_forecast_matched_as_release_date_not_activity_window,1475,weekly_ranked_predictions,ambiguous,Ben-Hur,2016-08-19,2016-08-21,16300000,7,1,1281,Box Office Predictions: August 19-21,https://toddmthatcher.com/2016/08/15/box-office-predictions-august-19-21/,2016-08-15,"4. Ben-Hur
Predicted Gross: $16.3 million",normalized_exact,Multiple movies share the title
weekly_forecast_matched_as_release_date_not_activity_window,1473,weekly_ranked_predictions,ambiguous,Kubo and the Two Strings,2016-08-19,2016-08-21,17000000,10,1,1281,Box Office Predictions: August 19-21,https://toddmthatcher.com/2016/08/15/box-office-predictions-august-19-21/,2016-08-15,"2. Kubo and the Two Strings
Predicted Gross: $17 million",normalized_exact,Multiple movies share the title
weekly_forecast_matched_as_release_date_not_activity_window,1474,weekly_ranked_predictions,ambiguous,Sausage Party,2016-08-19,2016-08-21,16700000,9,1,1281,Box Office Predictions: August 19-21,https://toddmthatcher.com/2016/08/15/box-office-predictions-august-19-21/,2016-08-15,"3. Sausage Party
Predicted Gross: $16.7 million (representing a drop of 51%)",normalized_exact,Multiple movies share the title
weekly_forecast_matched_as_release_date_not_activity_window,1476,weekly_ranked_predictions,ambiguous,War Dogs,2016-08-19,2016-08-21,13400000,8,1,1281,Box Office Predictions: August 19-21,https://toddmthatcher.com/2016/08/15/box-office-predictions-august-19-21/,2016-08-15,"5. War Dogs
Predicted Gross: $13.4 million",normalized_exact,Multiple movies share the title
weekly_forecast_matched_as_release_date_not_activity_window,1468,weekly_ranked_predictions,ambiguous,Bad Moms,2016-08-12,2016-08-14,9300000,14,1,1273,Box Office Predictions: August 12-14,https://toddmthatcher.com/2016/08/08/box-office-predictions-august-12-14/,2016-08-08,"5. Bad Moms
Predicted Gross: $9.3 million",normalized_exact,Multiple movies share the title
weekly_forecast_matched_as_release_date_not_activity_window,1469,weekly_ranked_predictions,ambiguous,Florence Foster Jenkins,2016-08-12,2016-08-14,8200000,8,1,1273,Box Office Predictions: August 12-14,https://toddmthatcher.com/2016/08/08/box-office-predictions-august-12-14/,2016-08-08,"6. Florence Foster Jenkins
Predicted Gross: $8.2 million",normalized_exact,Multiple movies share the title
weekly_forecast_matched_as_release_date_not_activity_window,1467,weekly_ranked_predictions,ambiguous,Jason Bourne,2016-08-12,2016-08-14,11400000,13,1,1273,Box Office Predictions: August 12-14,https://toddmthatcher.com/2016/08/08/box-office-predictions-august-12-14/,2016-08-08,"4. Jason Bourne
Predicted Gross: $11.4 million",normalized_exact,Multiple movies share the title
weekly_forecast_matched_as_release_date_not_activity_window,1466,weekly_ranked_predictions,ambiguous,Sausage Party,2016-08-12,2016-08-14,19400000,9,1,1273,Box Office Predictions: August 12-14,https://toddmthatcher.com/2016/08/08/box-office-predictions-august-12-14/,2016-08-08,"3. Sausage Party
Predicted Gross: $19.4 million",normalized_exact,Multiple movies share the title
weekly_forecast_matched_as_release_date_not_activity_window,1458,weekly_ranked_predictions,ambiguous,Bad Moms,2016-08-05,2016-08-07,12100000,14,1,1265,Box Office Predictions: August 5-7,https://toddmthatcher.com/2016/08/01/box-office-predictions-august-5-7/,2016-08-01,"3. Bad Moms
Predicted Gross: $12.1 million",normalized_exact,Multiple movies share the title
weekly_forecast_matched_as_release_date_not_activity_window,1457,weekly_ranked_predictions,ambiguous,Jason Bourne,2016-08-05,2016-08-07,27100000,13,1,1265,Box Office Predictions: August 5-7,https://toddmthatcher.com/2016/08/01/box-office-predictions-august-5-7/,2016-08-01,"2. Jason Bourne
Predicted Gross: $27.1 million",normalized_exact,Multiple movies share the title
weekly_forecast_matched_as_release_date_not_activity_window,1461,weekly_ranked_predictions,ambiguous,Nine Lives,2016-08-05,2016-08-07,9800000,9,1,1265,Box Office Predictions: August 5-7,https://toddmthatcher.com/2016/08/01/box-office-predictions-august-5-7/,2016-08-01,"6. Nine Lives
Predicted Gross: $9.8 million",normalized_exact,Multiple movies share the title
weekly_forecast_matched_as_release_date_not_activity_window,1449,weekly_ranked_predictions,ambiguous,Bad Moms,2016-07-29,2016-07-31,26000000,14,1,1263,Box Office Predictions: July 29-31,https://toddmthatcher.com/2016/07/25/box-office-predictions-july-29-31/,2016-07-25,"3. Bad Moms
Predicted Gross: $26 million",normalized_exact,Multiple movies share the title
weekly_forecast_matched_as_release_date_not_activity_window,1452,weekly_ranked_predictions,ambiguous,Nerve,2016-07-29,2016-07-31,10800000,10,1,1263,Box Office Predictions: July 29-31,https://toddmthatcher.com/2016/07/25/box-office-predictions-july-29-31/,2016-07-25,"6. Nerve
Predicted Gross: $10.8 million (Friday to Sunday), $16.3 million (Wednesday to Sunday)",normalized_exact,Multiple movies share the title
weekly_forecast_matched_as_release_date_not_activity_window,1378,weekly_ranked_predictions,unmatched,The Jungle Book,2016-05-20,2016-05-22,10900000,2,1,1185,Box Office Predictions: May 20-22,https://toddmthatcher.com/2016/05/16/box-office-predictions-may-20-22/,2016-05-16,"5. The Jungle Book
Predicted Gross: $10.9 million (representing a drop of 36%)",normalized_exact,No movie title matched
weekly_forecast_matched_as_release_date_not_activity_window,1368,weekly_ranked_predictions,unmatched,The Jungle Book,2016-05-13,2016-05-15,18600000,2,1,1177,Box Office Predictions: May 13-15,https://toddmthatcher.com/2016/05/09/box-office-predictions-may-13-15/,2016-05-09,"2. The Jungle Book
Predicted Gross: $18.6 million (representing a drop of 24%)",normalized_exact,No movie title matched
weekly_forecast_matched_as_release_date_not_activity_window,1361,weekly_ranked_predictions,unmatched,The Jungle Book,2016-05-06,2016-05-08,23500000,2,1,1171,Box Office Predictions: May 6-8,https://toddmthatcher.com/2016/05/02/box-office-predictions-may-6-8/,2016-05-02,"2. The Jungle Book
Predicted Gross: $23.5 million (representing a drop of 46%)",normalized_exact,No movie title matched
weekly_forecast_matched_as_release_date_not_activity_window,1346,weekly_ranked_predictions,unmatched,Criminal,2016-04-15,2016-04-17,9300000,2,1,1155,Box Office Predictions: April 15-17,https://toddmthatcher.com/2016/04/11/box-office-predictions-april-15-17/,2016-04-11,"5. Criminal
Predicted Gross: $9.3 million",normalized_exact,No movie title matched
weekly_forecast_matched_as_release_date_not_activity_window,1287,weekly_ranked_predictions,unmatched,Race,2016-02-19,2016-02-21,10600000,2,1,1095,Box Office Predictions: February 19-21,https://toddmthatcher.com/2016/02/16/box-office-predictions-february-19-21/,2016-02-16,"4. Race
Predicted Gross: $10.6 million",normalized_exact,No movie title matched
weekly_forecast_matched_as_release_date_not_activity_window,1273,weekly_ranked_predictions,unmatched,The Revenant,2016-02-05,2016-02-07,8300000,8,1,1079,Box Office Predictions: February 5-7,https://toddmthatcher.com/2016/02/01/box-office-predictions-february-5-7/,2016-02-02,"4. The Revenant
Predicted Gross: $8.3 million (representing a drop of 36%)",normalized_exact,No movie title matched
weekly_forecast_matched_as_release_date_not_activity_window,1266,weekly_ranked_predictions,unmatched,The Revenant,2016-01-29,2016-01-31,9800000,8,1,1071,Box Office Predictions: January 29-31,https://toddmthatcher.com/2016/01/25/box-office-predictions-january-29-31/,2016-01-25,"4. The Revenant
Predicted Gross: $9.8 million (representing a drop of 39%)",normalized_exact,No movie title matched
weekly_forecast_matched_as_release_date_not_activity_window,1257,weekly_ranked_predictions,ambiguous,Dirty Grandpa,2016-01-22,2016-01-24,14600000,3,1,1061,Box Office Predictions: January 22-24,https://toddmthatcher.com/2016/01/19/box-office-predictions-january-22-24/,2016-01-20,"4. Dirty Grandpa
Predicted Gross: $14.6 million",normalized_exact,Multiple movies share the title
weekly_forecast_matched_as_release_date_not_activity_window,1255,weekly_ranked_predictions,ambiguous,Ride Along 2,2016-01-22,2016-01-24,16800000,4,1,1061,Box Office Predictions: January 22-24,https://toddmthatcher.com/2016/01/19/box-office-predictions-january-22-24/,2016-01-20,"2. Ride Along 2
Predicted Gross: $16.8 million (representing a drop of 52%)",normalized_exact,Multiple movies share the title
weekly_forecast_matched_as_release_date_not_activity_window,1259,weekly_ranked_predictions,ambiguous,The 5th Wave,2016-01-22,2016-01-24,11400000,3,1,1061,Box Office Predictions: January 22-24,https://toddmthatcher.com/2016/01/19/box-office-predictions-january-22-24/,2016-01-20,"6. The 5th Wave
Predicted Gross: $11.4 million",normalized_exact,Multiple movies share the title
weekly_forecast_matched_as_release_date_not_activity_window,1258,weekly_ranked_predictions,ambiguous,The Boy,2016-01-22,2016-01-24,12100000,3,1,1061,Box Office Predictions: January 22-24,https://toddmthatcher.com/2016/01/19/box-office-predictions-january-22-24/,2016-01-20,"5. The Boy
Predicted Gross: $12.1 million",normalized_exact,Multiple movies share the title
weekly_forecast_matched_as_release_date_not_activity_window,1248,weekly_ranked_predictions,ambiguous,13 Hours: The Secret Soldiers of Benghazi,2016-01-15,2016-01-17,29300000,3,1,1053,Box Office Predictions: January 15-17,https://toddmthatcher.com/2016/01/11/box-office-predictions-january-15-17/,2016-01-11,"2. 13 Hours: The Secret Soldiers of Benghazi
Predicted Gross: $29.3 million",normalized_exact,Multiple movies share the title
weekly_forecast_matched_as_release_date_not_activity_window,1251,weekly_ranked_predictions,unmatched,Norm of the North,2016-01-15,2016-01-17,9300000,1,1,1053,Box Office Predictions: January 15-17,https://toddmthatcher.com/2016/01/11/box-office-predictions-january-15-17/,2016-01-11,"5. Norm of the North
Predicted Gross: $9.3 million",normalized_exact,No movie title matched
weekly_forecast_matched_as_release_date_not_activity_window,1250,weekly_ranked_predictions,unmatched,The Revenant,2016-01-15,2016-01-17,21400000,8,1,1053,Box Office Predictions: January 15-17,https://toddmthatcher.com/2016/01/11/box-office-predictions-january-15-17/,2016-01-11,"4. The Revenant
Predicted Gross: $21.4 million (representing a drop of 46%)",normalized_exact,No movie title matched
weekly_forecast_matched_as_release_date_not_activity_window,1241,weekly_ranked_predictions,unmatched,The Revenant,2016-01-08,2016-01-10,33200000,8,1,1045,Box Office Predictions: January 8-10,https://toddmthatcher.com/2016/01/04/box-office-predictions-january-8-10/,2016-01-04,"2. The Revenant
Predicted Gross: $33.2 million",normalized_exact,No movie title matched
weekly_forecast_matched_as_release_date_not_activity_window,1234,weekly_ranked_predictions,unmatched,Concussion,2015-01-01,2015-01-03,8600000,2,1,1037,Box Office Predictions: January 1-3,https://toddmthatcher.com/2015/12/29/box-office-predictions-january-1-3/,2015-12-29,"7. Concussion
Predicted Gross: $8.6 million (representing a drop of 22%)",normalized_exact,No movie title matched
weekly_forecast_matched_as_release_date_not_activity_window,1236,weekly_ranked_predictions,unmatched,Point Break,2015-01-01,2015-01-03,5400000,2,1,1037,Box Office Predictions: January 1-3,https://toddmthatcher.com/2015/12/29/box-office-predictions-january-1-3/,2015-12-29,"9. Point Break
Predicted Gross: $5.4 million (representing a drop of 47%)",normalized_exact,No movie title matched
weekly_forecast_matched_as_release_date_not_activity_window,1235,weekly_ranked_predictions,ambiguous,The Big Short,2015-01-01,2015-01-03,7800000,3,1,1037,Box Office Predictions: January 1-3,https://toddmthatcher.com/2015/12/29/box-office-predictions-january-1-3/,2015-12-29,"8. The Big Short
Predicted Gross: $7.8 million (representing a drop of 26%)",normalized_exact,Multiple movies share the title
weekly_forecast_matched_as_release_date_not_activity_window,1237,weekly_ranked_predictions,ambiguous,The Hunger Games: Mockingjay Part 2,2015-01-01,2015-01-03,3600000,4,1,1037,Box Office Predictions: January 1-3,https://toddmthatcher.com/2015/12/29/box-office-predictions-january-1-3/,2015-12-29,"10. The Hunger Games: Mockingjay Part 2
Predicted Gross: $3.6 million (representing a drop of 30%)",normalized_exact,Multiple movies share the title
weekly_forecast_matched_as_release_date_not_activity_window,1221,weekly_ranked_predictions,unmatched,Concussion,2015-12-25,2015-12-27,13800000,2,1,1033,Box Office Predictions: December 25-27,https://toddmthatcher.com/2015/12/21/box-office-predictions-december-25-27/,2015-12-21,"5. Concussion
Predicted Gross: $13.8 million",normalized_exact,No movie title matched
weekly_forecast_matched_as_release_date_not_activity_window,1226,weekly_ranked_predictions,ambiguous,Creed,2015-12-25,2015-12-27,5800000,4,1,1033,Box Office Predictions: December 25-27,https://toddmthatcher.com/2015/12/21/box-office-predictions-december-25-27/,2015-12-21,"10. Creed
Predicted Gross: $5.8 million (representing an increase of 14%)",normalized_exact,Multiple movies share the title
weekly_forecast_matched_as_release_date_not_activity_window,1222,weekly_ranked_predictions,unmatched,Point Break,2015-12-25,2015-12-27,11000000,2,1,1033,Box Office Predictions: December 25-27,https://toddmthatcher.com/2015/12/21/box-office-predictions-december-25-27/,2015-12-21,"6. Point Break
Predicted Gross: $11 million",normalized_exact,No movie title matched
weekly_forecast_matched_as_release_date_not_activity_window,1224,weekly_ranked_predictions,ambiguous,The Big Short,2015-12-25,2015-12-27,8100000,3,1,1033,Box Office Predictions: December 25-27,https://toddmthatcher.com/2015/12/21/box-office-predictions-december-25-27/,2015-12-21,"8. The Big Short
Predicted Gross: $8.1 million (Friday to Sunday prediction), $10.6 million (Wednesday to Sunday prediction)",normalized_exact,Multiple movies share the title
weekly_forecast_matched_as_release_date_not_activity_window,1227,weekly_ranked_predictions,ambiguous,The Good Dinosaur,2015-12-25,2015-12-27,4900000,4,1,1033,Box Office Predictions: December 25-27,https://toddmthatcher.com/2015/12/21/box-office-predictions-december-25-27/,2015-12-21,"11. The Good Dinosaur
Predicted Gross: $4.9 million (representing an increase of 14%)",normalized_exact,Multiple movies share the title
weekly_forecast_matched_as_release_date_not_activity_window,1225,weekly_ranked_predictions,ambiguous,The Hunger Games: Mockingjay Part 2,2015-12-25,2015-12-27,6500000,4,1,1033,Box Office Predictions: December 25-27,https://toddmthatcher.com/2015/12/21/box-office-predictions-december-25-27/,2015-12-21,"9. The Hunger Games: Mockingjay Part 2
Predicted Gross: $6.5 million (representing an increase of 11%)",normalized_exact,Multiple movies share the title
weekly_forecast_matched_as_release_date_not_activity_window,1210,weekly_ranked_predictions,ambiguous,Creed,2015-12-18,2015-12-20,6300000,4,1,1019,Box Office Predictions: December 18-20,https://toddmthatcher.com/2015/12/14/box-office-predictions-december-18-20/,2015-12-14,"6. Creed
Predicted Gross: $6.3 million (representing a drop of 37%)",normalized_exact,Multiple movies share the title
weekly_forecast_matched_as_release_date_not_activity_window,1209,weekly_ranked_predictions,ambiguous,The Good Dinosaur,2015-12-18,2015-12-20,6800000,4,1,1019,Box Office Predictions: December 18-20,https://toddmthatcher.com/2015/12/14/box-office-predictions-december-18-20/,2015-12-14,"5. The Good Dinosaur
Predicted Gross: $6.8 million (representing a drop of 36%)",normalized_exact,Multiple movies share the title
weekly_forecast_matched_as_release_date_not_activity_window,1208,weekly_ranked_predictions,ambiguous,The Hunger Games: Mockingjay Part 2,2015-12-18,2015-12-20,7000000,4,1,1019,Box Office Predictions: December 18-20,https://toddmthatcher.com/2015/12/14/box-office-predictions-december-18-20/,2015-12-14,"4. The Hunger Games: Mockingjay Part 2
Predicted Gross: $7 million (representing a drop of 38%)",normalized_exact,Multiple movies share the title
weekly_forecast_matched_as_release_date_not_activity_window,1202,weekly_ranked_predictions,ambiguous,Creed,2015-12-11,2015-12-13,9100000,4,1,1013,Box Office Predictions: December 11-13,https://toddmthatcher.com/2015/12/07/box-office-predictions-december-11-13/,2015-12-07,"4. Creed
Predicted Gross: $9.1 million (representing a drop of 39%)",normalized_exact,Multiple movies share the title
weekly_forecast_matched_as_release_date_not_activity_window,1201,weekly_ranked_predictions,ambiguous,The Good Dinosaur,2015-12-11,2015-12-13,9400000,4,1,1013,Box Office Predictions: December 11-13,https://toddmthatcher.com/2015/12/07/box-office-predictions-december-11-13/,2015-12-07,"3. The Good Dinosaur
Predicted Gross: $9.4 million (representing a drop of 39%)",normalized_exact,Multiple movies share the title
weekly_forecast_matched_as_release_date_not_activity_window,1200,weekly_ranked_predictions,ambiguous,The Hunger Games: Mockingjay Part 2,2015-12-11,2015-12-13,10500000,4,1,1013,Box Office Predictions: December 11-13,https://toddmthatcher.com/2015/12/07/box-office-predictions-december-11-13/,2015-12-07,"2. The Hunger Games: Mockingjay Part 2
Predicted Gross: $10.5 million (representing a drop of 44%)",normalized_exact,Multiple movies share the title
weekly_forecast_matched_as_release_date_not_activity_window,1196,weekly_ranked_predictions,ambiguous,Creed,2015-12-04,2015-12-06,16400000,4,1,1009,Box Office Predictions: December 4-6,https://toddmthatcher.com/2015/11/30/box-office-predictions-december-4-6/,2015-12-01,"3. Creed
Predicted Gross: $16.4 million (representing a drop of 44%)",normalized_exact,Multiple movies share the title
weekly_forecast_matched_as_release_date_not_activity_window,1195,weekly_ranked_predictions,ambiguous,The Hunger Games: Mockingjay – Part 2,2015-12-04,2015-12-06,18500000,4,1,1009,Box Office Predictions: December 4-6,https://toddmthatcher.com/2015/11/30/box-office-predictions-december-4-6/,2015-12-01,"2. The Hunger Games: Mockingjay – Part 2
Predicted Gross: $18.5 million (representing a drop of 64%)",normalized_exact,Multiple movies share the title
weekly_forecast_matched_as_release_date_not_activity_window,1182,weekly_ranked_predictions,unmatched,Love the Coopers,2015-11-20,2015-11-22,5400000,1,1,995,Box Office Predictions: November 20-22,https://toddmthatcher.com/2015/11/16/box-office-predictions-november-20-22/,2015-11-16,"5. Love the Coopers
Predicted Gross: $5.4 million (representing a drop of 35%)",normalized_exact,No movie title matched
weekly_forecast_matched_as_release_date_not_activity_window,1183,weekly_ranked_predictions,unmatched,Secret in Their Eyes,2015-11-20,2015-11-22,5100000,1,1,995,Box Office Predictions: November 20-22,https://toddmthatcher.com/2015/11/16/box-office-predictions-november-20-22/,2015-11-16,"6. Secret in Their Eyes
Predicted Gross: $5.1 million",normalized_exact,No movie title matched
weekly_forecast_matched_as_release_date_not_activity_window,1181,weekly_ranked_predictions,unmatched,The Peanuts Movie,2015-11-20,2015-11-22,14100000,1,1,995,Box Office Predictions: November 20-22,https://toddmthatcher.com/2015/11/16/box-office-predictions-november-20-22/,2015-11-16,"4. The Peanuts Movie
Predicted Gross: $14.1 million (representing a drop of 41%)",normalized_exact,No movie title matched
weekly_forecast_matched_as_release_date_not_activity_window,1173,weekly_ranked_predictions,unmatched,Love the Coopers,2015-11-13,2015-11-15,11300000,1,1,987,Box Office Predictions: November 13-15,https://toddmthatcher.com/2015/11/09/box-office-predictions-november-13-15/,2015-11-09,"3. Love the Coopers
Predicted Gross: $11.3 million",normalized_exact,No movie title matched
weekly_forecast_matched_as_release_date_not_activity_window,1174,weekly_ranked_predictions,unmatched,The 33,2015-11-13,2015-11-15,10000000,1,1,987,Box Office Predictions: November 13-15,https://toddmthatcher.com/2015/11/09/box-office-predictions-november-13-15/,2015-11-09,"4. The 33
Predicted Gross: $10 million",normalized_exact,No movie title matched
weekly_forecast_matched_as_release_date_not_activity_window,1175,weekly_ranked_predictions,unmatched,The Martian,2015-11-13,2015-11-15,6700000,1,1,987,Box Office Predictions: November 13-15,https://toddmthatcher.com/2015/11/09/box-office-predictions-november-13-15/,2015-11-09,"5. The Martian
Predicted Gross: $6.7 million (representing a drop of 25%)",normalized_exact,No movie title matched
weekly_forecast_matched_as_release_date_not_activity_window,1172,weekly_ranked_predictions,unmatched,The Peanuts Movie,2015-11-13,2015-11-15,28900000,1,1,987,Box Office Predictions: November 13-15,https://toddmthatcher.com/2015/11/09/box-office-predictions-november-13-15/,2015-11-09,"2. The Peanuts Movie
Predicted Gross: $28.9 million (representing a drop of 35%)",normalized_exact,No movie title matched
weekly_forecast_matched_as_release_date_not_activity_window,1168,weekly_ranked_predictions,unmatched,Bridge of Spies,2015-11-06,2015-11-08,5800000,1,1,979,Box Office Predictions: November 6-8,https://toddmthatcher.com/2015/11/02/box-office-predictions-november-6-8/,2015-11-03,"5. Bridge of Spies
Predicted Gross: $5.8 million (representing a drop of 31%)",normalized_exact,No movie title matched
weekly_forecast_matched_as_release_date_not_activity_window,1167,weekly_ranked_predictions,unmatched,Goosebumps,2015-11-06,2015-11-08,6000000,1,1,979,Box Office Predictions: November 6-8,https://toddmthatcher.com/2015/11/02/box-office-predictions-november-6-8/,2015-11-03,"4. Goosebumps
Predicted Gross: $6 million (representing a drop of 39%)",normalized_exact,No movie title matched
weekly_forecast_matched_as_release_date_not_activity_window,1166,weekly_ranked_predictions,unmatched,The Martian,2015-11-06,2015-11-08,7700000,1,1,979,Box Office Predictions: November 6-8,https://toddmthatcher.com/2015/11/02/box-office-predictions-november-6-8/,2015-11-03,"3. The Martian
Predicted Gross: $7.7 million (representing a drop of 34%)",normalized_exact,No movie title matched
weekly_forecast_matched_as_release_date_not_activity_window,1165,weekly_ranked_predictions,unmatched,The Peanuts Movie,2015-11-06,2015-11-08,43400000,1,1,979,Box Office Predictions: November 6-8,https://toddmthatcher.com/2015/11/02/box-office-predictions-november-6-8/,2015-11-03,"2. The Peanuts Movie
Predicted Gross: $43.4 million",normalized_exact,No movie title matched
weekly_forecast_matched_as_release_date_not_activity_window,1160,weekly_ranked_predictions,unmatched,Bridge of Spies,2015-10-30,2015-11-01,8100000,1,1,971,Box Office Predictions: October 30-November 1,https://toddmthatcher.com/2015/10/26/box-office-predictions-october-30-november-1/,2015-10-26,"4. Bridge of Spies
Predicted Gross: $8.1 million (representing a drop of 29%)",normalized_exact,No movie title matched
weekly_forecast_matched_as_release_date_not_activity_window,1159,weekly_ranked_predictions,unmatched,Burnt,2015-10-30,2015-11-01,8900000,1,1,971,Box Office Predictions: October 30-November 1,https://toddmthatcher.com/2015/10/26/box-office-predictions-october-30-november-1/,2015-10-26,"3. Burnt
Predicted Gross: $8.9 million",normalized_exact,No movie title matched
weekly_forecast_matched_as_release_date_not_activity_window,1161,weekly_ranked_predictions,unmatched,Our Brand Is Crisis,2015-10-30,2015-11-01,7800000,1,1,971,Box Office Predictions: October 30-November 1,https://toddmthatcher.com/2015/10/26/box-office-predictions-october-30-november-1/,2015-10-26,"5. Our Brand Is Crisis
Predicted Gross: $7.8 million",normalized_exact,No movie title matched
weekly_forecast_matched_as_release_date_not_activity_window,1158,weekly_ranked_predictions,unmatched,The Martian,2015-10-30,2015-11-01,10800000,1,1,971,Box Office Predictions: October 30-November 1,https://toddmthatcher.com/2015/10/26/box-office-predictions-october-30-november-1/,2015-10-26,"2. The Martian
Predicted Gross: $10.8 million (representing a drop of 31%)",normalized_exact,No movie title matched
weekly_forecast_matched_as_release_date_not_activity_window,1149,weekly_ranked_predictions,unmatched,Bridge of Spies,2015-10-23,2015-10-25,11900000,1,1,963,Box Office Predictions: October 23-25,https://toddmthatcher.com/2015/10/19/box-office-predictions-october-23-25/,2015-10-19,"5. Bridge of Spies
Predicted Gross: $11.9 million (representing a drop of 22%)",normalized_exact,No movie title matched
weekly_forecast_matched_as_release_date_not_activity_window,1153,weekly_ranked_predictions,unmatched,Crimson Peak,2015-10-23,2015-10-25,6100000,1,1,963,Box Office Predictions: October 23-25,https://toddmthatcher.com/2015/10/19/box-office-predictions-october-23-25/,2015-10-19,"9. Crimson Peak
Predicted Gross: $6.1 million (representing a drop of 53%)",normalized_exact,No movie title matched
weekly_forecast_matched_as_release_date_not_activity_window,1146,weekly_ranked_predictions,unmatched,Goosebumps,2015-10-23,2015-10-25,17800000,1,1,963,Box Office Predictions: October 23-25,https://toddmthatcher.com/2015/10/19/box-office-predictions-october-23-25/,2015-10-19,"2. Goosebumps
Predicted Gross: $17.8 million (representing a drop of 25%)",normalized_exact,No movie title matched
weekly_forecast_matched_as_release_date_not_activity_window,1152,weekly_ranked_predictions,unmatched,Hotel Transylvania 2,2015-10-23,2015-10-25,7600000,1,1,963,Box Office Predictions: October 23-25,https://toddmthatcher.com/2015/10/19/box-office-predictions-october-23-25/,2015-10-19,"8. Hotel Transylvania 2
Predicted Gross: $7.6 million (representing a drop of 39%)",normalized_exact,No movie title matched
weekly_forecast_matched_as_release_date_not_activity_window,1154,weekly_ranked_predictions,unmatched,Jem and the Holograms,2015-10-23,2015-10-25,4100000,1,1,963,Box Office Predictions: October 23-25,https://toddmthatcher.com/2015/10/19/box-office-predictions-october-23-25/,2015-10-19,"10. Jem and the Holograms
Predicted Gross: $4.1 million",normalized_exact,No movie title matched
weekly_forecast_matched_as_release_date_not_activity_window,1150,weekly_ranked_predictions,unmatched,Paranormal Activity: The Ghost Dimension,2015-10-23,2015-10-25,9700000,1,1,963,Box Office Predictions: October 23-25,https://toddmthatcher.com/2015/10/19/box-office-predictions-october-23-25/,2015-10-19,"6. Paranormal Activity: The Ghost Dimension
Predicted Gross: $9.7 million",normalized_exact,No movie title matched
weekly_forecast_matched_as_release_date_not_activity_window,1151,weekly_ranked_predictions,unmatched,Rock the Kasbah,2015-10-23,2015-10-25,7800000,1,1,963,Box Office Predictions: October 23-25,https://toddmthatcher.com/2015/10/19/box-office-predictions-october-23-25/,2015-10-19,"7. Rock the Kasbah
Predicted Gross: $7.8 million",normalized_exact,No movie title matched
weekly_forecast_matched_as_release_date_not_activity_window,1147,weekly_ranked_predictions,unmatched,The Last Witch Hunter,2015-10-23,2015-10-25,15800000,1,1,963,Box Office Predictions: October 23-25,https://toddmthatcher.com/2015/10/19/box-office-predictions-october-23-25/,2015-10-19,"3. The Last Witch Hunter
Predicted Gross: $15.8 million",normalized_exact,No movie title matched
weekly_forecast_matched_as_release_date_not_activity_window,1148,weekly_ranked_predictions,unmatched,The Martian,2015-10-23,2015-10-25,12500000,1,1,963,Box Office Predictions: October 23-25,https://toddmthatcher.com/2015/10/19/box-office-predictions-october-23-25/,2015-10-19,"4. The Martian
Predicted Gross: $12.5 million (representing a drop of 41%)",normalized_exact,No movie title matched
weekly_forecast_matched_as_release_date_not_activity_window,1135,weekly_ranked_predictions,unmatched,Bridge of Spies,2015-10-16,2015-10-18,21200000,1,1,949,Box Office Predictions: October 16-18,https://toddmthatcher.com/2015/10/12/box-office-predictions-october-16-18/,2015-10-12,"2. Bridge of Spies
Predicted Gross: $21.2 million",normalized_exact,No movie title matched
weekly_forecast_matched_as_release_date_not_activity_window,1138,weekly_ranked_predictions,unmatched,Crimson Peak,2015-10-16,2015-10-18,15800000,1,1,949,Box Office Predictions: October 16-18,https://toddmthatcher.com/2015/10/12/box-office-predictions-october-16-18/,2015-10-12,"5. Crimson Peak
Predicted Gross: $15.8 million",normalized_exact,No movie title matched
weekly_forecast_matched_as_release_date_not_activity_window,1136,weekly_ranked_predictions,unmatched,Goosebumps,2015-10-16,2015-10-18,19400000,1,1,949,Box Office Predictions: October 16-18,https://toddmthatcher.com/2015/10/12/box-office-predictions-october-16-18/,2015-10-12,"3. Goosebumps
Predicted Gross: $19.4 million",normalized_exact,No movie title matched
weekly_forecast_matched_as_release_date_not_activity_window,1137,weekly_ranked_predictions,unmatched,Hotel Transylvania 2,2015-10-16,2015-10-18,16000000,1,1,949,Box Office Predictions: October 16-18,https://toddmthatcher.com/2015/10/12/box-office-predictions-october-16-18/,2015-10-12,"4. Hotel Transylvania 2
Predicted Gross: $16 million (representing a drop of 31%)",normalized_exact,No movie title matched
weekly_forecast_matched_as_release_date_not_activity_window,1139,weekly_ranked_predictions,unmatched,Pan,2015-10-16,2015-10-18,6800000,1,1,949,Box Office Predictions: October 16-18,https://toddmthatcher.com/2015/10/12/box-office-predictions-october-16-18/,2015-10-12,"6. Pan
Predicted Gross: $6.8 million (representing a drop of 55%)",normalized_exact,No movie title matched
weekly_forecast_matched_as_release_date_not_activity_window,1127,weekly_ranked_predictions,unmatched,Hotel Transylvania 2,2015-10-09,2015-10-11,21700000,1,1,941,Box Office Predictions: October 9-11,https://toddmthatcher.com/2015/10/05/box-office-predictions-october-9-11/,2015-10-05,"2. Hotel Transylvania 2
Predicted Gross: $21.7 million (representing a drop of 34%)",normalized_exact,No movie title matched
weekly_forecast_matched_as_release_date_not_activity_window,1128,weekly_ranked_predictions,unmatched,Pan,2015-10-09,2015-10-11,17600000,1,1,941,Box Office Predictions: October 9-11,https://toddmthatcher.com/2015/10/05/box-office-predictions-october-9-11/,2015-10-05,"3. Pan
Predicted Gross: $17.6 milion",normalized_exact,No movie title matched
weekly_forecast_matched_as_release_date_not_activity_window,1131,weekly_ranked_predictions,unmatched,Sicario,2015-10-09,2015-10-11,6900000,1,1,941,Box Office Predictions: October 9-11,https://toddmthatcher.com/2015/10/05/box-office-predictions-october-9-11/,2015-10-05,"6. Sicario
Predicted Gross: $6.9 million (representing a drop of 43%)",normalized_exact,No movie title matched
weekly_forecast_matched_as_release_date_not_activity_window,1130,weekly_ranked_predictions,unmatched,The Intern,2015-10-09,2015-10-11,8000000,1,1,941,Box Office Predictions: October 9-11,https://toddmthatcher.com/2015/10/05/box-office-predictions-october-9-11/,2015-10-05,"5. The Intern
Predicted Gross: $8 million (representing a drop of 32%)",normalized_exact,No movie title matched
weekly_forecast_matched_as_release_date_not_activity_window,1129,weekly_ranked_predictions,unmatched,The Walk,2015-10-09,2015-10-11,11900000,1,1,941,Box Office Predictions: October 9-11,https://toddmthatcher.com/2015/10/05/box-office-predictions-october-9-11/,2015-10-05,"4. The Walk
Predicted Gross: $11.9 million",normalized_exact,No movie title matched
weekly_forecast_matched_as_release_date_not_activity_window,1124,weekly_ranked_predictions,unmatched,Everest,2015-10-02,2015-10-04,7700000,1,1,935,Box Office Predictions: October 2-4,https://toddmthatcher.com/2015/09/28/box-office-predictions-october-2-4/,2015-09-28,"6. Everest
Predicted Gross: $7.7 million (representing a drop of 42%)",normalized_exact,No movie title matched
weekly_forecast_matched_as_release_date_not_activity_window,1120,weekly_ranked_predictions,unmatched,Hotel Transylvania 2,2015-10-02,2015-10-04,26200000,1,1,935,Box Office Predictions: October 2-4,https://toddmthatcher.com/2015/09/28/box-office-predictions-october-2-4/,2015-09-28,"2. Hotel Transylvania 2
Predicted Gross: $26.2 million (representing a drop of 45%)",normalized_exact,No movie title matched
weekly_forecast_matched_as_release_date_not_activity_window,1123,weekly_ranked_predictions,unmatched,Maze Runner: The Scorch Trials,2015-10-02,2015-10-04,8200000,1,1,935,Box Office Predictions: October 2-4,https://toddmthatcher.com/2015/09/28/box-office-predictions-october-2-4/,2015-09-28,"5. Maze Runner: The Scorch Trials
Predicted Gross: $8.2 million (representing a drop of 44%)",normalized_exact,No movie title matched
weekly_forecast_matched_as_release_date_not_activity_window,1121,weekly_ranked_predictions,unmatched,Sicario,2015-10-02,2015-10-04,13000000,1,1,935,Box Office Predictions: October 2-4,https://toddmthatcher.com/2015/09/28/box-office-predictions-october-2-4/,2015-09-28,"3. Sicario
Predicted Gross: $13 million",normalized_exact,No movie title matched
weekly_forecast_matched_as_release_date_not_activity_window,1122,weekly_ranked_predictions,unmatched,The Intern,2015-10-02,2015-10-04,10500000,1,1,935,Box Office Predictions: October 2-4,https://toddmthatcher.com/2015/09/28/box-office-predictions-october-2-4/,2015-09-28,"4. The Intern
Predicted Gross: $10.5 million (representing a drop of 40%)",normalized_exact,No movie title matched
weekly_forecast_matched_as_release_date_not_activity_window,1117,weekly_ranked_predictions,unmatched,Black Mass,2015-09-25,2015-09-27,13500000,1,1,929,Box Office Predictions: September 25-27,https://toddmthatcher.com/2015/09/21/box-office-predictions-september-25-27/,2015-09-21,"5. Black Mass
Predicted Gross: $13.5 million (representing a drop of 41%)",normalized_exact,No movie title matched
weekly_forecast_matched_as_release_date_not_activity_window,1115,weekly_ranked_predictions,unmatched,Everest,2015-09-25,2015-09-27,17600000,1,1,929,Box Office Predictions: September 25-27,https://toddmthatcher.com/2015/09/21/box-office-predictions-september-25-27/,2015-09-21,"3. Everest
Predicted Gross: $17.6 million",normalized_exact,No movie title matched
weekly_forecast_matched_as_release_date_not_activity_window,1116,weekly_ranked_predictions,unmatched,Maze Runner: The Scorch Trials,2015-09-25,2015-09-27,16100000,1,1,929,Box Office Predictions: September 25-27,https://toddmthatcher.com/2015/09/21/box-office-predictions-september-25-27/,2015-09-21,"4. Maze Runner: The Scorch Trials
Predicted Gross: $16.1 million (representing a drop of 47%)",normalized_exact,No movie title matched
weekly_forecast_matched_as_release_date_not_activity_window,1114,weekly_ranked_predictions,unmatched,The Intern,2015-09-25,2015-09-27,19000000,1,1,929,Box Office Predictions: September 25-27,https://toddmthatcher.com/2015/09/21/box-office-predictions-september-25-27/,2015-09-21,"2. The Intern
Predicted Gross: $19 million",normalized_exact,No movie title matched
weekly_forecast_matched_as_release_date_not_activity_window,1106,weekly_ranked_predictions,unmatched,Black Mass,2015-09-18,2015-09-20,27900000,1,1,919,Box Office Predictions: September 18-20,https://toddmthatcher.com/2015/09/14/box-office-predictions-september-18-20/,2015-09-14,"2. Black Mass
Predicted Gross: $27.9 million",normalized_exact,No movie title matched
weekly_forecast_matched_as_release_date_not_activity_window,1109,weekly_ranked_predictions,unmatched,Everest,2015-09-18,2015-09-20,8600000,1,1,919,Box Office Predictions: September 18-20,https://toddmthatcher.com/2015/09/14/box-office-predictions-september-18-20/,2015-09-14,"5. Everest
Predicted Gross: $8.6 million",normalized_exact,No movie title matched
weekly_forecast_matched_as_release_date_not_activity_window,1107,weekly_ranked_predictions,unmatched,The Perfect Guy,2015-09-18,2015-09-20,10200000,1,1,919,Box Office Predictions: September 18-20,https://toddmthatcher.com/2015/09/14/box-office-predictions-september-18-20/,2015-09-14,"3. The Perfect Guy
Predicted Gross: $10.2 million (representing a drop of 60%)",normalized_exact,No movie title matched
weekly_forecast_matched_as_release_date_not_activity_window,1108,weekly_ranked_predictions,unmatched,The Visit,2015-09-18,2015-09-20,9700000,1,1,919,Box Office Predictions: September 18-20,https://toddmthatcher.com/2015/09/14/box-office-predictions-september-18-20/,2015-09-14,"4. The Visit
Predicted Gross: $9.7 million (representing a drop of 61%)",normalized_exact,No movie title matched
weekly_forecast_matched_as_release_date_not_activity_window,1100,weekly_ranked_predictions,unmatched,90 Minutes in Heaven,2015-09-11,2015-09-13,10500000,1,1,911,Box Office Predictions: September 11-13,https://toddmthatcher.com/2015/09/08/box-office-predictions-september-11-13/,2015-09-09,"3. 90 Minutes in Heaven
Predicted Gross: $10.5 million",normalized_exact,No movie title matched
weekly_forecast_matched_as_release_date_not_activity_window,1102,weekly_ranked_predictions,unmatched,A Walk in the Woods,2015-09-11,2015-09-13,7700000,1,1,911,Box Office Predictions: September 11-13,https://toddmthatcher.com/2015/09/08/box-office-predictions-september-11-13/,2015-09-09,"5. A Walk in the Woods
Predicted Gross: $7.7 million",normalized_exact,No movie title matched
weekly_forecast_matched_as_release_date_not_activity_window,1099,weekly_ranked_predictions,unmatched,The Visit,2015-09-11,2015-09-13,17000000,1,1,911,Box Office Predictions: September 11-13,https://toddmthatcher.com/2015/09/08/box-office-predictions-september-11-13/,2015-09-09,"2. The Visit
Predicted Gross: $17 million",normalized_exact,No movie title matched
weekly_forecast_matched_as_release_date_not_activity_window,1101,weekly_ranked_predictions,unmatched,War Room,2015-09-11,2015-09-13,8900000,1,1,911,Box Office Predictions: September 11-13,https://toddmthatcher.com/2015/09/08/box-office-predictions-september-11-13/,2015-09-09,"4. War Room
Predicted Gross: $8.9 million (representing a drop of 33%)",normalized_exact,No movie title matched
weekly_forecast_matched_as_release_date_not_activity_window,1095,weekly_ranked_predictions,unmatched,A Walk in the Woods,2015-09-04,2015-09-07,4300000,1,1,903,Box Office Predictions: September 4-7,https://toddmthatcher.com/2015/08/31/box-office-predictions-september-4-7/,2015-08-31,"6. A Walk in the Woods
Predicted Gross: $4.3 million (Friday to Monday), $5.8 million (Wednesday to Monday)",normalized_exact,No movie title matched
weekly_forecast_matched_as_release_date_not_activity_window,1092,weekly_ranked_predictions,unmatched,Mission: Impossible – Rogue Nation,2015-09-04,2015-09-07,9900000,1,1,903,Box Office Predictions: September 4-7,https://toddmthatcher.com/2015/08/31/box-office-predictions-september-4-7/,2015-08-31,"3. Mission: Impossible – Rogue Nation
Predicted Gross: $9.9 million (representing an increase of 23%)",normalized_exact,No movie title matched
weekly_forecast_matched_as_release_date_not_activity_window,1091,weekly_ranked_predictions,unmatched,The Transporter: Refueled,2015-09-04,2015-09-07,10200000,1,1,903,Box Office Predictions: September 4-7,https://toddmthatcher.com/2015/08/31/box-office-predictions-september-4-7/,2015-08-31,"2. The Transporter: Refueled
Predicted Gross: $10.2 million",normalized_exact,No movie title matched
weekly_forecast_matched_as_release_date_not_activity_window,1093,weekly_ranked_predictions,unmatched,War Room,2015-09-04,2015-09-07,7700000,1,1,903,Box Office Predictions: September 4-7,https://toddmthatcher.com/2015/08/31/box-office-predictions-september-4-7/,2015-08-31,"4. War Room
Predicted Gross: $7.7 million (representing a drop of 31%)",normalized_exact,No movie title matched
weekly_forecast_matched_as_release_date_not_activity_window,1085,weekly_ranked_predictions,unmatched,Mission: Impossible – Rogue Nation,2015-08-28,2015-08-30,7400000,1,1,895,Box Office Predictions: August 28-30,https://toddmthatcher.com/2015/08/24/box-office-predictions-august-28-30/,2015-08-24,"3. Mission: Impossible – Rogue Nation
Predicted Gross: $7.4 million (representing a drop of 37%)",normalized_exact,No movie title matched
weekly_forecast_matched_as_release_date_not_activity_window,1086,weekly_ranked_predictions,unmatched,War Room,2015-08-28,2015-08-30,5700000,1,1,895,Box Office Predictions: August 28-30,https://toddmthatcher.com/2015/08/24/box-office-predictions-august-28-30/,2015-08-24,"4. War Room
Predicted Gross: $5.7 million",normalized_exact,No movie title matched
weekly_forecast_matched_as_release_date_not_activity_window,1084,weekly_ranked_predictions,unmatched,We Are Your Friends,2015-08-28,2015-08-30,10900000,1,1,895,Box Office Predictions: August 28-30,https://toddmthatcher.com/2015/08/24/box-office-predictions-august-28-30/,2015-08-24,"2. We Are Your Friends
Predicted Gross: $10.9 million",normalized_exact,No movie title matched
weekly_forecast_matched_as_release_date_not_activity_window,1079,weekly_ranked_predictions,unmatched,American Ultra,2015-08-21,2015-08-23,9800000,1,1,889,Box Office Predictions: August 21-23,https://toddmthatcher.com/2015/08/17/box-office-predictions-august-21-23/,2015-08-17,"4. American Ultra
Predicted Gross: $9.8 million",normalized_exact,No movie title matched
weekly_forecast_matched_as_release_date_not_activity_window,1081,weekly_ranked_predictions,unmatched,Hitman: Agent 47,2015-08-21,2015-08-23,6000000,1,1,889,Box Office Predictions: August 21-23,https://toddmthatcher.com/2015/08/17/box-office-predictions-august-21-23/,2015-08-17,"6. Hitman: Agent 47
Predicted Gross: $6 million",normalized_exact,No movie title matched
weekly_forecast_matched_as_release_date_not_activity_window,1078,weekly_ranked_predictions,unmatched,Mission: Impossible – Rogue Nation,2015-08-21,2015-08-23,10400000,1,1,889,Box Office Predictions: August 21-23,https://toddmthatcher.com/2015/08/17/box-office-predictions-august-21-23/,2015-08-17,"3. Mission: Impossible – Rogue Nation
Predicted Gross: $10.4 million (representing a drop of 41%)",normalized_exact,No movie title matched
weekly_forecast_matched_as_release_date_not_activity_window,1077,weekly_ranked_predictions,unmatched,Sinister 2,2015-08-21,2015-08-23,16200000,1,1,889,Box Office Predictions: August 21-23,https://toddmthatcher.com/2015/08/17/box-office-predictions-august-21-23/,2015-08-17,"2. Sinister 2
Predicted Gross: $16.2 million",normalized_exact,No movie title matched
weekly_forecast_matched_as_release_date_not_activity_window,1072,weekly_ranked_predictions,unmatched,Fantastic Four,2015-08-14,2015-08-16,11100000,1,1,881,Box Office Predictions: August 14-16,https://toddmthatcher.com/2015/08/10/box-office-predictions-august-14-16/,2015-08-10,"4. Fantastic Four
Predicted Gross: $11.1 million (representing a drop of 56%)",normalized_exact,No movie title matched
weekly_forecast_matched_as_release_date_not_activity_window,1071,weekly_ranked_predictions,unmatched,Mission: Impossible – Rogue Nation,2015-08-14,2015-08-16,14900000,1,1,881,Box Office Predictions: August 14-16,https://toddmthatcher.com/2015/08/10/box-office-predictions-august-14-16/,2015-08-10,"3. Mission: Impossible – Rogue Nation
Predicted Gross: $14.9 million (representing a drop of 47%)",normalized_exact,No movie title matched
weekly_forecast_matched_as_release_date_not_activity_window,1073,weekly_ranked_predictions,unmatched,The Gift,2015-08-14,2015-08-16,6300000,1,1,881,Box Office Predictions: August 14-16,https://toddmthatcher.com/2015/08/10/box-office-predictions-august-14-16/,2015-08-10,"5. The Gift
Predicted Gross: $6.3 million (representing a drop of 46%)",normalized_exact,No movie title matched
weekly_forecast_matched_as_release_date_not_activity_window,1063,weekly_ranked_predictions,unmatched,Fantastic Four,2015-08-07,2015-08-09,47700000,1,1,875,Box Office Predictions: August 7-9,https://toddmthatcher.com/2015/08/03/box-office-predictions-august-7-9/,2015-08-03,"1. Fantastic Four
Predicted Gross: $47.7 million",normalized_exact,No movie title matched
weekly_forecast_matched_as_release_date_not_activity_window,1064,weekly_ranked_predictions,unmatched,Mission: Impossible – Rogue Nation,2015-08-07,2015-08-09,28100000,1,1,875,Box Office Predictions: August 7-9,https://toddmthatcher.com/2015/08/03/box-office-predictions-august-7-9/,2015-08-03,"2. Mission: Impossible – Rogue Nation
Predicted Gross: $28.1 million (representing a drop of 49%)",normalized_exact,No movie title matched
weekly_forecast_matched_as_release_date_not_activity_window,1066,weekly_ranked_predictions,unmatched,Ricki and the Flash,2015-08-07,2015-08-09,11400000,1,1,875,Box Office Predictions: August 7-9,https://toddmthatcher.com/2015/08/03/box-office-predictions-august-7-9/,2015-08-03,"4. Ricki and the Flash
Predicted Gross: $11.4 million",normalized_exact,No movie title matched
weekly_forecast_matched_as_release_date_not_activity_window,1065,weekly_ranked_predictions,unmatched,The Gift,2015-08-07,2015-08-09,16800000,1,1,875,Box Office Predictions: August 7-9,https://toddmthatcher.com/2015/08/03/box-office-predictions-august-7-9/,2015-08-03,"3. The Gift
Predicted Gross: $16.8 million",normalized_exact,No movie title matched
weekly_forecast_matched_as_release_date_not_activity_window,1055,weekly_ranked_predictions,unmatched,Ant-Man,2015-07-31,2015-08-02,11400000,1,1,865,Box Office Predictions: July 31-August 2,https://toddmthatcher.com/2015/07/27/box-office-predictions-july-31-august-2/,2015-07-27,"4. Ant-Man
Predicted Gross: $11.4 million (representing a drop of 54%)",normalized_exact,No movie title matched
weekly_forecast_matched_as_release_date_not_activity_window,1052,weekly_ranked_predictions,unmatched,Mission: Impossible – Rogue Nation,2015-07-31,2015-08-02,52300000,1,1,865,Box Office Predictions: July 31-August 2,https://toddmthatcher.com/2015/07/27/box-office-predictions-july-31-august-2/,2015-07-27,"1. Mission: Impossible – Rogue Nation
Predicted Gross: $52.3 million",normalized_exact,No movie title matched
weekly_forecast_matched_as_release_date_not_activity_window,1056,weekly_ranked_predictions,unmatched,Pixels,2015-07-31,2015-08-02,10300000,1,1,865,Box Office Predictions: July 31-August 2,https://toddmthatcher.com/2015/07/27/box-office-predictions-july-31-august-2/,2015-07-27,"5. Pixels
Predicted Gross: $10.3 million (representing a drop of 56%)",normalized_exact,No movie title matched
weekly_forecast_matched_as_release_date_not_activity_window,1058,weekly_ranked_predictions,unmatched,Southpaw,2015-07-31,2015-08-02,9500000,1,1,865,Box Office Predictions: July 31-August 2,https://toddmthatcher.com/2015/07/27/box-office-predictions-july-31-august-2/,2015-07-27,"7. Southpaw
Predicted Gross: $9.5 million (representing a drop of 43%)",normalized_exact,No movie title matched
weekly_forecast_matched_as_release_date_not_activity_window,1057,weekly_ranked_predictions,unmatched,Trainwreck,2015-07-31,2015-08-02,10200000,1,1,865,Box Office Predictions: July 31-August 2,https://toddmthatcher.com/2015/07/27/box-office-predictions-july-31-august-2/,2015-07-27,"6. Trainwreck
Predicted Gross: $10.2 million (representing a drop of 41%)",normalized_exact,No movie title matched
weekly_forecast_matched_as_release_date_not_activity_window,1053,weekly_ranked_predictions,unmatched,Vacation,2015-07-31,2015-08-02,17100000,1,1,865,Box Office Predictions: July 31-August 2,https://toddmthatcher.com/2015/07/27/box-office-predictions-july-31-august-2/,2015-07-27,"2. Vacation
Predicted Gross: $17.1 million (Friday to Sunday), $24.7 million (Wednesday to Sunday)",normalized_exact,No movie title matched
weekly_forecast_matched_as_release_date_not_activity_window,1046,weekly_ranked_predictions,unmatched,Ant-Man,2015-07-24,2015-07-26,25600000,1,1,859,Box Office Predictions: July 24-26,https://toddmthatcher.com/2015/07/20/box-office-predictions-july-24-26/,2015-07-20,"3. Ant-Man
Predicted Gross: $25.6 million (representing a drop of 55%)",normalized_exact,No movie title matched
weekly_forecast_matched_as_release_date_not_activity_window,1045,weekly_ranked_predictions,unmatched,Paper Towns,2015-07-24,2015-07-26,26800000,1,1,859,Box Office Predictions: July 24-26,https://toddmthatcher.com/2015/07/20/box-office-predictions-july-24-26/,2015-07-20,"2. Paper Towns
Predicted Gross: $26.8 million",normalized_exact,No movie title matched
weekly_forecast_matched_as_release_date_not_activity_window,1044,weekly_ranked_predictions,unmatched,Pixels,2015-07-24,2015-07-26,49000000,1,1,859,Box Office Predictions: July 24-26,https://toddmthatcher.com/2015/07/20/box-office-predictions-july-24-26/,2015-07-20,"1. Pixels
Predicted Gross: $49 million",normalized_exact,No movie title matched
weekly_forecast_matched_as_release_date_not_activity_window,1049,weekly_ranked_predictions,unmatched,Southpaw,2015-07-24,2015-07-26,12900000,1,1,859,Box Office Predictions: July 24-26,https://toddmthatcher.com/2015/07/20/box-office-predictions-july-24-26/,2015-07-20,"6. Southpaw
Predicted Gross: $12.9 milion",normalized_exact,No movie title matched
weekly_forecast_matched_as_release_date_not_activity_window,1048,weekly_ranked_predictions,unmatched,Trainwreck,2015-07-24,2015-07-26,18700000,1,1,859,Box Office Predictions: July 24-26,https://toddmthatcher.com/2015/07/20/box-office-predictions-july-24-26/,2015-07-20,"5. Trainwreck
Predicted Gross: $18.7 million (representing a drop of 37%)",normalized_exact,No movie title matched
weekly_forecast_matched_as_release_date_not_activity_window,1036,weekly_ranked_predictions,unmatched,Ant-Man,2015-07-17,2015-07-19,73300000,1,1,851,Box Office Predictions: July 17-19,https://toddmthatcher.com/2015/07/13/box-office-predictions-july-17-19/,2015-07-13,"1. Ant-Man
Predicted Gross: $73.3 million",normalized_exact,No movie title matched
weekly_forecast_matched_as_release_date_not_activity_window,1040,weekly_ranked_predictions,unmatched,Inside Out,2015-07-17,2015-07-19,10500000,1,1,851,Box Office Predictions: July 17-19,https://toddmthatcher.com/2015/07/13/box-office-predictions-july-17-19/,2015-07-13,"5. Inside Out
Predicted Gross: $10.5 million (representing a drop of 40%)",normalized_exact,No movie title matched
weekly_forecast_matched_as_release_date_not_activity_window,1039,weekly_ranked_predictions,unmatched,Jurassic World,2015-07-17,2015-07-19,11100000,1,1,851,Box Office Predictions: July 17-19,https://toddmthatcher.com/2015/07/13/box-office-predictions-july-17-19/,2015-07-13,"4. Jurassic World
Predicted Gross: $11.1 million (representing a drop of 39%)",normalized_exact,No movie title matched
weekly_forecast_matched_as_release_date_not_activity_window,1038,weekly_ranked_predictions,unmatched,Trainwreck,2015-07-17,2015-07-19,27800000,1,1,851,Box Office Predictions: July 17-19,https://toddmthatcher.com/2015/07/13/box-office-predictions-july-17-19/,2015-07-13,"3. Trainwreck
Predicted Gross: $27.8 million",normalized_exact,No movie title matched
weekly_forecast_matched_as_release_date_not_activity_window,1028,weekly_ranked_predictions,unmatched,Inside Out,2015-07-10,2015-07-12,17300000,1,1,845,Box Office Predictions: July 10-12,https://toddmthatcher.com/2015/07/06/box-office-predictions-july-10-12/,2015-07-06,"2. Inside Out
Predicted Gross: $17.3 million (representing a drop of 41%)",normalized_exact,No movie title matched
weekly_forecast_matched_as_release_date_not_activity_window,1029,weekly_ranked_predictions,unmatched,Jurassic World,2015-07-10,2015-07-12,16300000,1,1,845,Box Office Predictions: July 10-12,https://toddmthatcher.com/2015/07/06/box-office-predictions-july-10-12/,2015-07-06,"3. Jurassic World
Predicted Gross: $16.3 million (representing a drop of 43%)",normalized_exact,No movie title matched
weekly_forecast_matched_as_release_date_not_activity_window,1033,weekly_ranked_predictions,unmatched,Magic Mike XXL,2015-07-10,2015-07-12,5800000,1,1,845,Box Office Predictions: July 10-12,https://toddmthatcher.com/2015/07/06/box-office-predictions-july-10-12/,2015-07-06,"7. Magic Mike XXL
Predicted Gross: $5.8 million (representing a drop of 54%)",normalized_exact,No movie title matched
weekly_forecast_matched_as_release_date_not_activity_window,1031,weekly_ranked_predictions,unmatched,Self/less,2015-07-10,2015-07-12,9700000,1,1,845,Box Office Predictions: July 10-12,https://toddmthatcher.com/2015/07/06/box-office-predictions-july-10-12/,2015-07-06,"5. Self/less
Predicted Gross: $9.7 million",normalized_exact,No movie title matched
weekly_forecast_matched_as_release_date_not_activity_window,1030,weekly_ranked_predictions,unmatched,Terminator Genisys,2015-07-10,2015-07-12,14500000,1,1,845,Box Office Predictions: July 10-12,https://toddmthatcher.com/2015/07/06/box-office-predictions-july-10-12/,2015-07-06,"4. Terminator Genisys
Predicted Gross: $14.5 million (representing a drop of 46%)",normalized_exact,No movie title matched
weekly_forecast_matched_as_release_date_not_activity_window,1032,weekly_ranked_predictions,unmatched,The Gallows,2015-07-10,2015-07-12,8900000,1,1,845,Box Office Predictions: July 10-12,https://toddmthatcher.com/2015/07/06/box-office-predictions-july-10-12/,2015-07-06,"6. The Gallows
Predicted Gross: $8.9 million",normalized_exact,No movie title matched
weekly_forecast_matched_as_release_date_not_activity_window,1020,weekly_ranked_predictions,unmatched,Inside Out,2015-07-03,2015-07-05,30500000,1,1,837,Box Office Predictions: July 3-5,https://toddmthatcher.com/2015/06/29/box-office-predictions-july-3-5/,2015-06-29,"2. Inside Out
Predicted Gross: $30.5 million (representing a drop of 41%)",normalized_exact,No movie title matched
weekly_forecast_matched_as_release_date_not_activity_window,1021,weekly_ranked_predictions,unmatched,Jurassic World,2015-07-03,2015-07-05,28700000,1,1,837,Box Office Predictions: July 3-5,https://toddmthatcher.com/2015/06/29/box-office-predictions-july-3-5/,2015-06-29,"3. Jurassic World
Predicted Gross: $28.7 million (representing a drop of 47%)",normalized_exact,No movie title matched
weekly_forecast_matched_as_release_date_not_activity_window,1022,weekly_ranked_predictions,unmatched,Magic Mike XXL,2015-07-03,2015-07-05,24800000,1,1,837,Box Office Predictions: July 3-5,https://toddmthatcher.com/2015/06/29/box-office-predictions-july-3-5/,2015-06-29,"4. Magic Mike XXL
Predicted Gross: $24.8 million (Friday to Sunday), $44 million (Wednesday to Sunday)",normalized_exact,No movie title matched
weekly_forecast_matched_as_release_date_not_activity_window,1023,weekly_ranked_predictions,unmatched,Ted 2,2015-07-03,2015-07-05,16400000,1,1,837,Box Office Predictions: July 3-5,https://toddmthatcher.com/2015/06/29/box-office-predictions-july-3-5/,2015-06-29,"5. Ted 2
Predicted Gross: $16.4 million (representing a drop of 51%)",normalized_exact,No movie title matched
weekly_forecast_matched_as_release_date_not_activity_window,1019,weekly_ranked_predictions,unmatched,Terminator Genisys,2015-07-03,2015-07-05,31200000,1,1,837,Box Office Predictions: July 3-5,https://toddmthatcher.com/2015/06/29/box-office-predictions-july-3-5/,2015-06-29,"1. Terminator Genisys
Predicted Gross: $31.2 million (Friday to Sunday), $48.4 million (Wednesday to Sunday)",normalized_exact,No movie title matched
weekly_forecast_matched_as_release_date_not_activity_window,1012,weekly_ranked_predictions,unmatched,Inside Out,2015-06-26,2015-06-28,53400000,1,1,831,Box Office Predictions: June 26-28,https://toddmthatcher.com/2015/06/22/box-office-predictions-june-26-28/,2015-06-22,"1. Inside Out
Predicted Gross: $53.4 million (representing a drop of 40%)",normalized_exact,No movie title matched
weekly_forecast_matched_as_release_date_not_activity_window,1013,weekly_ranked_predictions,unmatched,Jurassic World,2015-06-26,2015-06-28,51100000,1,1,831,Box Office Predictions: June 26-28,https://toddmthatcher.com/2015/06/22/box-office-predictions-june-26-28/,2015-06-22,"2. Jurassic World
Predicted Gross: $51.1 million (representing a drop of 52%)",normalized_exact,No movie title matched
weekly_forecast_matched_as_release_date_not_activity_window,1015,weekly_ranked_predictions,unmatched,Max,2015-06-26,2015-06-28,13900000,1,1,831,Box Office Predictions: June 26-28,https://toddmthatcher.com/2015/06/22/box-office-predictions-june-26-28/,2015-06-22,"4. Max
Predicted Gross: $13.9 million",normalized_exact,No movie title matched
weekly_forecast_matched_as_release_date_not_activity_window,1014,weekly_ranked_predictions,unmatched,Ted 2,2015-06-26,2015-06-28,50800000,1,1,831,Box Office Predictions: June 26-28,https://toddmthatcher.com/2015/06/22/box-office-predictions-june-26-28/,2015-06-22,"3. Ted 2
Predicted Gross: $50.8 million",normalized_exact,No movie title matched
weekly_forecast_matched_as_release_date_not_activity_window,1008,weekly_ranked_predictions,unmatched,Dope,2015-06-19,2015-06-21,7700000,1,1,825,Box Office Predictions: June 19-21,https://toddmthatcher.com/2015/06/15/box-office-predictions-june-19-21/,2015-06-15,"4. Dope
Predicted Gross: $7.7 million",normalized_exact,No movie title matched
weekly_forecast_matched_as_release_date_not_activity_window,1006,weekly_ranked_predictions,unmatched,Inside Out,2015-06-19,2015-06-21,71400000,1,1,825,Box Office Predictions: June 19-21,https://toddmthatcher.com/2015/06/15/box-office-predictions-june-19-21/,2015-06-15,"2. Inside Out
Predicted Gross: $71.4 million",normalized_exact,No movie title matched
weekly_forecast_matched_as_release_date_not_activity_window,1005,weekly_ranked_predictions,unmatched,Jurassic World,2015-06-19,2015-06-21,88300000,1,1,825,Box Office Predictions: June 19-21,https://toddmthatcher.com/2015/06/15/box-office-predictions-june-19-21/,2015-06-15,"1. Jurassic World
Predicted Gross: $88.3 million (representing a drop of 57%)",normalized_exact,No movie title matched
weekly_forecast_matched_as_release_date_not_activity_window,1009,weekly_ranked_predictions,unmatched,San Andreas,2015-06-19,2015-06-21,5200000,1,1,825,Box Office Predictions: June 19-21,https://toddmthatcher.com/2015/06/15/box-office-predictions-june-19-21/,2015-06-15,"5. San Andreas
Predicted Gross: $5.2 million (representing a drop of 52%)",normalized_exact,No movie title matched
weekly_forecast_matched_as_release_date_not_activity_window,1003,weekly_ranked_predictions,unmatched,Entourage,2015-06-12,2015-06-14,5700000,1,1,821,Box Office Predictions: June 12-14,https://toddmthatcher.com/2015/06/08/box-office-predictions-june-12-14/,2015-06-08,"5. Entourage
Predicted Gross: $5.7 million (representing a drop of 45%)",normalized_exact,No movie title matched
weekly_forecast_matched_as_release_date_not_activity_window,1002,weekly_ranked_predictions,unmatched,Insidious: Chapter 3,2015-06-12,2015-06-14,8900000,1,1,821,Box Office Predictions: June 12-14,https://toddmthatcher.com/2015/06/08/box-office-predictions-june-12-14/,2015-06-08,"4. Insidious: Chapter 3
Predicted Gross: $8.9 million (representing a drop of 61%)",normalized_exact,No movie title matched
weekly_forecast_matched_as_release_date_not_activity_window,999,weekly_ranked_predictions,unmatched,Jurassic World,2015-06-12,2015-06-14,123500000,1,1,821,Box Office Predictions: June 12-14,https://toddmthatcher.com/2015/06/08/box-office-predictions-june-12-14/,2015-06-08,"1. Jurassic World
Predicted Gross: $123.5 million",normalized_exact,No movie title matched
weekly_forecast_matched_as_release_date_not_activity_window,1001,weekly_ranked_predictions,unmatched,San Andreas,2015-06-12,2015-06-14,12600000,1,1,821,Box Office Predictions: June 12-14,https://toddmthatcher.com/2015/06/08/box-office-predictions-june-12-14/,2015-06-08,"3. San Andreas
Predicted Gross: $12.6 million (representing a drop of 51%)",normalized_exact,No movie title matched
weekly_forecast_matched_as_release_date_not_activity_window,996,weekly_ranked_predictions,unmatched,Entourage,2015-06-05,2015-06-07,11200000,1,1,817,Box Office Predictions: June 5-7,https://toddmthatcher.com/2015/06/01/box-office-predictions-june-5-7/,2015-06-01,"4. Entourage
Predicted Gross: $11.2 million ($16.5 million predicted for its five-day gross)",normalized_exact,No movie title matched
weekly_forecast_matched_as_release_date_not_activity_window,994,weekly_ranked_predictions,unmatched,Insidious: Chapter 3,2015-06-05,2015-06-07,26000000,1,1,817,Box Office Predictions: June 5-7,https://toddmthatcher.com/2015/06/01/box-office-predictions-june-5-7/,2015-06-01,"2. Insidious: Chapter 3
Predicted Gross: $26 million",normalized_exact,No movie title matched
weekly_forecast_matched_as_release_date_not_activity_window,997,weekly_ranked_predictions,unmatched,Pitch Perfect 2,2015-06-05,2015-06-07,8400000,1,1,817,Box Office Predictions: June 5-7,https://toddmthatcher.com/2015/06/01/box-office-predictions-june-5-7/,2015-06-01,"5. Pitch Perfect 2
Predicted Gross: $8.4 million (representing a drop of 43%)",normalized_exact,No movie title matched
weekly_forecast_matched_as_release_date_not_activity_window,995,weekly_ranked_predictions,unmatched,San Andreas,2015-06-05,2015-06-07,24300000,1,1,817,Box Office Predictions: June 5-7,https://toddmthatcher.com/2015/06/01/box-office-predictions-june-5-7/,2015-06-01,"3. San Andreas
Predicted Gross: $24.3 million (representing a drop of 55%)",normalized_exact,No movie title matched
weekly_forecast_matched_as_release_date_not_activity_window,988,weekly_ranked_predictions,unmatched,Aloha,2015-05-29,2015-05-31,18200000,1,1,809,Box Office Predictions: May 29-31,https://toddmthatcher.com/2015/05/26/box-office-predictions-may-29-31/,2015-05-26,"4. Aloha
Predicted Gross: $18.2 million",normalized_exact,No movie title matched
weekly_forecast_matched_as_release_date_not_activity_window,989,weekly_ranked_predictions,unmatched,Mad Max: Fury Road,2015-05-29,2015-05-31,15000000,1,1,809,Box Office Predictions: May 29-31,https://toddmthatcher.com/2015/05/26/box-office-predictions-may-29-31/,2015-05-26,"5. Mad Max: Fury Road
Predicted Gross: $15 million (representing a drop of 52%)",normalized_exact,No movie title matched
weekly_forecast_matched_as_release_date_not_activity_window,987,weekly_ranked_predictions,unmatched,Pitch Perfect 2,2015-05-29,2015-05-31,18500000,1,1,809,Box Office Predictions: May 29-31,https://toddmthatcher.com/2015/05/26/box-office-predictions-may-29-31/,2015-05-26,"3. Pitch Perfect 2
Predicted Gross: $18.5 million (representing a drop of 51%)",normalized_exact,No movie title matched
weekly_forecast_matched_as_release_date_not_activity_window,985,weekly_ranked_predictions,unmatched,San Andreas,2015-05-29,2015-05-31,43400000,1,1,809,Box Office Predictions: May 29-31,https://toddmthatcher.com/2015/05/26/box-office-predictions-may-29-31/,2015-05-26,"1. San Andreas
Predicted Gross: $43.4 million",normalized_exact,No movie title matched
weekly_forecast_matched_as_release_date_not_activity_window,986,weekly_ranked_predictions,unmatched,Tomorrowland,2015-05-29,2015-05-31,19100000,1,1,809,Box Office Predictions: May 29-31,https://toddmthatcher.com/2015/05/26/box-office-predictions-may-29-31/,2015-05-26,"2. Tomorrowland
Predicted Gross: $19.1 million (representing a drop of 55%)",normalized_exact,No movie title matched
weekly_forecast_matched_as_release_date_not_activity_window,981,weekly_ranked_predictions,unmatched,Avengers: Age of Ultron,2015-05-22,2015-05-25,26600000,1,1,803,Box Office Predictions: May 22-25,https://toddmthatcher.com/2015/05/18/box-office-predictions-may-22-25/,2015-05-18,"4. Avengers: Age of Ultron
Predicted Gross: $26.6 million (representing a drop of 31%)",normalized_exact,No movie title matched
weekly_forecast_matched_as_release_date_not_activity_window,982,weekly_ranked_predictions,unmatched,Mad Max: Fury Road,2015-05-22,2015-05-25,25500000,1,1,803,Box Office Predictions: May 22-25,https://toddmthatcher.com/2015/05/18/box-office-predictions-may-22-25/,2015-05-18,"5. Mad Max: Fury Road
Predicted Gross: $25.5 million (representing a drop of 43%)",normalized_exact,No movie title matched
weekly_forecast_matched_as_release_date_not_activity_window,979,weekly_ranked_predictions,unmatched,Pitch Perfect 2,2015-05-22,2015-05-25,32800000,1,1,803,Box Office Predictions: May 22-25,https://toddmthatcher.com/2015/05/18/box-office-predictions-may-22-25/,2015-05-18,"2. Pitch Perfect 2
Predicted Gross: $32.8 million (representing a drop of 52%)",normalized_exact,No movie title matched
weekly_forecast_matched_as_release_date_not_activity_window,980,weekly_ranked_predictions,unmatched,Poltergeist,2015-05-22,2015-05-25,29300000,1,1,803,Box Office Predictions: May 22-25,https://toddmthatcher.com/2015/05/18/box-office-predictions-may-22-25/,2015-05-18,"3. Poltergeist
Predicted Gross: $29.3 million",normalized_exact,No movie title matched
weekly_forecast_matched_as_release_date_not_activity_window,978,weekly_ranked_predictions,unmatched,Tomorrowland,2015-05-22,2015-05-25,44600000,1,1,803,Box Office Predictions: May 22-25,https://toddmthatcher.com/2015/05/18/box-office-predictions-may-22-25/,2015-05-18,"1. Tomorrowland
Predicted Gross: $44.6 million",normalized_exact,No movie title matched
weekly_forecast_matched_as_release_date_not_activity_window,973,weekly_ranked_predictions,unmatched,Avengers: Age of Ultron,2015-05-15,2015-05-17,36800000,1,1,797,Box Office Predictions: May 15-17,https://toddmthatcher.com/2015/05/11/box-office-predictions-may-15-17/,2015-05-11,"3. Avengers: Age of Ultron
Predicted Gross: $36.8 million (representing a drop of 52%)",normalized_exact,No movie title matched
weekly_forecast_matched_as_release_date_not_activity_window,974,weekly_ranked_predictions,unmatched,Hot Pursuit,2015-05-15,2015-05-17,7200000,1,1,797,Box Office Predictions: May 15-17,https://toddmthatcher.com/2015/05/11/box-office-predictions-may-15-17/,2015-05-11,"4. Hot Pursuit
Predicted Gross: $7.2 million (representing a drop of 48%)",normalized_exact,No movie title matched
weekly_forecast_matched_as_release_date_not_activity_window,971,weekly_ranked_predictions,unmatched,Mad Max: Fury Road,2015-05-15,2015-05-17,45400000,1,1,797,Box Office Predictions: May 15-17,https://toddmthatcher.com/2015/05/11/box-office-predictions-may-15-17/,2015-05-11,"1. Mad Max: Fury Road
Predicted Gross: $45.4 million",normalized_exact,No movie title matched
weekly_forecast_matched_as_release_date_not_activity_window,972,weekly_ranked_predictions,unmatched,Pitch Perfect 2,2015-05-15,2015-05-17,42000000,1,1,797,Box Office Predictions: May 15-17,https://toddmthatcher.com/2015/05/11/box-office-predictions-may-15-17/,2015-05-11,"2. Pitch Perfect 2
Predicted Gross: $42 million",normalized_exact,No movie title matched
weekly_forecast_matched_as_release_date_not_activity_window,975,weekly_ranked_predictions,unmatched,The Age of Adaline,2015-05-15,2015-05-17,4100000,1,1,797,Box Office Predictions: May 15-17,https://toddmthatcher.com/2015/05/11/box-office-predictions-may-15-17/,2015-05-11,"5. The Age of Adaline
Predicted Gross: $4.1 million (representing a drop of 31%)",normalized_exact,No movie title matched
weekly_forecast_matched_as_release_date_not_activity_window,964,weekly_ranked_predictions,unmatched,Avengers: Age of Ultron,2015-05-08,2015-05-10,90600000,1,1,791,Box Office Predictions: May 8-10,https://toddmthatcher.com/2015/05/04/box-office-predictions-may-8-10/,2015-05-04,"1. Avengers: Age of Ultron
Predicted Gross: $90.6 million (representing a drop of 52%)",normalized_exact,No movie title matched
weekly_forecast_matched_as_release_date_not_activity_window,966,weekly_ranked_predictions,unmatched,Furious 7,2015-05-08,2015-05-10,3500000,1,1,791,Box Office Predictions: May 8-10,https://toddmthatcher.com/2015/05/04/box-office-predictions-may-8-10/,2015-05-04,"3. Furious 7
Predicted Gross: $3.5 million (representing a drop of 48%)",normalized_exact,No movie title matched
weekly_forecast_matched_as_release_date_not_activity_window,965,weekly_ranked_predictions,unmatched,Hot Pursuit,2015-05-08,2015-05-10,21300000,1,1,791,Box Office Predictions: May 8-10,https://toddmthatcher.com/2015/05/04/box-office-predictions-may-8-10/,2015-05-04,"2. Hot Pursuit
Predicted Gross: $21.3 million",normalized_exact,No movie title matched
weekly_forecast_matched_as_release_date_not_activity_window,968,weekly_ranked_predictions,unmatched,Paul Blart: Mall Cop 2,2015-05-08,2015-05-10,3200000,1,1,791,Box Office Predictions: May 8-10,https://toddmthatcher.com/2015/05/04/box-office-predictions-may-8-10/,2015-05-04,"5. Paul Blart: Mall Cop 2
Predicted Gross: $3.2 million (representing a drop of 46%)",normalized_exact,No movie title matched
weekly_forecast_matched_as_release_date_not_activity_window,967,weekly_ranked_predictions,unmatched,The Age of Adaline,2015-05-08,2015-05-10,3500000,1,1,791,Box Office Predictions: May 8-10,https://toddmthatcher.com/2015/05/04/box-office-predictions-may-8-10/,2015-05-04,"4. The Age of Adaline
Predicted Gross: $3.5 million (representing a drop of 45%)",normalized_exact,No movie title matched
weekly_forecast_matched_as_release_date_not_activity_window,958,weekly_ranked_predictions,unmatched,Avengers: Age of Ultron,2015-05-01,2015-05-03,212700000,1,1,787,Box Office Predictions: May 1-3,https://toddmthatcher.com/2015/04/27/box-office-predictions-may-1-3/,2015-04-27,"1. Avengers: Age of Ultron
Predicted Gross: $212.7 million",normalized_exact,No movie title matched
weekly_forecast_matched_as_release_date_not_activity_window,959,weekly_ranked_predictions,unmatched,Furious 7,2015-05-01,2015-05-03,9600000,1,1,787,Box Office Predictions: May 1-3,https://toddmthatcher.com/2015/04/27/box-office-predictions-may-1-3/,2015-04-27,"2. Furious 7
Predicted Gross: $9.6 million (representing a drop of 46%)",normalized_exact,No movie title matched
weekly_forecast_matched_as_release_date_not_activity_window,962,weekly_ranked_predictions,unmatched,Home,2015-05-01,2015-05-03,5800000,1,1,787,Box Office Predictions: May 1-3,https://toddmthatcher.com/2015/04/27/box-office-predictions-may-1-3/,2015-04-27,"5. Home
Predicted Gross: $5.8 million (representing a drop of 29%)",normalized_exact,No movie title matched
weekly_forecast_matched_as_release_date_not_activity_window,960,weekly_ranked_predictions,unmatched,Paul Blart: Mall Cop 2,2015-05-01,2015-05-03,8700000,1,1,787,Box Office Predictions: May 1-3,https://toddmthatcher.com/2015/04/27/box-office-predictions-may-1-3/,2015-04-27,"3. Paul Blart: Mall Cop 2
Predicted Gross: $8.7 million (representing a drop of 41%)",normalized_exact,No movie title matched
weekly_forecast_matched_as_release_date_not_activity_window,961,weekly_ranked_predictions,unmatched,The Age of Adaline,2015-05-01,2015-05-03,8000000,1,1,787,Box Office Predictions: May 1-3,https://toddmthatcher.com/2015/04/27/box-office-predictions-may-1-3/,2015-04-27,"4. The Age of Adaline
Predicted Gross: $8 million (representing a drop of 40%)",normalized_exact,No movie title matched
weekly_forecast_matched_as_release_date_not_activity_window,955,weekly_ranked_predictions,unmatched,Ex Machina,2015-04-24,2015-04-26,7100000,1,1,785,Box Office Predictions: April 24-26,https://toddmthatcher.com/2015/04/20/box-office-predictions-april-24-26/,2015-04-21,"4. Ex Machina
Predicted Gross: $7.1 million",normalized_exact,No movie title matched
weekly_forecast_matched_as_release_date_not_activity_window,952,weekly_ranked_predictions,unmatched,Furious 7,2015-04-24,2015-04-26,15600000,1,1,785,Box Office Predictions: April 24-26,https://toddmthatcher.com/2015/04/20/box-office-predictions-april-24-26/,2015-04-21,"1. Furious 7
Predicted Gross: $15.6 million (representing a drop of 46%)",normalized_exact,No movie title matched
weekly_forecast_matched_as_release_date_not_activity_window,957,weekly_ranked_predictions,unmatched,Home,2015-04-24,2015-04-26,6500000,1,1,785,Box Office Predictions: April 24-26,https://toddmthatcher.com/2015/04/20/box-office-predictions-april-24-26/,2015-04-21,"6. Home
Predicted Gross: $6.5 million (representing a drop of 39%)",normalized_exact,No movie title matched
weekly_forecast_matched_as_release_date_not_activity_window,954,weekly_ranked_predictions,unmatched,Paul Blart: Mall Cop 2,2015-04-24,2015-04-26,12000000,1,1,785,Box Office Predictions: April 24-26,https://toddmthatcher.com/2015/04/20/box-office-predictions-april-24-26/,2015-04-21,"3. Paul Blart: Mall Cop 2
Predicted Gross: $12 million (representing a drop of 49%)",normalized_exact,No movie title matched
weekly_forecast_matched_as_release_date_not_activity_window,953,weekly_ranked_predictions,unmatched,The Age of Adaline,2015-04-24,2015-04-26,13300000,1,1,785,Box Office Predictions: April 24-26,https://toddmthatcher.com/2015/04/20/box-office-predictions-april-24-26/,2015-04-21,"2. The Age of Adaline
Predicted Gross: $13.3 million",normalized_exact,No movie title matched
weekly_forecast_matched_as_release_date_not_activity_window,956,weekly_ranked_predictions,unmatched,Unfriended,2015-04-24,2015-04-26,6900000,1,1,785,Box Office Predictions: April 24-26,https://toddmthatcher.com/2015/04/20/box-office-predictions-april-24-26/,2015-04-21,"5. Unfriended
Predicted Gross: $6.9 million (representing a drop of 56%)",normalized_exact,No movie title matched
weekly_forecast_matched_as_release_date_not_activity_window,944,weekly_ranked_predictions,unmatched,Furious 7,2015-04-17,2015-04-19,30400000,1,1,775,Box Office Predictions: April 17-19,https://toddmthatcher.com/2015/04/13/box-office-predictions-april-17-19/,2015-04-13,"1. Furious 7
Predicted Gross: $30.4 million (representing a drop of 49%)",normalized_exact,No movie title matched
weekly_forecast_matched_as_release_date_not_activity_window,947,weekly_ranked_predictions,unmatched,Home,2015-04-17,2015-04-19,12300000,1,1,775,Box Office Predictions: April 17-19,https://toddmthatcher.com/2015/04/13/box-office-predictions-april-17-19/,2015-04-13,"4. Home
Predicted Gross: $12.3 million (representing a drop of 34%)",normalized_exact,No movie title matched
weekly_forecast_matched_as_release_date_not_activity_window,945,weekly_ranked_predictions,unmatched,Paul Blart: Mall Cop 2,2015-04-17,2015-04-19,21400000,1,1,775,Box Office Predictions: April 17-19,https://toddmthatcher.com/2015/04/13/box-office-predictions-april-17-19/,2015-04-13,"2. Paul Blart: Mall Cop 2
Predicted Gross: $21.4 million",normalized_exact,No movie title matched
weekly_forecast_matched_as_release_date_not_activity_window,948,weekly_ranked_predictions,unmatched,The Longest Ride,2015-04-17,2015-04-19,7000000,1,1,775,Box Office Predictions: April 17-19,https://toddmthatcher.com/2015/04/13/box-office-predictions-april-17-19/,2015-04-13,"5. The Longest Ride
Predicted Gross: $7 million (representing a drop of 46%)",normalized_exact,No movie title matched
weekly_forecast_matched_as_release_date_not_activity_window,946,weekly_ranked_predictions,unmatched,Unfriended,2015-04-17,2015-04-19,12600000,1,1,775,Box Office Predictions: April 17-19,https://toddmthatcher.com/2015/04/13/box-office-predictions-april-17-19/,2015-04-13,"3. Unfriended
Predicted Gross: $12.6 million",normalized_exact,No movie title matched
weekly_forecast_matched_as_release_date_not_activity_window,939,weekly_ranked_predictions,unmatched,Cinderella,2015-04-10,2015-04-12,7300000,1,1,767,Box Office Predictions: April 10-12,https://toddmthatcher.com/2015/04/06/box-office-predictions-april-10-12/,2015-04-06,"4. Cinderella
Predicted Gross: $7.3 million (representing a drop of 37%)",normalized_exact,No movie title matched
weekly_forecast_matched_as_release_date_not_activity_window,936,weekly_ranked_predictions,unmatched,Furious 7,2015-04-10,2015-04-12,56500000,1,1,767,Box Office Predictions: April 10-12,https://toddmthatcher.com/2015/04/06/box-office-predictions-april-10-12/,2015-04-06,"1. Furious 7
Predicted Gross: $56.5 million (representing a drop of 61%)",normalized_exact,No movie title matched
weekly_forecast_matched_as_release_date_not_activity_window,940,weekly_ranked_predictions,unmatched,Get Hard,2015-04-10,2015-04-12,6100000,1,1,767,Box Office Predictions: April 10-12,https://toddmthatcher.com/2015/04/06/box-office-predictions-april-10-12/,2015-04-06,"5. Get Hard
Predicted Gross: $6.1 million (representing a drop of 54%)",normalized_exact,No movie title matched
weekly_forecast_matched_as_release_date_not_activity_window,937,weekly_ranked_predictions,unmatched,Home,2015-04-10,2015-04-12,15300000,1,1,767,Box Office Predictions: April 10-12,https://toddmthatcher.com/2015/04/06/box-office-predictions-april-10-12/,2015-04-06,"2. Home
Predicted Gross: $15.3 million (representing a drop of 43%)",normalized_exact,No movie title matched
weekly_forecast_matched_as_release_date_not_activity_window,938,weekly_ranked_predictions,unmatched,The Longest Ride,2015-04-10,2015-04-12,12200000,1,1,767,Box Office Predictions: April 10-12,https://toddmthatcher.com/2015/04/06/box-office-predictions-april-10-12/,2015-04-06,"3. The Longest Ride
Predicted Gross: $12.2 million",normalized_exact,No movie title matched
weekly_forecast_matched_as_release_date_not_activity_window,934,weekly_ranked_predictions,unmatched,Cinderella,2015-04-03,2015-04-05,9800000,1,1,763,Box Office Predictions: April 3-5,https://toddmthatcher.com/2015/03/30/box-office-predictions-april-3-5/,2015-03-30,"5. Cinderella
Predicted Gross: $9.8 million (representing a drop of 42%)",normalized_exact,No movie title matched
weekly_forecast_matched_as_release_date_not_activity_window,930,weekly_ranked_predictions,unmatched,Furious 7,2015-04-03,2015-04-05,117400000,1,1,763,Box Office Predictions: April 3-5,https://toddmthatcher.com/2015/03/30/box-office-predictions-april-3-5/,2015-03-30,"1. Furious 7
Predicted Gross: $117.4 million",normalized_exact,No movie title matched
weekly_forecast_matched_as_release_date_not_activity_window,932,weekly_ranked_predictions,unmatched,Get Hard,2015-04-03,2015-04-05,15400000,1,1,763,Box Office Predictions: April 3-5,https://toddmthatcher.com/2015/03/30/box-office-predictions-april-3-5/,2015-03-30,"3. Get Hard
Predicted Gross: $15.4 million (representing a drop of 54%)",normalized_exact,No movie title matched
weekly_forecast_matched_as_release_date_not_activity_window,931,weekly_ranked_predictions,unmatched,Home,2015-04-03,2015-04-05,29300000,1,1,763,Box Office Predictions: April 3-5,https://toddmthatcher.com/2015/03/30/box-office-predictions-april-3-5/,2015-03-30,"2. Home
Predicted Gross: $29.3 million (representing a drop of 43%)",normalized_exact,No movie title matched
weekly_forecast_matched_as_release_date_not_activity_window,926,weekly_ranked_predictions,unmatched,Cinderella,2015-03-27,2015-03-29,19100000,1,1,757,Box Office Predictions: March 27-29,https://toddmthatcher.com/2015/03/23/box-office-predictions-march-27-29/,2015-03-23,"4. Cinderella
Predicted Gross: $19.1 million (representing a drop of 45%)",normalized_exact,No movie title matched
weekly_forecast_matched_as_release_date_not_activity_window,923,weekly_ranked_predictions,unmatched,Get Hard,2015-03-27,2015-03-29,30300000,1,1,757,Box Office Predictions: March 27-29,https://toddmthatcher.com/2015/03/23/box-office-predictions-march-27-29/,2015-03-23,"1. Get Hard
Predicted Gross: $30.3 million",normalized_exact,No movie title matched
weekly_forecast_matched_as_release_date_not_activity_window,924,weekly_ranked_predictions,unmatched,Home,2015-03-27,2015-03-29,24600000,1,1,757,Box Office Predictions: March 27-29,https://toddmthatcher.com/2015/03/23/box-office-predictions-march-27-29/,2015-03-23,"2. Home
Predicted Gross: $24.6 million",normalized_exact,No movie title matched
weekly_forecast_matched_as_release_date_not_activity_window,927,weekly_ranked_predictions,unmatched,Kingsman: The Secret Service,2015-03-27,2015-03-29,3500000,1,1,757,Box Office Predictions: March 27-29,https://toddmthatcher.com/2015/03/23/box-office-predictions-march-27-29/,2015-03-23,"5. Kingsman: The Secret Service
Predicted Gross: $3.5 million (representing a drop of 25%)",normalized_exact,No movie title matched
weekly_forecast_matched_as_release_date_not_activity_window,917,weekly_ranked_predictions,unmatched,Cinderella,2015-03-20,2015-03-22,36900000,1,1,751,Box Office Predictions: March 20-22,https://toddmthatcher.com/2015/03/16/box-office-predictions-march-20-22/,2015-03-16,"2. Cinderella
Predicted Gross: $36.9 million (representing a drop of 45%)",normalized_exact,No movie title matched
weekly_forecast_matched_as_release_date_not_activity_window,920,weekly_ranked_predictions,unmatched,Run All Night,2015-03-20,2015-03-22,5600000,1,1,751,Box Office Predictions: March 20-22,https://toddmthatcher.com/2015/03/16/box-office-predictions-march-20-22/,2015-03-16,"5. Run All Night
Predicted Gross: $5.6 million (representing a drop of 49%)",normalized_exact,No movie title matched
weekly_forecast_matched_as_release_date_not_activity_window,919,weekly_ranked_predictions,unmatched,The Gunman,2015-03-20,2015-03-22,6800000,1,1,751,Box Office Predictions: March 20-22,https://toddmthatcher.com/2015/03/16/box-office-predictions-march-20-22/,2015-03-16,"4. The Gunman
Predicted Gross: $6.8 million",normalized_exact,No movie title matched
weekly_forecast_matched_as_release_date_not_activity_window,910,weekly_ranked_predictions,unmatched,Chappie,2015-03-13,2015-03-15,6100000,1,1,743,Box Office Predictions: March 13-15,https://toddmthatcher.com/2015/03/09/box-office-predictions-march-13-15/,2015-03-09,"3. Chappie
Predicted Gross: $6.1 million (representing a drop of 54%)",normalized_exact,No movie title matched
weekly_forecast_matched_as_release_date_not_activity_window,908,weekly_ranked_predictions,unmatched,Cinderella,2015-03-13,2015-03-15,67800000,1,1,743,Box Office Predictions: March 13-15,https://toddmthatcher.com/2015/03/09/box-office-predictions-march-13-15/,2015-03-09,"1. Cinderella
Predicted Gross: $67.8 million",normalized_exact,No movie title matched
weekly_forecast_matched_as_release_date_not_activity_window,912,weekly_ranked_predictions,unmatched,Focus,2015-03-13,2015-03-15,5600000,1,1,743,Box Office Predictions: March 13-15,https://toddmthatcher.com/2015/03/09/box-office-predictions-march-13-15/,2015-03-09,"5. Focus
Predicted Gross: $5.6 million (representing a drop of 44%)",normalized_exact,No movie title matched
weekly_forecast_matched_as_release_date_not_activity_window,909,weekly_ranked_predictions,unmatched,Run All Night,2015-03-13,2015-03-15,12100000,1,1,743,Box Office Predictions: March 13-15,https://toddmthatcher.com/2015/03/09/box-office-predictions-march-13-15/,2015-03-09,"2. Run All Night
Predicted Gross: $12.1 million",normalized_exact,No movie title matched
weekly_forecast_matched_as_release_date_not_activity_window,911,weekly_ranked_predictions,unmatched,The Second Best Exotic Marigold Hotel,2015-03-13,2015-03-15,6000000,1,1,743,Box Office Predictions: March 13-15,https://toddmthatcher.com/2015/03/09/box-office-predictions-march-13-15/,2015-03-09,"4. The Second Best Exotic Marigold Hotel
Predicted Gross: $6 million (representing a drop of 30%)",normalized_exact,No movie title matched
weekly_forecast_matched_as_release_date_not_activity_window,901,weekly_ranked_predictions,unmatched,Chappie,2015-03-06,2015-03-08,23800000,1,1,737,Box Office Predictions: March 6-8,https://toddmthatcher.com/2015/03/02/box-office-predictions-march-6-8/,2015-03-02,"1. Chappie
Predicted Gross: $23.8 million",normalized_exact,No movie title matched
weekly_forecast_matched_as_release_date_not_activity_window,902,weekly_ranked_predictions,unmatched,Focus,2015-03-06,2015-03-08,10200000,1,1,737,Box Office Predictions: March 6-8,https://toddmthatcher.com/2015/03/02/box-office-predictions-march-6-8/,2015-03-02,"2. Focus
Predicted Gross: $10.2 million (representing a drop of 45%)",normalized_exact,No movie title matched
weekly_forecast_matched_as_release_date_not_activity_window,905,weekly_ranked_predictions,unmatched,Kingsman: The Secret Service,2015-03-06,2015-03-08,7700000,1,1,737,Box Office Predictions: March 6-8,https://toddmthatcher.com/2015/03/02/box-office-predictions-march-6-8/,2015-03-02,"5. Kingsman: The Secret Service
Predicted Gross: $7.7 million (representing a drop of 35%)",normalized_exact,No movie title matched
weekly_forecast_matched_as_release_date_not_activity_window,903,weekly_ranked_predictions,unmatched,The Second Best Exotic Marigold Hotel,2015-03-06,2015-03-08,8600000,1,1,737,Box Office Predictions: March 6-8,https://toddmthatcher.com/2015/03/02/box-office-predictions-march-6-8/,2015-03-02,"3. The Second Best Exotic Marigold Hotel
Predicted Gross: $8.6 million",normalized_exact,No movie title matched
weekly_forecast_matched_as_release_date_not_activity_window,904,weekly_ranked_predictions,unmatched,Unfinished Business,2015-03-06,2015-03-08,8400000,1,1,737,Box Office Predictions: March 6-8,https://toddmthatcher.com/2015/03/02/box-office-predictions-march-6-8/,2015-03-02,"4. Unfinished Business
Predicted Gross: $8.4 million",normalized_exact,No movie title matched
weekly_forecast_matched_as_release_date_not_activity_window,895,weekly_ranked_predictions,unmatched,Fifty Shades of Grey,2015-02-27,2015-03-01,10400000,1,1,729,Box Office Predictions: February 27-March 1,https://toddmthatcher.com/2015/02/23/box-office-predictions-february-27-march-1/,2015-02-23,"3. Fifty Shades of Grey
Predicted Gross: $10.4 million (representing a drop of 53%)",normalized_exact,No movie title matched
weekly_forecast_matched_as_release_date_not_activity_window,893,weekly_ranked_predictions,unmatched,Focus,2015-02-27,2015-03-01,21300000,1,1,729,Box Office Predictions: February 27-March 1,https://toddmthatcher.com/2015/02/23/box-office-predictions-february-27-march-1/,2015-02-23,"1. Focus
Predicted Gross: $21.3 million",normalized_exact,No movie title matched
weekly_forecast_matched_as_release_date_not_activity_window,896,weekly_ranked_predictions,unmatched,Kingsman: The Secret Service,2015-02-27,2015-03-01,9800000,1,1,729,Box Office Predictions: February 27-March 1,https://toddmthatcher.com/2015/02/23/box-office-predictions-february-27-march-1/,2015-02-23,"4. Kingsman: The Secret Service
Predicted Gross: $9.8 million (representing a drop of 46%)",normalized_exact,No movie title matched
weekly_forecast_matched_as_release_date_not_activity_window,894,weekly_ranked_predictions,unmatched,The Lazarus Effect,2015-02-27,2015-03-01,11600000,1,1,729,Box Office Predictions: February 27-March 1,https://toddmthatcher.com/2015/02/23/box-office-predictions-february-27-march-1/,2015-02-23,"2. The Lazarus Effect
Predicted Gross: $11.6 million",normalized_exact,No movie title matched
weekly_forecast_matched_as_release_date_not_activity_window,887,weekly_ranked_predictions,unmatched,American Sniper,2015-02-20,2015-02-22,11100000,1,1,723,Box Office Predictions: February 20-22,https://toddmthatcher.com/2015/02/17/box-office-predictions-february-20-22/,2015-02-18,"4. American Sniper
Predicted Gross: $11.1 million (representing a drop of 33%)",normalized_exact,No movie title matched
weekly_forecast_matched_as_release_date_not_activity_window,884,weekly_ranked_predictions,unmatched,Fifty Shades of Grey,2015-02-20,2015-02-22,29200000,1,1,723,Box Office Predictions: February 20-22,https://toddmthatcher.com/2015/02/17/box-office-predictions-february-20-22/,2015-02-18,"1. Fifty Shades of Grey
Predicted Gross: $29.2 million (representing a drop of 65%)",normalized_exact,No movie title matched
weekly_forecast_matched_as_release_date_not_activity_window,889,weekly_ranked_predictions,unmatched,Hot Tub Time Machine 2,2015-02-20,2015-02-22,8300000,1,1,723,Box Office Predictions: February 20-22,https://toddmthatcher.com/2015/02/17/box-office-predictions-february-20-22/,2015-02-18,"6. Hot Tub Time Machine 2
Predicted Gross: $8.3 million",normalized_exact,No movie title matched
weekly_forecast_matched_as_release_date_not_activity_window,885,weekly_ranked_predictions,unmatched,Kingsman: The Secret Service,2015-02-20,2015-02-22,18300000,1,1,723,Box Office Predictions: February 20-22,https://toddmthatcher.com/2015/02/17/box-office-predictions-february-20-22/,2015-02-18,"2. Kingsman: The Secret Service
Predicted Gross: $18.3 million (representing a drop of 49%)",normalized_exact,No movie title matched
weekly_forecast_matched_as_release_date_not_activity_window,888,weekly_ranked_predictions,unmatched,"McFarland, USA",2015-02-20,2015-02-22,9700000,1,1,723,Box Office Predictions: February 20-22,https://toddmthatcher.com/2015/02/17/box-office-predictions-february-20-22/,2015-02-18,"5. McFarland, USA
Predicted Gross: $9.7 million",normalized_exact,No movie title matched
weekly_forecast_matched_as_release_date_not_activity_window,890,weekly_ranked_predictions,unmatched,The DUFF,2015-02-20,2015-02-22,7900000,1,1,723,Box Office Predictions: February 20-22,https://toddmthatcher.com/2015/02/17/box-office-predictions-february-20-22/,2015-02-18,"7. The DUFF
Predicted Gross: $7.9 million",normalized_exact,No movie title matched
weekly_forecast_matched_as_release_date_not_activity_window,886,weekly_ranked_predictions,unmatched,The SpongeBob Movie: Sponge Out of Water,2015-02-20,2015-02-22,16800000,1,1,723,Box Office Predictions: February 20-22,https://toddmthatcher.com/2015/02/17/box-office-predictions-february-20-22/,2015-02-18,"3. The SpongeBob Movie: Sponge Out of Water
Predicted Gross: $16.8 million (representing a drop of 46%)",normalized_exact,No movie title matched
weekly_forecast_matched_as_release_date_not_activity_window,879,weekly_ranked_predictions,unmatched,American Sniper,2015-02-13,2015-02-15,15300000,1,1,715,Box Office Predictions: February 13-15,https://toddmthatcher.com/2015/02/09/box-office-predictions-february-13-15/,2015-02-09,"4. American Sniper
Predicted Gross: $15.3 million (representing a drop of 34%)",normalized_exact,No movie title matched
weekly_forecast_matched_as_release_date_not_activity_window,876,weekly_ranked_predictions,unmatched,Fifty Shades of Grey,2015-02-13,2015-02-15,63100000,1,1,715,Box Office Predictions: February 13-15,https://toddmthatcher.com/2015/02/09/box-office-predictions-february-13-15/,2015-02-09,"1. Fifty Shades of Grey
Predicted Gross: $63.1 million",normalized_exact,No movie title matched
weekly_forecast_matched_as_release_date_not_activity_window,880,weekly_ranked_predictions,unmatched,Jupiter Ascending,2015-02-13,2015-02-15,7500000,1,1,715,Box Office Predictions: February 13-15,https://toddmthatcher.com/2015/02/09/box-office-predictions-february-13-15/,2015-02-09,"5. Jupiter Ascending
Predicted Gross: $7.5 million (representing a drop of 58%)",normalized_exact,No movie title matched
weekly_forecast_matched_as_release_date_not_activity_window,877,weekly_ranked_predictions,unmatched,Kingsman: The Secret Service,2015-02-13,2015-02-15,30600000,1,1,715,Box Office Predictions: February 13-15,https://toddmthatcher.com/2015/02/09/box-office-predictions-february-13-15/,2015-02-09,"2. Kingsman: The Secret Service
Predicted Gross: $30.6 million",normalized_exact,No movie title matched
weekly_forecast_matched_as_release_date_not_activity_window,878,weekly_ranked_predictions,unmatched,The SpongeBob Movie: Sponge Out of Water,2015-02-13,2015-02-15,25700000,1,1,715,Box Office Predictions: February 13-15,https://toddmthatcher.com/2015/02/09/box-office-predictions-february-13-15/,2015-02-09,"3. The SpongeBob Movie: Sponge Out of Water
Predicted Gross: $25.7 million (representing a drop of 53%)",normalized_exact,No movie title matched
weekly_forecast_matched_as_release_date_not_activity_window,871,weekly_ranked_predictions,unmatched,American Sniper,2015-02-06,2015-02-08,17700000,1,1,709,Box Office Predictions: February 6-8,https://toddmthatcher.com/2015/02/02/box-office-predictions-february-6-8/,2015-02-02,"3. American Sniper
Predicted Gross: $17.7 million (representing a drop of 42%)",normalized_exact,No movie title matched
weekly_forecast_matched_as_release_date_not_activity_window,870,weekly_ranked_predictions,unmatched,Jupiter Ascending,2015-02-06,2015-02-08,20900000,1,1,709,Box Office Predictions: February 6-8,https://toddmthatcher.com/2015/02/02/box-office-predictions-february-6-8/,2015-02-02,"2. Jupiter Ascending
Predicted Gross: $20.9 million",normalized_exact,No movie title matched
weekly_forecast_matched_as_release_date_not_activity_window,873,weekly_ranked_predictions,unmatched,Paddington,2015-02-06,2015-02-08,5300000,1,1,709,Box Office Predictions: February 6-8,https://toddmthatcher.com/2015/02/02/box-office-predictions-february-6-8/,2015-02-02,"5. Paddington
Predicted Gross: $5.3 million (representing a drop of 37%)",normalized_exact,No movie title matched
weekly_forecast_matched_as_release_date_not_activity_window,872,weekly_ranked_predictions,unmatched,Seventh Son,2015-02-06,2015-02-08,8900000,1,1,709,Box Office Predictions: February 6-8,https://toddmthatcher.com/2015/02/02/box-office-predictions-february-6-8/,2015-02-02,"4. Seventh Son
Predicted Gross: $8.9 million",normalized_exact,No movie title matched
weekly_forecast_matched_as_release_date_not_activity_window,869,weekly_ranked_predictions,unmatched,The SpongeBob Movie: Sponge Out of Water,2015-02-06,2015-02-08,27800000,1,1,709,Box Office Predictions: February 6-8,https://toddmthatcher.com/2015/02/02/box-office-predictions-february-6-8/,2015-02-02,"1. The SpongeBob Movie: Sponge Out of Water
Predicted Gross: $27.8 million",normalized_exact,No movie title matched
weekly_forecast_matched_as_release_date_not_activity_window,857,weekly_ranked_predictions,unmatched,American Sniper,2015-01-30,2015-02-01,42100000,1,1,699,Box Office Predictions: January 30-February 1,https://toddmthatcher.com/2015/01/26/box-office-predictions-january-30-february-1/,2015-01-26,"1. American Sniper
Predicted Gross: $42.1 million (representing a drop of 34%)",normalized_exact,No movie title matched
weekly_forecast_matched_as_release_date_not_activity_window,863,weekly_ranked_predictions,unmatched,Black or White,2015-01-30,2015-02-01,5600000,1,1,699,Box Office Predictions: January 30-February 1,https://toddmthatcher.com/2015/01/26/box-office-predictions-january-30-february-1/,2015-01-26,"7. Black or White
Predicted Gross: $5.6 million",normalized_exact,No movie title matched
weekly_forecast_matched_as_release_date_not_activity_window,859,weekly_ranked_predictions,unmatched,Paddington,2015-01-30,2015-02-01,7700000,1,1,699,Box Office Predictions: January 30-February 1,https://toddmthatcher.com/2015/01/26/box-office-predictions-january-30-february-1/,2015-01-26,"3. Paddington
Predicted Gross: $7.7 million (representing a drop of 37%)",normalized_exact,No movie title matched
weekly_forecast_matched_as_release_date_not_activity_window,858,weekly_ranked_predictions,unmatched,Project Almanac,2015-01-30,2015-02-01,16400000,1,1,699,Box Office Predictions: January 30-February 1,https://toddmthatcher.com/2015/01/26/box-office-predictions-january-30-february-1/,2015-01-26,"2. Project Almanac
Predicted Gross: $16.4 million",normalized_exact,No movie title matched
weekly_forecast_matched_as_release_date_not_activity_window,860,weekly_ranked_predictions,unmatched,The Boy Next Door,2015-01-30,2015-02-01,7500000,1,1,699,Box Office Predictions: January 30-February 1,https://toddmthatcher.com/2015/01/26/box-office-predictions-january-30-february-1/,2015-01-26,"4. The Boy Next Door
Predicted Gross: $7.5 million (representing a drop of 49%)",normalized_exact,No movie title matched
weekly_forecast_matched_as_release_date_not_activity_window,862,weekly_ranked_predictions,unmatched,The Imitation Game,2015-01-30,2015-02-01,6000000,1,1,699,Box Office Predictions: January 30-February 1,https://toddmthatcher.com/2015/01/26/box-office-predictions-january-30-february-1/,2015-01-26,"6. The Imitation Game
Predicted Gross: $6 million (representing a drop of 14%)",normalized_exact,No movie title matched
weekly_forecast_matched_as_release_date_not_activity_window,864,weekly_ranked_predictions,unmatched,The Loft,2015-01-30,2015-02-01,4800000,1,1,699,Box Office Predictions: January 30-February 1,https://toddmthatcher.com/2015/01/26/box-office-predictions-january-30-february-1/,2015-01-26,"8. The Loft
Predicted Gross: $4.8 million",normalized_exact,No movie title matched
weekly_forecast_matched_as_release_date_not_activity_window,861,weekly_ranked_predictions,unmatched,The Wedding Ringer,2015-01-30,2015-02-01,6700000,1,1,699,Box Office Predictions: January 30-February 1,https://toddmthatcher.com/2015/01/26/box-office-predictions-january-30-february-1/,2015-01-26,"5. The Wedding Ringer
Predicted Gross: $6.7 million (representing a drop of 41%)",normalized_exact,No movie title matched
weekly_forecast_matched_as_release_date_not_activity_window,848,weekly_ranked_predictions,unmatched,American Sniper,2015-01-23,2015-01-25,50400000,1,1,691,Box Office Predictions: January 23-25,https://toddmthatcher.com/2015/01/20/box-office-predictions-january-23-25/,2015-01-20,"1. American Sniper
Predicted Gross: $50.4 million (representing a drop of 43%)",normalized_exact,No movie title matched
weekly_forecast_matched_as_release_date_not_activity_window,853,weekly_ranked_predictions,unmatched,Mortdecai,2015-01-23,2015-01-25,7400000,1,1,691,Box Office Predictions: January 23-25,https://toddmthatcher.com/2015/01/20/box-office-predictions-january-23-25/,2015-01-20,"6. Mortdecai
Predicted Gross: $7.4 million",normalized_exact,No movie title matched
weekly_forecast_matched_as_release_date_not_activity_window,850,weekly_ranked_predictions,unmatched,Paddington,2015-01-23,2015-01-25,12600000,1,1,691,Box Office Predictions: January 23-25,https://toddmthatcher.com/2015/01/20/box-office-predictions-january-23-25/,2015-01-20,"3. Paddington
Predicted Gross: $12.6 million (representing a drop of 33%)",normalized_exact,No movie title matched
weekly_forecast_matched_as_release_date_not_activity_window,852,weekly_ranked_predictions,unmatched,Strange Magic,2015-01-23,2015-01-25,8600000,1,1,691,Box Office Predictions: January 23-25,https://toddmthatcher.com/2015/01/20/box-office-predictions-january-23-25/,2015-01-20,"5. Strange Magic
Predicted Gross: $8.6 million",normalized_exact,No movie title matched
weekly_forecast_matched_as_release_date_not_activity_window,849,weekly_ranked_predictions,unmatched,The Boy Next Door,2015-01-23,2015-01-25,14700000,1,1,691,Box Office Predictions: January 23-25,https://toddmthatcher.com/2015/01/20/box-office-predictions-january-23-25/,2015-01-20,"2. The Boy Next Door
Predicted Gross: $14.7 million",normalized_exact,No movie title matched
weekly_forecast_matched_as_release_date_not_activity_window,851,weekly_ranked_predictions,unmatched,The Wedding Ringer,2015-01-23,2015-01-25,12100000,1,1,691,Box Office Predictions: January 23-25,https://toddmthatcher.com/2015/01/20/box-office-predictions-january-23-25/,2015-01-20,"4. The Wedding Ringer
Predicted Gross: $12.1 million (representing a drop of 41%)",normalized_exact,No movie title matched
weekly_forecast_matched_as_release_date_not_activity_window,839,weekly_ranked_predictions,unmatched,American Sniper,2015-01-16,2015-01-18,40600000,1,1,683,Box Office Predictions: January 16-18,https://toddmthatcher.com/2015/01/13/box-office-predictions-january-16-18/,2015-01-14,"1. American Sniper
Predicted Gross: $40.6 million",normalized_exact,No movie title matched
weekly_forecast_matched_as_release_date_not_activity_window,843,weekly_ranked_predictions,unmatched,Blackhat,2015-01-16,2015-01-18,13600000,1,1,683,Box Office Predictions: January 16-18,https://toddmthatcher.com/2015/01/13/box-office-predictions-january-16-18/,2015-01-14,"5. Blackhat
Predicted Gross: $13.6 million",normalized_exact,No movie title matched
weekly_forecast_matched_as_release_date_not_activity_window,841,weekly_ranked_predictions,unmatched,Paddington,2015-01-16,2015-01-18,22300000,1,1,683,Box Office Predictions: January 16-18,https://toddmthatcher.com/2015/01/13/box-office-predictions-january-16-18/,2015-01-14,"3. Paddington
Predicted Gross: $22.3 million",normalized_exact,No movie title matched
weekly_forecast_matched_as_release_date_not_activity_window,844,weekly_ranked_predictions,unmatched,Selma,2015-01-16,2015-01-18,12500000,1,1,683,Box Office Predictions: January 16-18,https://toddmthatcher.com/2015/01/13/box-office-predictions-january-16-18/,2015-01-14,"6. Selma
Predicted Gross: $12.5 million (representing an increase of 12%)",normalized_exact,No movie title matched
weekly_forecast_matched_as_release_date_not_activity_window,842,weekly_ranked_predictions,unmatched,Taken 3,2015-01-16,2015-01-18,17100000,1,1,683,Box Office Predictions: January 16-18,https://toddmthatcher.com/2015/01/13/box-office-predictions-january-16-18/,2015-01-14,"4. Taken 3
Predicted Gross: $17.1 million (representing a drop of 56%)",normalized_exact,No movie title matched
weekly_forecast_matched_as_release_date_not_activity_window,840,weekly_ranked_predictions,unmatched,The Wedding Ringer,2015-01-16,2015-01-18,29400000,1,1,683,Box Office Predictions: January 16-18,https://toddmthatcher.com/2015/01/13/box-office-predictions-january-16-18/,2015-01-14,"2. The Wedding Ringer
Predicted Gross: $29.4 million",normalized_exact,No movie title matched
weekly_forecast_matched_as_release_date_not_activity_window,833,weekly_ranked_predictions,unmatched,Into the Woods,2015-01-09,2015-01-11,11800000,1,1,673,Box Office Predictions: January 9-11,https://toddmthatcher.com/2015/01/05/box-office-predictions-january-9-11/,2015-01-06,"4. Into the Woods
Predicted Gross: $11.8 million (representing a drop of 37%)",normalized_exact,No movie title matched
weekly_forecast_matched_as_release_date_not_activity_window,831,weekly_ranked_predictions,unmatched,Selma,2015-01-09,2015-01-11,17200000,1,1,673,Box Office Predictions: January 9-11,https://toddmthatcher.com/2015/01/05/box-office-predictions-january-9-11/,2015-01-06,"2. Selma
Predicted Gross: $17.2 million",normalized_exact,No movie title matched
weekly_forecast_matched_as_release_date_not_activity_window,830,weekly_ranked_predictions,unmatched,Taken 3,2015-01-09,2015-01-11,32800000,1,1,673,Box Office Predictions: January 9-11,https://toddmthatcher.com/2015/01/05/box-office-predictions-january-9-11/,2015-01-06,"1. Taken 3
Predicted Gross: $32.8 million",normalized_exact,No movie title matched
weekly_forecast_matched_as_release_date_not_activity_window,832,weekly_ranked_predictions,unmatched,The Hobbit: The Battle of the Five Armies,2015-01-09,2015-01-11,12100000,1,1,673,Box Office Predictions: January 9-11,https://toddmthatcher.com/2015/01/05/box-office-predictions-january-9-11/,2015-01-06,"3. The Hobbit: The Battle of the Five Armies
Predicted Gross: $12.1 million (representing a drop of 45%)",normalized_exact,No movie title matched
weekly_forecast_matched_as_release_date_not_activity_window,834,weekly_ranked_predictions,unmatched,Unbroken,2015-01-09,2015-01-11,11700000,1,1,673,Box Office Predictions: January 9-11,https://toddmthatcher.com/2015/01/05/box-office-predictions-january-9-11/,2015-01-06,"5. Unbroken
Predicted Gross: $11.7 million (representing a drop of 35%)",normalized_exact,No movie title matched
weekly_forecast_matched_as_release_date_not_activity_window,825,weekly_ranked_predictions,unmatched,Annie,2014-01-02,2014-01-04,11200000,1,1,665,Box Office Predictions: January 2-4,https://toddmthatcher.com/2014/12/30/box-office-predictions-january-2-4/,2014-12-30,"5. Annie
Predicted Gross: $11.2 million (representing a drop of 33%)",normalized_exact,No movie title matched
weekly_forecast_matched_as_release_date_not_activity_window,823,weekly_ranked_predictions,unmatched,Into the Woods,2014-01-02,2014-01-04,18500000,1,1,665,Box Office Predictions: January 2-4,https://toddmthatcher.com/2014/12/30/box-office-predictions-january-2-4/,2014-12-30,"3. Into the Woods
Predicted Gross: $18.5 million (representing a drop of 40%)",normalized_exact,No movie title matched
weekly_forecast_matched_as_release_date_not_activity_window,824,weekly_ranked_predictions,unmatched,Night at the Museum: Secret of the Tomb,2014-01-02,2014-01-04,14300000,1,1,665,Box Office Predictions: January 2-4,https://toddmthatcher.com/2014/12/30/box-office-predictions-january-2-4/,2014-12-30,"4. Night at the Museum: Secret of the Tomb
Predicted Gross: $14.3 million (representing a drop of 30%)",normalized_exact,No movie title matched
weekly_forecast_matched_as_release_date_not_activity_window,821,weekly_ranked_predictions,unmatched,The Hobbit: The Battle of the Five Armies,2014-01-02,2014-01-04,23300000,1,1,665,Box Office Predictions: January 2-4,https://toddmthatcher.com/2014/12/30/box-office-predictions-january-2-4/,2014-12-30,"1. The Hobbit: The Battle of the Five Armies
Predicted Gross: $23.3 million (representing a drop of 42%)",normalized_exact,No movie title matched
weekly_forecast_matched_as_release_date_not_activity_window,826,weekly_ranked_predictions,unmatched,The Woman in Black 2: Angel of Death,2014-01-02,2014-01-04,11100000,1,1,665,Box Office Predictions: January 2-4,https://toddmthatcher.com/2014/12/30/box-office-predictions-january-2-4/,2014-12-30,"6. The Woman in Black 2: Angel of Death
Predicted Gross: $11.1 million",normalized_exact,No movie title matched
weekly_forecast_matched_as_release_date_not_activity_window,822,weekly_ranked_predictions,unmatched,Unbroken,2014-01-02,2014-01-04,19200000,1,1,665,Box Office Predictions: January 2-4,https://toddmthatcher.com/2014/12/30/box-office-predictions-january-2-4/,2014-12-30,"2. Unbroken
Predicted Gross: $19.2 million (representing a drop of 37%)",normalized_exact,No movie title matched
weekly_forecast_matched_as_release_date_not_activity_window,815,weekly_ranked_predictions,unmatched,Annie,2014-12-25,2014-12-28,16900000,1,1,649,Box Office Predictions: December 25-28,https://toddmthatcher.com/2014/12/22/box-office-predictions-december-25-28/,2014-12-23,"5. Annie
Predicted Gross: $16.9 million (representing an increase of 7%)",normalized_exact,No movie title matched
weekly_forecast_matched_as_release_date_not_activity_window,812,weekly_ranked_predictions,unmatched,Into the Woods,2014-12-25,2014-12-28,21800000,1,1,649,Box Office Predictions: December 25-28,https://toddmthatcher.com/2014/12/22/box-office-predictions-december-25-28/,2014-12-23,"2. Into the Woods
Predicted Gross: $21.8 million (Friday to Sunday), $30.1 million (Thursday to Sunday)",normalized_exact,No movie title matched
weekly_forecast_matched_as_release_date_not_activity_window,814,weekly_ranked_predictions,unmatched,Night at the Museum: Secret of the Tomb,2014-12-25,2014-12-28,18700000,1,1,649,Box Office Predictions: December 25-28,https://toddmthatcher.com/2014/12/22/box-office-predictions-december-25-28/,2014-12-23,"4. Night at the Museum: Secret of the Tomb
Predicted Gross: $18.7 million (representing an increase of 10%)",normalized_exact,No movie title matched
weekly_forecast_matched_as_release_date_not_activity_window,811,weekly_ranked_predictions,unmatched,The Hobbit: The Battle of the Five Armies,2014-12-25,2014-12-28,42400000,1,1,649,Box Office Predictions: December 25-28,https://toddmthatcher.com/2014/12/22/box-office-predictions-december-25-28/,2014-12-23,"1. The Hobbit: The Battle of the Five Armies
Predicted Gross: $42.4 million (representing a drop of 23%)",normalized_exact,No movie title matched
weekly_forecast_matched_as_release_date_not_activity_window,813,weekly_ranked_predictions,unmatched,Unbroken,2014-12-25,2014-12-28,20500000,1,1,649,Box Office Predictions: December 25-28,https://toddmthatcher.com/2014/12/22/box-office-predictions-december-25-28/,2014-12-23,"3. Unbroken
Predicted Gross: $20.5 million (Friday to Sunday), $28.6 million (Thursday to Sunday)",normalized_exact,No movie title matched
weekly_forecast_matched_as_release_date_not_activity_window,806,weekly_ranked_predictions,unmatched,Annie,2014-12-19,2014-12-21,17600000,1,1,645,Box Office Predictions: December 19-21,https://toddmthatcher.com/2014/12/15/box-office-predictions-december-19-21/,2014-12-16,"3. Annie
Predicted Gross: $17.6 million",normalized_exact,No movie title matched
weekly_forecast_matched_as_release_date_not_activity_window,807,weekly_ranked_predictions,unmatched,Exodus: Gods and Kings,2014-12-19,2014-12-21,9700000,1,1,645,Box Office Predictions: December 19-21,https://toddmthatcher.com/2014/12/15/box-office-predictions-december-19-21/,2014-12-16,"4. Exodus: Gods and Kings
Predicted Gross: $9.7 million (representing a drop of 59%)",normalized_exact,No movie title matched
weekly_forecast_matched_as_release_date_not_activity_window,805,weekly_ranked_predictions,unmatched,Night at the Museum: Secret of the Tomb,2014-12-19,2014-12-21,25400000,1,1,645,Box Office Predictions: December 19-21,https://toddmthatcher.com/2014/12/15/box-office-predictions-december-19-21/,2014-12-16,"2. Night at the Museum: Secret of the Tomb
Predicted Gross: $25.4 million",normalized_exact,No movie title matched
weekly_forecast_matched_as_release_date_not_activity_window,804,weekly_ranked_predictions,unmatched,The Hobbit: The Battle of the Five Armies,2014-12-19,2014-12-21,67100000,1,1,645,Box Office Predictions: December 19-21,https://toddmthatcher.com/2014/12/15/box-office-predictions-december-19-21/,2014-12-16,"1. The Hobbit: The Battle of the Five Armies
Predicted Gross: $67.1 million (Friday to Sunday), $93.6 million (Wednesday to Sunday)",normalized_exact,No movie title matched
weekly_forecast_matched_as_release_date_not_activity_window,808,weekly_ranked_predictions,unmatched,The Hunger Games: Mockingjay – Part 1,2014-12-19,2014-12-21,8000000,1,1,645,Box Office Predictions: December 19-21,https://toddmthatcher.com/2014/12/15/box-office-predictions-december-19-21/,2014-12-16,"5. The Hunger Games: Mockingjay – Part 1
Predicted Gross: $8 million (representing a drop of 37%)",normalized_exact,No movie title matched
weekly_forecast_matched_as_release_date_not_activity_window,809,weekly_ranked_predictions,unmatched,Wild,2014-12-19,2014-12-21,5800000,1,1,645,Box Office Predictions: December 19-21,https://toddmthatcher.com/2014/12/15/box-office-predictions-december-19-21/,2014-12-16,"6. Wild
Predicted Gross: $5.8 million",normalized_exact,No movie title matched
weekly_forecast_matched_as_release_date_not_activity_window,800,weekly_ranked_predictions,unmatched,Big Hero 6,2014-12-12,2014-12-14,5400000,1,1,637,Box Office Predictions: December 12-14,https://toddmthatcher.com/2014/12/08/box-office-predictions-december-12-14/,2014-12-08,"5. Big Hero 6
Predicted Gross: $5.4 million (representing a drop of 34%)",normalized_exact,No movie title matched
weekly_forecast_matched_as_release_date_not_activity_window,796,weekly_ranked_predictions,unmatched,Exodus: Gods and Kings,2014-12-12,2014-12-14,35500000,1,1,637,Box Office Predictions: December 12-14,https://toddmthatcher.com/2014/12/08/box-office-predictions-december-12-14/,2014-12-08,"1. Exodus: Gods and Kings
Predicted Gross: $35.5 million",normalized_exact,No movie title matched
weekly_forecast_matched_as_release_date_not_activity_window,799,weekly_ranked_predictions,unmatched,Penguins of Madagascar,2014-12-12,2014-12-14,6900000,1,1,637,Box Office Predictions: December 12-14,https://toddmthatcher.com/2014/12/08/box-office-predictions-december-12-14/,2014-12-08,"4. Penguins of Madagascar
Predicted Gross: $6.9 million (representing a drop of 37%)",normalized_exact,No movie title matched
weekly_forecast_matched_as_release_date_not_activity_window,798,weekly_ranked_predictions,unmatched,The Hunger Games: Mockingjay – Part 1,2014-12-12,2014-12-14,11400000,1,1,637,Box Office Predictions: December 12-14,https://toddmthatcher.com/2014/12/08/box-office-predictions-december-12-14/,2014-12-08,"3. The Hunger Games: Mockingjay – Part 1
Predicted Gross: $11.4 million (representing a drop of 47%)",normalized_exact,No movie title matched
weekly_forecast_matched_as_release_date_not_activity_window,797,weekly_ranked_predictions,unmatched,Top Five,2014-12-12,2014-12-14,11600000,1,1,637,Box Office Predictions: December 12-14,https://toddmthatcher.com/2014/12/08/box-office-predictions-december-12-14/,2014-12-08,"2. Top Five
Predicted Gross: $11.6 million",normalized_exact,No movie title matched
weekly_forecast_matched_as_release_date_not_activity_window,791,weekly_ranked_predictions,unmatched,Big Hero 6,2014-12-05,2014-12-07,10500000,1,1,631,Box Office Predictions: December 5-7,https://toddmthatcher.com/2014/12/01/box-office-predictions-december-5-7/,2014-12-02,"3. Big Hero 6
Predicted Gross: $10.5 million (representing a drop of 44%)",normalized_exact,No movie title matched
weekly_forecast_matched_as_release_date_not_activity_window,793,weekly_ranked_predictions,unmatched,Horrible Bosses 2,2014-12-05,2014-12-07,7200000,1,1,631,Box Office Predictions: December 5-7,https://toddmthatcher.com/2014/12/01/box-office-predictions-december-5-7/,2014-12-02,"5. Horrible Bosses 2
Predicted Gross: $7.2 million (representing a drop of 53%)",normalized_exact,No movie title matched
weekly_forecast_matched_as_release_date_not_activity_window,792,weekly_ranked_predictions,unmatched,Interstellar,2014-12-05,2014-12-07,7600000,1,1,631,Box Office Predictions: December 5-7,https://toddmthatcher.com/2014/12/01/box-office-predictions-december-5-7/,2014-12-02,"4. Interstellar
Predicted Gross: $7.6 million (representing a drop of 52%)",normalized_exact,No movie title matched
weekly_forecast_matched_as_release_date_not_activity_window,790,weekly_ranked_predictions,unmatched,Penguins of Madagascar,2014-12-05,2014-12-07,13300000,1,1,631,Box Office Predictions: December 5-7,https://toddmthatcher.com/2014/12/01/box-office-predictions-december-5-7/,2014-12-02,"2. Penguins of Madagascar
Predicted Gross: $13.3 million (representing a drop of 47%)",normalized_exact,No movie title matched
weekly_forecast_matched_as_release_date_not_activity_window,789,weekly_ranked_predictions,unmatched,The Hunger Games: Mockingjay – Part 1,2014-12-05,2014-12-07,21900000,1,1,631,Box Office Predictions: December 5-7,https://toddmthatcher.com/2014/12/01/box-office-predictions-december-5-7/,2014-12-02,"1. The Hunger Games: Mockingjay – Part 1
Predicted Gross: $21.9 million (representing a drop of 61%)",normalized_exact,No movie title matched
weekly_forecast_matched_as_release_date_not_activity_window,787,weekly_ranked_predictions,unmatched,Big Hero 6,2014-11-26,2014-11-30,17000000,1,1,629,Thanksgiving Box Office Predictions: November 26-30,https://toddmthatcher.com/2014/11/24/thanksgiving-box-office-predictions-november-26-30/,2014-11-24,"4. Big Hero 6
Predicted Gross: $17 million (Fri to Sun), $24.8 million (Wed to Sun) – representing a drop of 15%",normalized_exact,No movie title matched
weekly_forecast_matched_as_release_date_not_activity_window,786,weekly_ranked_predictions,unmatched,Horrible Bosses 2,2014-11-26,2014-11-30,28600000,1,1,629,Thanksgiving Box Office Predictions: November 26-30,https://toddmthatcher.com/2014/11/24/thanksgiving-box-office-predictions-november-26-30/,2014-11-24,"3. Horrible Bosses 2
Predicted Gross: $28.6 million (Fri to Sun), $38.3 million (Wed to Sun)",normalized_exact,No movie title matched
weekly_forecast_matched_as_release_date_not_activity_window,788,weekly_ranked_predictions,unmatched,Interstellar,2014-11-26,2014-11-30,10900000,1,1,629,Thanksgiving Box Office Predictions: November 26-30,https://toddmthatcher.com/2014/11/24/thanksgiving-box-office-predictions-november-26-30/,2014-11-24,"5. Interstellar
Predicted Gross: $10.9 million (Fri to Sun), $15.5 million (Wed to Sun) – representing a drop of 30%",normalized_exact,No movie title matched
weekly_forecast_matched_as_release_date_not_activity_window,785,weekly_ranked_predictions,unmatched,Penguins of Madagascar,2014-11-26,2014-11-30,40100000,1,1,629,Thanksgiving Box Office Predictions: November 26-30,https://toddmthatcher.com/2014/11/24/thanksgiving-box-office-predictions-november-26-30/,2014-11-24,"2. Penguins of Madagascar
Predicted Gross: $40.1 million (Fri to Sun), $54.7 million (Wed to Sun)",normalized_exact,No movie title matched
weekly_forecast_matched_as_release_date_not_activity_window,784,weekly_ranked_predictions,unmatched,The Hunger Games – Mockingjay – Part 1,2014-11-26,2014-11-30,57900000,1,1,629,Thanksgiving Box Office Predictions: November 26-30,https://toddmthatcher.com/2014/11/24/thanksgiving-box-office-predictions-november-26-30/,2014-11-24,"1. The Hunger Games – Mockingjay – Part 1
Predicted Gross: $57.9 million (Fri to Sun), $85.7 million (Wed to Sun) – representing a drop of 52%",normalized_exact,No movie title matched
weekly_forecast_matched_as_release_date_not_activity_window,780,weekly_ranked_predictions,unmatched,Beyond the Lights,2014-11-21,2014-11-23,3300000,1,1,623,Box Office Predictions: November 21-23,https://toddmthatcher.com/2014/11/17/box-office-predictions-november-21-23/,2014-11-17,"5. Beyond the Lights
Predicted Gross: $3.3 million (representing a drop of 47%)",normalized_exact,No movie title matched
weekly_forecast_matched_as_release_date_not_activity_window,777,weekly_ranked_predictions,unmatched,Big Hero 6,2014-11-21,2014-11-23,22400000,1,1,623,Box Office Predictions: November 21-23,https://toddmthatcher.com/2014/11/17/box-office-predictions-november-21-23/,2014-11-17,"2. Big Hero 6
Predicted Gross: $22.4 million (representing a drop of 35%)",normalized_exact,No movie title matched
weekly_forecast_matched_as_release_date_not_activity_window,779,weekly_ranked_predictions,unmatched,Dumb and Dumber To,2014-11-21,2014-11-23,16000000,1,1,623,Box Office Predictions: November 21-23,https://toddmthatcher.com/2014/11/17/box-office-predictions-november-21-23/,2014-11-17,"4. Dumb and Dumber To
Predicted Gross: $16 million (representing a drop of 55%)",normalized_exact,No movie title matched
weekly_forecast_matched_as_release_date_not_activity_window,781,weekly_ranked_predictions,unmatched,Gone Girl,2014-11-21,2014-11-23,3200000,1,1,623,Box Office Predictions: November 21-23,https://toddmthatcher.com/2014/11/17/box-office-predictions-november-21-23/,2014-11-17,"6. Gone Girl
Predicted Gross: $3.2 million (representing a drop of 28%)",normalized_exact,No movie title matched
weekly_forecast_matched_as_release_date_not_activity_window,778,weekly_ranked_predictions,unmatched,Interstellar,2014-11-21,2014-11-23,16300000,1,1,623,Box Office Predictions: November 21-23,https://toddmthatcher.com/2014/11/17/box-office-predictions-november-21-23/,2014-11-17,"3. Interstellar
Predicted Gross: $16.3 million (representing a drop of 42%)",normalized_exact,No movie title matched
weekly_forecast_matched_as_release_date_not_activity_window,776,weekly_ranked_predictions,unmatched,The Hunger Games: Mockingjay – Part 1,2014-11-21,2014-11-23,155800000,1,1,623,Box Office Predictions: November 21-23,https://toddmthatcher.com/2014/11/17/box-office-predictions-november-21-23/,2014-11-17,"1. The Hunger Games: Mockingjay – Part 1
Predicted Gross: $155.8 million",normalized_exact,No movie title matched
weekly_forecast_matched_as_release_date_not_activity_window,773,weekly_ranked_predictions,unmatched,Beyond the Lights,2014-11-14,2014-11-16,11400000,1,1,619,Box Office Predictions: November 14-16,https://toddmthatcher.com/2014/11/10/box-office-predictions-november-14-16/,2014-11-10,"4. Beyond the Lights
Predicted Gross: $11.4 million",normalized_exact,No movie title matched
weekly_forecast_matched_as_release_date_not_activity_window,770,weekly_ranked_predictions,unmatched,Big Hero 6,2014-11-14,2014-11-16,38900000,1,1,619,Box Office Predictions: November 14-16,https://toddmthatcher.com/2014/11/10/box-office-predictions-november-14-16/,2014-11-10,"1. Big Hero 6
Predicted Gross: $38.9 million (representing a drop of 30%)",normalized_exact,No movie title matched
weekly_forecast_matched_as_release_date_not_activity_window,771,weekly_ranked_predictions,unmatched,Dumb and Dumber To,2014-11-14,2014-11-16,29200000,1,1,619,Box Office Predictions: November 14-16,https://toddmthatcher.com/2014/11/10/box-office-predictions-november-14-16/,2014-11-10,"2. Dumb and Dumber To
Predicted Gross: $29.2 million",normalized_exact,No movie title matched
weekly_forecast_matched_as_release_date_not_activity_window,774,weekly_ranked_predictions,unmatched,Gone Girl,2014-11-14,2014-11-16,4500000,1,1,619,Box Office Predictions: November 14-16,https://toddmthatcher.com/2014/11/10/box-office-predictions-november-14-16/,2014-11-10,"5. Gone Girl
Predicted Gross: $4.5 million (representing a drop of 29%)",normalized_exact,No movie title matched
weekly_forecast_matched_as_release_date_not_activity_window,772,weekly_ranked_predictions,unmatched,Interstellar,2014-11-14,2014-11-16,28900000,1,1,619,Box Office Predictions: November 14-16,https://toddmthatcher.com/2014/11/10/box-office-predictions-november-14-16/,2014-11-10,"3. Interstellar
Predicted Gross: $28.9 million (representing a drop of 39%)",normalized_exact,No movie title matched
weekly_forecast_matched_as_release_date_not_activity_window,763,weekly_ranked_predictions,unmatched,Big Hero 6,2014-11-07,2014-11-09,61400000,1,1,613,Box Office Predictions: November 7-9,https://toddmthatcher.com/2014/11/04/box-office-predictions-november-7-9/,2014-11-04,"1. Big Hero 6
Predicted Gross: $61.4 million",normalized_exact,No movie title matched
weekly_forecast_matched_as_release_date_not_activity_window,766,weekly_ranked_predictions,unmatched,Gone Girl,2014-11-07,2014-11-09,5400000,1,1,613,Box Office Predictions: November 7-9,https://toddmthatcher.com/2014/11/04/box-office-predictions-november-7-9/,2014-11-04,"4. Gone Girl
Predicted Gross: $5.4 million (representing a drop of 37%)",normalized_exact,No movie title matched
weekly_forecast_matched_as_release_date_not_activity_window,764,weekly_ranked_predictions,unmatched,Interstellar,2014-11-07,2014-11-09,57200000,1,1,613,Box Office Predictions: November 7-9,https://toddmthatcher.com/2014/11/04/box-office-predictions-november-7-9/,2014-11-04,"2. Interstellar
Predicted Gross: $57.2 million",normalized_exact,No movie title matched
weekly_forecast_matched_as_release_date_not_activity_window,765,weekly_ranked_predictions,unmatched,Nightcrawler,2014-11-07,2014-11-09,5400000,1,1,613,Box Office Predictions: November 7-9,https://toddmthatcher.com/2014/11/04/box-office-predictions-november-7-9/,2014-11-04,"3. Nightcrawler
Predicted Gross: $5.4 million (representing a drop of 49%)",normalized_exact,No movie title matched
weekly_forecast_matched_as_release_date_not_activity_window,767,weekly_ranked_predictions,unmatched,The Book of Life,2014-11-07,2014-11-09,5300000,1,1,613,Box Office Predictions: November 7-9,https://toddmthatcher.com/2014/11/04/box-office-predictions-november-7-9/,2014-11-04,"5. The Book of Life
Predicted Gross: $5.3 million (representing a drop of 31%)",normalized_exact,No movie title matched
weekly_forecast_matched_as_release_date_not_activity_window,760,weekly_ranked_predictions,unmatched,Before I Go to Sleep,2014-10-31,2014-11-02,3500000,1,1,607,Box Office Predictions: October 31-November 2,https://toddmthatcher.com/2014/10/27/box-office-predictions-october-31-november-2/,2014-10-27,"10. Before I Go to Sleep
Predicted Gross: $3.5 million",normalized_exact,No movie title matched
weekly_forecast_matched_as_release_date_not_activity_window,753,weekly_ranked_predictions,unmatched,Fury,2014-10-31,2014-11-02,7700000,1,1,607,Box Office Predictions: October 31-November 2,https://toddmthatcher.com/2014/10/27/box-office-predictions-october-31-november-2/,2014-10-27,"3. Fury
Predicted Gross: $7.7 million (representing a drop of 42%)",normalized_exact,No movie title matched
weekly_forecast_matched_as_release_date_not_activity_window,754,weekly_ranked_predictions,unmatched,Gone Girl,2014-10-31,2014-11-02,7400000,1,1,607,Box Office Predictions: October 31-November 2,https://toddmthatcher.com/2014/10/27/box-office-predictions-october-31-november-2/,2014-10-27,"4. Gone Girl
Predicted Gross: $7.4 million (representing a drop of 34%)",normalized_exact,No movie title matched
weekly_forecast_matched_as_release_date_not_activity_window,755,weekly_ranked_predictions,unmatched,John Wick,2014-10-31,2014-11-02,7300000,1,1,607,Box Office Predictions: October 31-November 2,https://toddmthatcher.com/2014/10/27/box-office-predictions-october-31-november-2/,2014-10-27,"5. John Wick
Predicted Gross: $7.3 million (representing a drop of 49%)",normalized_exact,No movie title matched
weekly_forecast_matched_as_release_date_not_activity_window,752,weekly_ranked_predictions,unmatched,Nightcrawler,2014-10-31,2014-11-02,8100000,1,1,607,Box Office Predictions: October 31-November 2,https://toddmthatcher.com/2014/10/27/box-office-predictions-october-31-november-2/,2014-10-27,"2. Nightcrawler
Predicted Gross: $8.1 million",normalized_exact,No movie title matched
weekly_forecast_matched_as_release_date_not_activity_window,751,weekly_ranked_predictions,unmatched,Ouija,2014-10-31,2014-11-02,8800000,1,1,607,Box Office Predictions: October 31-November 2,https://toddmthatcher.com/2014/10/27/box-office-predictions-october-31-november-2/,2014-10-27,"1. Ouija
Predicted Gross: $8.8 million (representing a drop of 56%)",normalized_exact,No movie title matched
weekly_forecast_matched_as_release_date_not_activity_window,757,weekly_ranked_predictions,unmatched,St. Vincent,2014-10-31,2014-11-02,4600000,1,1,607,Box Office Predictions: October 31-November 2,https://toddmthatcher.com/2014/10/27/box-office-predictions-october-31-november-2/,2014-10-27,"7. St. Vincent
Predicted Gross: $4.6 million (representing a drop of 39%)",normalized_exact,No movie title matched
weekly_forecast_matched_as_release_date_not_activity_window,756,weekly_ranked_predictions,unmatched,The Book of Life,2014-10-31,2014-11-02,7100000,1,1,607,Box Office Predictions: October 31-November 2,https://toddmthatcher.com/2014/10/27/box-office-predictions-october-31-november-2/,2014-10-27,"6. The Book of Life
Predicted Gross: $7.1 million (representing a drop of 38%)",normalized_exact,No movie title matched
weekly_forecast_matched_as_release_date_not_activity_window,743,weekly_ranked_predictions,unmatched,Fury,2014-10-24,2014-10-26,14800000,1,1,597,Box Office Predictions: October 24-26,https://toddmthatcher.com/2014/10/20/box-office-predictions-october-24-26/,2014-10-20,"2. Fury
Predicted Gross: $14.8 million (representing a drop of 37%)",normalized_exact,No movie title matched
weekly_forecast_matched_as_release_date_not_activity_window,744,weekly_ranked_predictions,unmatched,Gone Girl,2014-10-24,2014-10-26,11600000,1,1,597,Box Office Predictions: October 24-26,https://toddmthatcher.com/2014/10/20/box-office-predictions-october-24-26/,2014-10-20,"3. Gone Girl
Predicted Gross: $11.6 million (representing a drop of 34%)",normalized_exact,No movie title matched
weekly_forecast_matched_as_release_date_not_activity_window,746,weekly_ranked_predictions,unmatched,John Wick,2014-10-24,2014-10-26,11000000,1,1,597,Box Office Predictions: October 24-26,https://toddmthatcher.com/2014/10/20/box-office-predictions-october-24-26/,2014-10-20,"5. John Wick
Predicted Gross: $11 million",normalized_exact,No movie title matched
weekly_forecast_matched_as_release_date_not_activity_window,742,weekly_ranked_predictions,unmatched,Ouija,2014-10-24,2014-10-26,24900000,1,1,597,Box Office Predictions: October 24-26,https://toddmthatcher.com/2014/10/20/box-office-predictions-october-24-26/,2014-10-20,"1. Ouija
Predicted Gross: $24.9 million",normalized_exact,No movie title matched
weekly_forecast_matched_as_release_date_not_activity_window,745,weekly_ranked_predictions,unmatched,The Book of Life,2014-10-24,2014-10-26,11300000,1,1,597,Box Office Predictions: October 24-26,https://toddmthatcher.com/2014/10/20/box-office-predictions-october-24-26/,2014-10-20,"4. The Book of Life
Predicted Gross: $11.3 million (representing a drop of 34%)",normalized_exact,No movie title matched
weekly_forecast_matched_as_release_date_not_activity_window,738,weekly_ranked_predictions,unmatched,"Alexander and the Terrible, Horrible, No Good, Very Bad Day",2014-10-17,2014-10-19,12500000,1,1,591,Box Office Predictions: October 17-19,https://toddmthatcher.com/2014/10/13/box-office-predictions-october-17-19/,2014-10-13,"5. Alexander and the Terrible, Horrible, No Good, Very Bad Day
Predicted Gross: $12.5 million (representing a drop of 32%)",normalized_exact,No movie title matched
weekly_forecast_matched_as_release_date_not_activity_window,739,weekly_ranked_predictions,unmatched,Dracula Untold,2014-10-17,2014-10-19,10700000,1,1,591,Box Office Predictions: October 17-19,https://toddmthatcher.com/2014/10/13/box-office-predictions-october-17-19/,2014-10-13,"6. Dracula Untold
Predicted Gross: $10.7 million (representing a drop of 54%)",normalized_exact,No movie title matched
weekly_forecast_matched_as_release_date_not_activity_window,734,weekly_ranked_predictions,unmatched,Fury,2014-10-17,2014-10-19,26400000,1,1,591,Box Office Predictions: October 17-19,https://toddmthatcher.com/2014/10/13/box-office-predictions-october-17-19/,2014-10-13,"1. Fury
Predicted Gross: $26.4 million",normalized_exact,No movie title matched
weekly_forecast_matched_as_release_date_not_activity_window,736,weekly_ranked_predictions,unmatched,Gone Girl,2014-10-17,2014-10-19,17600000,1,1,591,Box Office Predictions: October 17-19,https://toddmthatcher.com/2014/10/13/box-office-predictions-october-17-19/,2014-10-13,"3. Gone Girl
Predicted Gross: $17.6 million (representing a drop of 33%)",normalized_exact,No movie title matched
weekly_forecast_matched_as_release_date_not_activity_window,735,weekly_ranked_predictions,unmatched,The Best of Me,2014-10-17,2014-10-19,17800000,1,1,591,Box Office Predictions: October 17-19,https://toddmthatcher.com/2014/10/13/box-office-predictions-october-17-19/,2014-10-13,"2. The Best of Me
Predicted Gross: $17.8 million",normalized_exact,No movie title matched
weekly_forecast_matched_as_release_date_not_activity_window,737,weekly_ranked_predictions,unmatched,The Book of Life,2014-10-17,2014-10-19,15600000,1,1,591,Box Office Predictions: October 17-19,https://toddmthatcher.com/2014/10/13/box-office-predictions-october-17-19/,2014-10-13,"4. The Book of Life
Predicted Gross: $15.6 million",normalized_exact,No movie title matched
weekly_forecast_matched_as_release_date_not_activity_window,727,weekly_ranked_predictions,unmatched,"Alexander and the Terrible, Horrible, No Good, Very Bad Day",2014-10-10,2014-10-12,18700000,1,1,583,Box Office Predictions: October 10-12,https://toddmthatcher.com/2014/10/06/box-office-predictions-october-10-12/,2014-10-06,"2. Alexander and the Terrible, Horrible, No Good, Very Bad Day
Predicted Gross: $18.7 million",normalized_exact,No movie title matched
weekly_forecast_matched_as_release_date_not_activity_window,730,weekly_ranked_predictions,unmatched,Dracula Untold,2014-10-10,2014-10-12,14400000,1,1,583,Box Office Predictions: October 10-12,https://toddmthatcher.com/2014/10/06/box-office-predictions-october-10-12/,2014-10-06,"5. Dracula Untold
Predicted Gross: $14.4 million",normalized_exact,No movie title matched
weekly_forecast_matched_as_release_date_not_activity_window,726,weekly_ranked_predictions,unmatched,Gone Girl,2014-10-10,2014-10-12,24200000,1,1,583,Box Office Predictions: October 10-12,https://toddmthatcher.com/2014/10/06/box-office-predictions-october-10-12/,2014-10-06,"1. Gone Girl
Predicted Gross: $24.2 million (representing a drop of 35%)",normalized_exact,No movie title matched
weekly_forecast_matched_as_release_date_not_activity_window,728,weekly_ranked_predictions,unmatched,The Judge,2014-10-10,2014-10-12,16400000,1,1,583,Box Office Predictions: October 10-12,https://toddmthatcher.com/2014/10/06/box-office-predictions-october-10-12/,2014-10-06,"3. The Judge
Predicted Gross: $16.4 million",normalized_exact,No movie title matched
weekly_forecast_matched_as_release_date_not_activity_window,720,weekly_ranked_predictions,unmatched,Gone Girl,2014-10-03,2014-10-05,39600000,1,1,581,Box Office Predictions: October 3-5,https://toddmthatcher.com/2014/09/29/box-office-predictions-october-3-5/,2014-09-30,"1. Gone Girl
Predicted Gross: $39.6 million",normalized_exact,No movie title matched
weekly_forecast_matched_as_release_date_not_activity_window,725,weekly_ranked_predictions,unmatched,Left Behind,2014-10-03,2014-10-05,7600000,1,1,581,Box Office Predictions: October 3-5,https://toddmthatcher.com/2014/09/29/box-office-predictions-october-3-5/,2014-09-30,"6. Left Behind
Predicted Gross: $7.6 million",normalized_exact,No movie title matched
weekly_forecast_matched_as_release_date_not_activity_window,723,weekly_ranked_predictions,unmatched,The Boxtrolls,2014-10-03,2014-10-05,11400000,1,1,581,Box Office Predictions: October 3-5,https://toddmthatcher.com/2014/09/29/box-office-predictions-october-3-5/,2014-09-30,"4. The Boxtrolls
Predicted Gross: $11.4 million (representing a drop of 34%)",normalized_exact,No movie title matched
weekly_forecast_matched_as_release_date_not_activity_window,722,weekly_ranked_predictions,unmatched,The Equalizer,2014-10-03,2014-10-05,16700000,1,1,581,Box Office Predictions: October 3-5,https://toddmthatcher.com/2014/09/29/box-office-predictions-october-3-5/,2014-09-30,"3. The Equalizer
Predicted Gross: $16.7 million (representing a drop of 51%)",normalized_exact,No movie title matched
weekly_forecast_matched_as_release_date_not_activity_window,724,weekly_ranked_predictions,unmatched,The Maze Runner,2014-10-03,2014-10-05,9800000,1,1,581,Box Office Predictions: October 3-5,https://toddmthatcher.com/2014/09/29/box-office-predictions-october-3-5/,2014-09-30,"5. The Maze Runner
Predicted Gross: $9.8 million (representing a drop of 44%)",normalized_exact,No movie title matched
weekly_forecast_matched_as_release_date_not_activity_window,711,weekly_ranked_predictions,unmatched,A Walk Among the Tombstones,2014-09-26,2014-09-28,6100000,1,1,565,Box Office Predictions: September 26-28,https://toddmthatcher.com/2014/09/23/box-office-predictions-september-26-28/,2014-09-23,"4. A Walk Among the Tombstones
Predicted Gross: $6.1 million (representing a drop of 52%)",normalized_exact,No movie title matched
weekly_forecast_matched_as_release_date_not_activity_window,709,weekly_ranked_predictions,unmatched,The Boxtrolls,2014-09-26,2014-09-28,17200000,1,1,565,Box Office Predictions: September 26-28,https://toddmthatcher.com/2014/09/23/box-office-predictions-september-26-28/,2014-09-23,"2. The Boxtrolls
Predicted Gross: $17.2 million",normalized_exact,No movie title matched
weekly_forecast_matched_as_release_date_not_activity_window,708,weekly_ranked_predictions,unmatched,The Equalizer,2014-09-26,2014-09-28,34800000,1,1,565,Box Office Predictions: September 26-28,https://toddmthatcher.com/2014/09/23/box-office-predictions-september-26-28/,2014-09-23,"1. The Equalizer
Predicted Gross: $34.8 million",normalized_exact,No movie title matched
weekly_forecast_matched_as_release_date_not_activity_window,710,weekly_ranked_predictions,unmatched,The Maze Runner,2014-09-26,2014-09-28,14600000,1,1,565,Box Office Predictions: September 26-28,https://toddmthatcher.com/2014/09/23/box-office-predictions-september-26-28/,2014-09-23,"3. The Maze Runner
Predicted Gross: $14.6 million (representing a drop of 55%)",normalized_exact,No movie title matched
weekly_forecast_matched_as_release_date_not_activity_window,712,weekly_ranked_predictions,unmatched,This Is Where I Leave You,2014-09-26,2014-09-28,5800000,1,1,565,Box Office Predictions: September 26-28,https://toddmthatcher.com/2014/09/23/box-office-predictions-september-26-28/,2014-09-23,"5. This Is Where I Leave You
Predicted Gross: $5.8 million (representing a drop of 49%)",normalized_exact,No movie title matched
weekly_forecast_matched_as_release_date_not_activity_window,702,weekly_ranked_predictions,unmatched,A Walk Among the Tombstones,2014-09-19,2014-09-21,21400000,1,1,559,Box Office Predictions: September 19-21,https://toddmthatcher.com/2014/09/15/box-office-predictions-september-19-21/,2014-09-15,"2. A Walk Among the Tombstones
Predicted Gross: $21.4 million",normalized_exact,No movie title matched
weekly_forecast_matched_as_release_date_not_activity_window,704,weekly_ranked_predictions,unmatched,Dolphin Tale 2,2014-09-19,2014-09-21,10800000,1,1,559,Box Office Predictions: September 19-21,https://toddmthatcher.com/2014/09/15/box-office-predictions-september-19-21/,2014-09-15,"4. Dolphin Tale 2
Predicted Gross: $10.8 million (representing a drop of 32%)",normalized_exact,No movie title matched
weekly_forecast_matched_as_release_date_not_activity_window,705,weekly_ranked_predictions,unmatched,No Good Deed,2014-09-19,2014-09-21,10700000,1,1,559,Box Office Predictions: September 19-21,https://toddmthatcher.com/2014/09/15/box-office-predictions-september-19-21/,2014-09-15,"5. No Good Deed
Predicted Gross: $10.7 million (representing a drop of 57%)",normalized_exact,No movie title matched
weekly_forecast_matched_as_release_date_not_activity_window,701,weekly_ranked_predictions,unmatched,The Maze Runner,2014-09-19,2014-09-21,26100000,1,1,559,Box Office Predictions: September 19-21,https://toddmthatcher.com/2014/09/15/box-office-predictions-september-19-21/,2014-09-15,"1. The Maze Runner
Predicted Gross: $26.1 million",normalized_exact,No movie title matched
weekly_forecast_matched_as_release_date_not_activity_window,703,weekly_ranked_predictions,unmatched,This Is Where I Leave You,2014-09-19,2014-09-21,12300000,1,1,559,Box Office Predictions: September 19-21,https://toddmthatcher.com/2014/09/15/box-office-predictions-september-19-21/,2014-09-15,"3. This Is Where I Leave You
Predicted Gross: $12.3 million",normalized_exact,No movie title matched
weekly_forecast_matched_as_release_date_not_activity_window,693,weekly_ranked_predictions,unmatched,Dolphin Tale 2,2014-09-12,2014-09-14,16400000,1,1,551,Box Office Predictions: September 12-14,https://toddmthatcher.com/2014/09/08/box-office-predictions-september-12-14/,2014-09-08,"1. Dolphin Tale 2
Predicted Gross: $16.4 million",normalized_exact,No movie title matched
weekly_forecast_matched_as_release_date_not_activity_window,695,weekly_ranked_predictions,unmatched,Guardians of the Galaxy,2014-09-12,2014-09-14,6800000,1,1,551,Box Office Predictions: September 12-14,https://toddmthatcher.com/2014/09/08/box-office-predictions-september-12-14/,2014-09-08,"3. Guardians of the Galaxy
Predicted Gross: $6.8 million (representing a drop of 34%)",normalized_exact,No movie title matched
weekly_forecast_matched_as_release_date_not_activity_window,694,weekly_ranked_predictions,unmatched,No Good Deed,2014-09-12,2014-09-14,13800000,1,1,551,Box Office Predictions: September 12-14,https://toddmthatcher.com/2014/09/08/box-office-predictions-september-12-14/,2014-09-08,"2. No Good Deed
Predicted Gross: $13.8 million",normalized_exact,No movie title matched
weekly_forecast_matched_as_release_date_not_activity_window,696,weekly_ranked_predictions,unmatched,Teenage Mutant Ninja Turtles,2014-09-12,2014-09-14,3900000,1,1,551,Box Office Predictions: September 12-14,https://toddmthatcher.com/2014/09/08/box-office-predictions-september-12-14/,2014-09-08,"4. Teenage Mutant Ninja Turtles
Predicted Gross: $3.9 million (representing a drop of 41%)",normalized_exact,No movie title matched
weekly_forecast_matched_as_release_date_not_activity_window,686,weekly_ranked_predictions,unmatched,Guardians of the Galaxy,2014-09-05,2014-09-07,10900000,1,1,545,Box Office Predictions: September 5-7,https://toddmthatcher.com/2014/09/02/box-office-predictions-september-5-7/,2014-09-02,"1. Guardians of the Galaxy
Predicted Gross: $10.9 million (representing a drop of 39%)",normalized_exact,No movie title matched
weekly_forecast_matched_as_release_date_not_activity_window,688,weekly_ranked_predictions,unmatched,If I Stay,2014-09-05,2014-09-07,5300000,1,1,545,Box Office Predictions: September 5-7,https://toddmthatcher.com/2014/09/02/box-office-predictions-september-5-7/,2014-09-02,"3. If I Stay
Predicted Gross: $5.3 million (representing a drop of 43%)",normalized_exact,No movie title matched
weekly_forecast_matched_as_release_date_not_activity_window,687,weekly_ranked_predictions,unmatched,Teenage Mutant Ninja Turtles,2014-09-05,2014-09-07,6600000,1,1,545,Box Office Predictions: September 5-7,https://toddmthatcher.com/2014/09/02/box-office-predictions-september-5-7/,2014-09-02,"2. Teenage Mutant Ninja Turtles
Predicted Gross: $6.6 million (representing a drop of 44%)",normalized_exact,No movie title matched
weekly_forecast_matched_as_release_date_not_activity_window,690,weekly_ranked_predictions,unmatched,The November Man,2014-09-05,2014-09-07,4100000,1,1,545,Box Office Predictions: September 5-7,https://toddmthatcher.com/2014/09/02/box-office-predictions-september-5-7/,2014-09-02,"5. The November Man
Predicted Gross: $4.1 million (representing a drop of 49%)",normalized_exact,No movie title matched
weekly_forecast_matched_as_release_date_not_activity_window,681,weekly_ranked_predictions,unmatched,"As Above, So Below",2014-08-29,2014-09-01,11800000,1,1,541,Box Office Predictions: August 29-September 1,https://toddmthatcher.com/2014/08/25/box-office-predictions-august-29-september-1/,2014-08-25,"4. As Above, So Below
Predicted Gross: $11.8 million",normalized_exact,No movie title matched
weekly_forecast_matched_as_release_date_not_activity_window,678,weekly_ranked_predictions,unmatched,Guardians of the Galaxy,2014-08-29,2014-09-01,21100000,1,1,541,Box Office Predictions: August 29-September 1,https://toddmthatcher.com/2014/08/25/box-office-predictions-august-29-september-1/,2014-08-25,"1. Guardians of the Galaxy
Predicted Gross: $21.1 million (representing an increase of 23%)",normalized_exact,No movie title matched
weekly_forecast_matched_as_release_date_not_activity_window,680,weekly_ranked_predictions,unmatched,If I Stay,2014-08-29,2014-09-01,17200000,1,1,541,Box Office Predictions: August 29-September 1,https://toddmthatcher.com/2014/08/25/box-office-predictions-august-29-september-1/,2014-08-25,"3. If I Stay
Predicted Gross: $17.2 million (representing an increase of 11%)",normalized_exact,No movie title matched
weekly_forecast_matched_as_release_date_not_activity_window,679,weekly_ranked_predictions,unmatched,Teenage Mutant Ninja Turtles,2014-08-29,2014-09-01,19300000,1,1,541,Box Office Predictions: August 29-September 1,https://toddmthatcher.com/2014/08/25/box-office-predictions-august-29-september-1/,2014-08-25,"2. Teenage Mutant Ninja Turtles
Predicted Gross: $19.3 million (representing an increase of 16%)",normalized_exact,No movie title matched
weekly_forecast_matched_as_release_date_not_activity_window,684,weekly_ranked_predictions,unmatched,The November Man,2014-08-29,2014-09-01,8100000,1,1,541,Box Office Predictions: August 29-September 1,https://toddmthatcher.com/2014/08/25/box-office-predictions-august-29-september-1/,2014-08-25,"7. The November Man
Predicted Gross: $8.1 million (Friday to Monday projection), $11 million (Wednesday to Monday projection)",normalized_exact,No movie title matched
weekly_forecast_matched_as_release_date_not_activity_window,683,weekly_ranked_predictions,unmatched,When the Game Stands Tall,2014-08-29,2014-09-01,9800000,1,1,541,Box Office Predictions: August 29-September 1,https://toddmthatcher.com/2014/08/25/box-office-predictions-august-29-september-1/,2014-08-25,"6. When the Game Stands Tall
Predicted Gross: $9.8 million (representing an increase of 19%)",normalized_exact,No movie title matched
weekly_forecast_matched_as_release_date_not_activity_window,673,weekly_ranked_predictions,unmatched,Guardians of the Galaxy,2014-08-22,2014-08-24,15000000,1,1,537,Box Office Predictions: August 22-24,https://toddmthatcher.com/2014/08/18/box-office-predictions-august-22-24/,2014-08-19,"2. Guardians of the Galaxy
Predicted Gross: $15 million (representing a drop of 40%)",normalized_exact,No movie title matched
weekly_forecast_matched_as_release_date_not_activity_window,675,weekly_ranked_predictions,unmatched,If I Stay,2014-08-22,2014-08-24,12100000,1,1,537,Box Office Predictions: August 22-24,https://toddmthatcher.com/2014/08/18/box-office-predictions-august-22-24/,2014-08-19,"4. If I Stay
Predicted Gross: $12.1 million",normalized_exact,No movie title matched
weekly_forecast_matched_as_release_date_not_activity_window,672,weekly_ranked_predictions,unmatched,Sin City: A Dame to Kill For,2014-08-22,2014-08-24,20800000,1,1,537,Box Office Predictions: August 22-24,https://toddmthatcher.com/2014/08/18/box-office-predictions-august-22-24/,2014-08-19,"1. Sin City: A Dame to Kill For
Predicted Gross: $20.8 million",normalized_exact,No movie title matched
weekly_forecast_matched_as_release_date_not_activity_window,674,weekly_ranked_predictions,unmatched,Teenage Mutant Ninja Turtles,2014-08-22,2014-08-24,12700000,1,1,537,Box Office Predictions: August 22-24,https://toddmthatcher.com/2014/08/18/box-office-predictions-august-22-24/,2014-08-19,"3. Teenage Mutant Ninja Turtles
Predicted Gross: $12.7 million (representing a drop of 53%)",normalized_exact,No movie title matched
weekly_forecast_matched_as_release_date_not_activity_window,676,weekly_ranked_predictions,unmatched,When the Game Stands Tall,2014-08-22,2014-08-24,9000000,1,1,537,Box Office Predictions: August 22-24,https://toddmthatcher.com/2014/08/18/box-office-predictions-august-22-24/,2014-08-19,"5. When the Game Stands Tall
Predicted Gross: $9 million",normalized_exact,No movie title matched
weekly_forecast_matched_as_release_date_not_activity_window,665,weekly_ranked_predictions,unmatched,Guardians of the Galaxy,2014-08-15,2014-08-17,24100000,1,1,529,Box Office Predictions: August 15-17,https://toddmthatcher.com/2014/08/11/box-office-predictions-august-15-17/,2014-08-11,"2. Guardians of the Galaxy
Predicted Gross: $24.1 million (representing a drop of 42%)",normalized_exact,No movie title matched
weekly_forecast_matched_as_release_date_not_activity_window,664,weekly_ranked_predictions,unmatched,Teenage Mutant Ninja Turtles,2014-08-15,2014-08-17,25700000,1,1,529,Box Office Predictions: August 15-17,https://toddmthatcher.com/2014/08/11/box-office-predictions-august-15-17/,2014-08-11,"1. Teenage Mutant Ninja Turtles
Predicted Gross: $25.7 million (representing a drop of 60%)",normalized_exact,No movie title matched
weekly_forecast_matched_as_release_date_not_activity_window,666,weekly_ranked_predictions,unmatched,The Expendables 3,2014-08-15,2014-08-17,21500000,1,1,529,Box Office Predictions: August 15-17,https://toddmthatcher.com/2014/08/11/box-office-predictions-august-15-17/,2014-08-11,"3. The Expendables 3
Predicted Gross: $21.5 million",normalized_exact,No movie title matched
weekly_forecast_matched_as_release_date_not_activity_window,668,weekly_ranked_predictions,unmatched,The Giver,2014-08-15,2014-08-17,11000000,1,1,529,Box Office Predictions: August 15-17,https://toddmthatcher.com/2014/08/11/box-office-predictions-august-15-17/,2014-08-11,"5. The Giver
Predicted Gross: $11 million",normalized_exact,No movie title matched
weekly_forecast_matched_as_release_date_not_activity_window,658,weekly_ranked_predictions,unmatched,Get On Up,2014-08-08,2014-08-10,8800000,1,1,521,Box Office Predictions: August 8-10,https://toddmthatcher.com/2014/08/04/box-office-predictions-august-8-10/,2014-08-05,"5. Get On Up
Predicted Gross: $8.8 million (representing a drop of 34%)",normalized_exact,No movie title matched
weekly_forecast_matched_as_release_date_not_activity_window,654,weekly_ranked_predictions,unmatched,Guardians of the Galaxy,2014-08-08,2014-08-10,42900000,1,1,521,Box Office Predictions: August 8-10,https://toddmthatcher.com/2014/08/04/box-office-predictions-august-8-10/,2014-08-05,"1. Guardians of the Galaxy
Predicted Gross: $42.9 million (representing a drop of 54%)",normalized_exact,No movie title matched
weekly_forecast_matched_as_release_date_not_activity_window,656,weekly_ranked_predictions,unmatched,Into the Storm,2014-08-08,2014-08-10,13600000,1,1,521,Box Office Predictions: August 8-10,https://toddmthatcher.com/2014/08/04/box-office-predictions-august-8-10/,2014-08-05,"3. Into the Storm
Predicted Gross: $13.6 million",normalized_exact,No movie title matched
weekly_forecast_matched_as_release_date_not_activity_window,660,weekly_ranked_predictions,unmatched,Lucy,2014-08-08,2014-08-10,8100000,1,1,521,Box Office Predictions: August 8-10,https://toddmthatcher.com/2014/08/04/box-office-predictions-august-8-10/,2014-08-05,"7. Lucy
Predicted Gross: $8.1 million (representing a drop of 55%)",normalized_exact,No movie title matched
weekly_forecast_matched_as_release_date_not_activity_window,659,weekly_ranked_predictions,unmatched,Step Up: All In,2014-08-08,2014-08-10,8400000,1,1,521,Box Office Predictions: August 8-10,https://toddmthatcher.com/2014/08/04/box-office-predictions-august-8-10/,2014-08-05,"6. Step Up: All In
Predicted Gross: $8.4 million",normalized_exact,No movie title matched
weekly_forecast_matched_as_release_date_not_activity_window,655,weekly_ranked_predictions,unmatched,Teenage Mutant Ninja Turtles,2014-08-08,2014-08-10,28200000,1,1,521,Box Office Predictions: August 8-10,https://toddmthatcher.com/2014/08/04/box-office-predictions-august-8-10/,2014-08-05,"2. Teenage Mutant Ninja Turtles
Predicted Gross: $28.2 million",normalized_exact,No movie title matched
weekly_forecast_matched_as_release_date_not_activity_window,657,weekly_ranked_predictions,unmatched,The Hundred-Foot Journey,2014-08-08,2014-08-10,10700000,1,1,521,Box Office Predictions: August 8-10,https://toddmthatcher.com/2014/08/04/box-office-predictions-august-8-10/,2014-08-05,"4. The Hundred-Foot Journey
Predicted Gross: $10.7 million",normalized_exact,No movie title matched
weekly_forecast_matched_as_release_date_not_activity_window,648,weekly_ranked_predictions,unmatched,Dawn of the Planet of the Apes,2014-08-01,2014-08-03,8500000,1,1,509,Box Office Predictions: August 1-3,https://toddmthatcher.com/2014/07/29/box-office-predictions-august-1-3/,2014-07-29,"5. Dawn of the Planet of the Apes
Predicted Gross: $8.5 million (representing a drop of 49%)",normalized_exact,No movie title matched
weekly_forecast_matched_as_release_date_not_activity_window,645,weekly_ranked_predictions,unmatched,Get On Up,2014-08-01,2014-08-03,24900000,1,1,509,Box Office Predictions: August 1-3,https://toddmthatcher.com/2014/07/29/box-office-predictions-august-1-3/,2014-07-29,"2. Get On Up
Predicted Gross: $24.9 million",normalized_exact,No movie title matched
weekly_forecast_matched_as_release_date_not_activity_window,644,weekly_ranked_predictions,unmatched,Guardians of the Galaxy,2014-08-01,2014-08-03,74600000,1,1,509,Box Office Predictions: August 1-3,https://toddmthatcher.com/2014/07/29/box-office-predictions-august-1-3/,2014-07-29,"1. Guardians of the Galaxy
Predicted Gross: $74.6 million",normalized_exact,No movie title matched
weekly_forecast_matched_as_release_date_not_activity_window,647,weekly_ranked_predictions,unmatched,Hercules,2014-08-01,2014-08-03,13000000,1,1,509,Box Office Predictions: August 1-3,https://toddmthatcher.com/2014/07/29/box-office-predictions-august-1-3/,2014-07-29,"4. Hercules
Predicted Gross: $13 million (representing a drop of 57%)",normalized_exact,No movie title matched
weekly_forecast_matched_as_release_date_not_activity_window,646,weekly_ranked_predictions,unmatched,Lucy,2014-08-01,2014-08-03,16600000,1,1,509,Box Office Predictions: August 1-3,https://toddmthatcher.com/2014/07/29/box-office-predictions-august-1-3/,2014-07-29,"3. Lucy
Predicted Gross: $16.6 million (representing a drop of 62%)",normalized_exact,No movie title matched
weekly_forecast_matched_as_release_date_not_activity_window,642,weekly_ranked_predictions,unmatched,And So It Goes,2014-07-25,2014-07-27,9300000,1,1,505,Box Office Predictions: July 25-27,https://toddmthatcher.com/2014/07/21/box-office-predictions-july-25-27/,2014-07-21,"6. And So It Goes
Predicted Gross: $9.3 million",normalized_exact,No movie title matched
weekly_forecast_matched_as_release_date_not_activity_window,639,weekly_ranked_predictions,unmatched,Dawn of the Planet of the Apes,2014-07-25,2014-07-27,19400000,1,1,505,Box Office Predictions: July 25-27,https://toddmthatcher.com/2014/07/21/box-office-predictions-july-25-27/,2014-07-21,"3. Dawn of the Planet of the Apes
Predicted Gross: $19.4 million (representing a drop of 46%)",normalized_exact,No movie title matched
weekly_forecast_matched_as_release_date_not_activity_window,638,weekly_ranked_predictions,unmatched,Hercules,2014-07-25,2014-07-27,21400000,1,1,505,Box Office Predictions: July 25-27,https://toddmthatcher.com/2014/07/21/box-office-predictions-july-25-27/,2014-07-21,"2. Hercules
Predicted Gross: $21.4 million",normalized_exact,No movie title matched
weekly_forecast_matched_as_release_date_not_activity_window,637,weekly_ranked_predictions,unmatched,Lucy,2014-07-25,2014-07-27,28100000,1,1,505,Box Office Predictions: July 25-27,https://toddmthatcher.com/2014/07/21/box-office-predictions-july-25-27/,2014-07-21,"1. Lucy
Predicted Gross: $28.1 million",normalized_exact,No movie title matched
weekly_forecast_matched_as_release_date_not_activity_window,640,weekly_ranked_predictions,unmatched,Planes: Fire & Rescue,2014-07-25,2014-07-27,11200000,1,1,505,Box Office Predictions: July 25-27,https://toddmthatcher.com/2014/07/21/box-office-predictions-july-25-27/,2014-07-21,"4. Planes: Fire & Rescue
Predicted Gross: $11.2 million (representing a drop of 36%)",normalized_exact,No movie title matched
weekly_forecast_matched_as_release_date_not_activity_window,641,weekly_ranked_predictions,unmatched,The Purge: Anarchy,2014-07-25,2014-07-27,10300000,1,1,505,Box Office Predictions: July 25-27,https://toddmthatcher.com/2014/07/21/box-office-predictions-july-25-27/,2014-07-21,"5. The Purge: Anarchy
Predicted Gross: $10.3 million (representing a drop of 65%)",normalized_exact,No movie title matched
weekly_forecast_matched_as_release_date_not_activity_window,629,weekly_ranked_predictions,unmatched,Dawn of the Planet of the Apes,2014-07-18,2014-07-20,34600000,1,1,497,Box Office Predictions: July 18-20,https://toddmthatcher.com/2014/07/14/box-office-predictions-july-18-20/,2014-07-14,"1. Dawn of the Planet of the Apes
Predicted Gross: $34.6 million (representing a drop of 52%)",normalized_exact,No movie title matched
weekly_forecast_matched_as_release_date_not_activity_window,631,weekly_ranked_predictions,unmatched,Planes: Fire & Rescue,2014-07-18,2014-07-20,25400000,1,1,497,Box Office Predictions: July 18-20,https://toddmthatcher.com/2014/07/14/box-office-predictions-july-18-20/,2014-07-14,"3. Planes: Fire & Rescue
Predicted Gross: $25.4 million",normalized_exact,No movie title matched
weekly_forecast_matched_as_release_date_not_activity_window,630,weekly_ranked_predictions,unmatched,Sex Tape,2014-07-18,2014-07-20,29100000,1,1,497,Box Office Predictions: July 18-20,https://toddmthatcher.com/2014/07/14/box-office-predictions-july-18-20/,2014-07-14,"2. Sex Tape
Predicted Gross: $29.1 million",normalized_exact,No movie title matched
weekly_forecast_matched_as_release_date_not_activity_window,632,weekly_ranked_predictions,unmatched,The Purge: Anarchy,2014-07-18,2014-07-20,15500000,1,1,497,Box Office Predictions: July 18-20,https://toddmthatcher.com/2014/07/14/box-office-predictions-july-18-20/,2014-07-14,"4. The Purge: Anarchy
Predicted Gross: $15.5 million",normalized_exact,No movie title matched
weekly_forecast_matched_as_release_date_not_activity_window,633,weekly_ranked_predictions,unmatched,Transformers: Age of Extinction,2014-07-18,2014-07-20,7700000,1,1,497,Box Office Predictions: July 18-20,https://toddmthatcher.com/2014/07/14/box-office-predictions-july-18-20/,2014-07-14,"5. Transformers: Age of Extinction
Predicted Gross: $7.7 million (representing a drop of 53%)",normalized_exact,No movie title matched
weekly_forecast_matched_as_release_date_not_activity_window,624,weekly_ranked_predictions,unmatched,22 Jump Street,2014-07-11,2014-07-13,5600000,1,1,489,Box Office Predictions: July 11-13,https://toddmthatcher.com/2014/07/07/box-office-predictions-july-11-13/,2014-07-07,"5. 22 Jump Street
Predicted Gross: $5.6 million (representing a drop of 43%)",normalized_exact,No movie title matched
weekly_forecast_matched_as_release_date_not_activity_window,620,weekly_ranked_predictions,unmatched,Dawn of the Planet of the Apes,2014-07-11,2014-07-13,77200000,1,1,489,Box Office Predictions: July 11-13,https://toddmthatcher.com/2014/07/07/box-office-predictions-july-11-13/,2014-07-07,"1. Dawn of the Planet of the Apes
Predicted Gross: $77.2 million",normalized_exact,No movie title matched
weekly_forecast_matched_as_release_date_not_activity_window,623,weekly_ranked_predictions,unmatched,How to Train Your Dragon 2,2014-07-11,2014-07-13,6000000,1,1,489,Box Office Predictions: July 11-13,https://toddmthatcher.com/2014/07/07/box-office-predictions-july-11-13/,2014-07-07,"4. How to Train Your Dragon 2
Predicted Gross: $6 million (representing a drop of 43%)",normalized_exact,No movie title matched
weekly_forecast_matched_as_release_date_not_activity_window,622,weekly_ranked_predictions,unmatched,Tammy,2014-07-11,2014-07-13,10700000,1,1,489,Box Office Predictions: July 11-13,https://toddmthatcher.com/2014/07/07/box-office-predictions-july-11-13/,2014-07-07,"3. Tammy
Predicted Gross: $10.7 million (representing a drop of 50%)",normalized_exact,No movie title matched
weekly_forecast_matched_as_release_date_not_activity_window,621,weekly_ranked_predictions,unmatched,Transformers: Age of Extinction,2014-07-11,2014-07-13,16800000,1,1,489,Box Office Predictions: July 11-13,https://toddmthatcher.com/2014/07/07/box-office-predictions-july-11-13/,2014-07-07,"2. Transformers: Age of Extinction
Predicted Gross: $16.8 million (representing a drop of 54%)",normalized_exact,No movie title matched
weekly_forecast_matched_as_release_date_not_activity_window,616,weekly_ranked_predictions,unmatched,22 Jump Street,2014-07-04,2014-07-06,8900000,1,1,485,Box Office Predictions: July 4-6,https://toddmthatcher.com/2014/06/30/box-office-predictions-july-4-6/,2014-06-30,"4. 22 Jump Street
Predicted Gross: $8.9 million (representing a drop of 44%)",normalized_exact,No movie title matched
weekly_forecast_matched_as_release_date_not_activity_window,615,weekly_ranked_predictions,unmatched,Deliver Us from Evil,2014-07-04,2014-07-06,13100000,1,1,485,Box Office Predictions: July 4-6,https://toddmthatcher.com/2014/06/30/box-office-predictions-july-4-6/,2014-06-30,"3. Deliver Us from Evil
Predicted Gross: $13.1 million ($20.6 million prediction from Wednesday to Sunday)",normalized_exact,No movie title matched
weekly_forecast_matched_as_release_date_not_activity_window,618,weekly_ranked_predictions,unmatched,How To Train Your Dragon 2,2014-07-04,2014-07-06,7800000,1,1,485,Box Office Predictions: July 4-6,https://toddmthatcher.com/2014/06/30/box-office-predictions-july-4-6/,2014-06-30,"6. How To Train Your Dragon 2
Predicted Gross: $7.8 million (representing a drop of 42%)",normalized_exact,No movie title matched
weekly_forecast_matched_as_release_date_not_activity_window,614,weekly_ranked_predictions,unmatched,Tammy,2014-07-04,2014-07-06,27300000,1,1,485,Box Office Predictions: July 4-6,https://toddmthatcher.com/2014/06/30/box-office-predictions-july-4-6/,2014-06-30,"2. Tammy
Predicted Gross: $27.3 million ($42.9 million prediction from Wednesday to Sunday)",normalized_exact,No movie title matched
weekly_forecast_matched_as_release_date_not_activity_window,613,weekly_ranked_predictions,unmatched,Transformers: Age of Extinction,2014-07-04,2014-07-06,42200000,1,1,485,Box Office Predictions: July 4-6,https://toddmthatcher.com/2014/06/30/box-office-predictions-july-4-6/,2014-06-30,"1. Transformers: Age of Extinction
Predicted Gross: $42.2 million (representing a drop of 57%)",normalized_exact,No movie title matched
weekly_forecast_matched_as_release_date_not_activity_window,606,weekly_ranked_predictions,unmatched,22 Jump Street,2014-06-27,2014-06-29,14200000,1,1,477,Box Office Predictions: June 27-29,https://toddmthatcher.com/2014/06/23/box-office-predictions-june-27-29/,2014-06-23,"2. 22 Jump Street
Predicted Gross: $14.2 million (representing a drop of 48%)",normalized_exact,No movie title matched
weekly_forecast_matched_as_release_date_not_activity_window,608,weekly_ranked_predictions,unmatched,How to Train Your Dragon 2,2014-06-27,2014-06-29,13000000,1,1,477,Box Office Predictions: June 27-29,https://toddmthatcher.com/2014/06/23/box-office-predictions-june-27-29/,2014-06-23,"4. How to Train Your Dragon 2
Predicted Gross: $13 million (representing a drop of 47%)",normalized_exact,No movie title matched
weekly_forecast_matched_as_release_date_not_activity_window,610,weekly_ranked_predictions,unmatched,Jersey Boys,2014-06-27,2014-06-29,7800000,1,1,477,Box Office Predictions: June 27-29,https://toddmthatcher.com/2014/06/23/box-office-predictions-june-27-29/,2014-06-23,"6. Jersey Boys
Predicted Gross: $7.8 million (representing a drop of 41%)",normalized_exact,No movie title matched
weekly_forecast_matched_as_release_date_not_activity_window,609,weekly_ranked_predictions,unmatched,Maleficent,2014-06-27,2014-06-29,8200000,1,1,477,Box Office Predictions: June 27-29,https://toddmthatcher.com/2014/06/23/box-office-predictions-june-27-29/,2014-06-23,"5. Maleficent
Predicted Gross: $8.2 million (representing a drop of 36%)",normalized_exact,No movie title matched
weekly_forecast_matched_as_release_date_not_activity_window,607,weekly_ranked_predictions,unmatched,Think Like a Man Too,2014-06-27,2014-06-29,13800000,1,1,477,Box Office Predictions: June 27-29,https://toddmthatcher.com/2014/06/23/box-office-predictions-june-27-29/,2014-06-23,"3. Think Like a Man Too
Predicted Gross: $13.8 million (representing a drop of 53%)",normalized_exact,No movie title matched
weekly_forecast_matched_as_release_date_not_activity_window,605,weekly_ranked_predictions,unmatched,Transformers: Age of Extinction,2014-06-27,2014-06-29,98600000,1,1,477,Box Office Predictions: June 27-29,https://toddmthatcher.com/2014/06/23/box-office-predictions-june-27-29/,2014-06-23,"1. Transformers: Age of Extinction
Predicted Gross: $98.6 million",normalized_exact,No movie title matched
weekly_forecast_matched_as_release_date_not_activity_window,601,weekly_ranked_predictions,unmatched,22 Jump Street,2014-06-20,2014-06-22,27300000,1,1,473,Box Office Predictions: June 20-22,https://toddmthatcher.com/2014/06/16/box-office-predictions-june-20-22/,2014-06-16,"3. 22 Jump Street
Predicted Gross: $27.3 million (representing a drop of 52%)",normalized_exact,No movie title matched
weekly_forecast_matched_as_release_date_not_activity_window,600,weekly_ranked_predictions,unmatched,How To Train Your Dragon 2,2014-06-20,2014-06-22,32000000,1,1,473,Box Office Predictions: June 20-22,https://toddmthatcher.com/2014/06/16/box-office-predictions-june-20-22/,2014-06-16,"2. How To Train Your Dragon 2
Predicted Gross: $32 million (representing a drop of 35%)",normalized_exact,No movie title matched
weekly_forecast_matched_as_release_date_not_activity_window,602,weekly_ranked_predictions,unmatched,Jersey Boys,2014-06-20,2014-06-22,18900000,1,1,473,Box Office Predictions: June 20-22,https://toddmthatcher.com/2014/06/16/box-office-predictions-june-20-22/,2014-06-16,"4. Jersey Boys
Predicted Gross: $18.9 million",normalized_exact,No movie title matched
weekly_forecast_matched_as_release_date_not_activity_window,603,weekly_ranked_predictions,unmatched,Maleficent,2014-06-20,2014-06-22,10400000,1,1,473,Box Office Predictions: June 20-22,https://toddmthatcher.com/2014/06/16/box-office-predictions-june-20-22/,2014-06-16,"5. Maleficent
Predicted Gross: $10.4 million (representing a drop of 44%)",normalized_exact,No movie title matched
weekly_forecast_matched_as_release_date_not_activity_window,599,weekly_ranked_predictions,unmatched,Think Like a Man Too,2014-06-20,2014-06-22,38200000,1,1,473,Box Office Predictions: June 20-22,https://toddmthatcher.com/2014/06/16/box-office-predictions-june-20-22/,2014-06-16,"1. Think Like a Man Too
Predicted Gross: $38.2 million",normalized_exact,No movie title matched
weekly_forecast_matched_as_release_date_not_activity_window,593,weekly_ranked_predictions,unmatched,22 Jump Street,2014-06-13,2014-06-15,53100000,1,1,467,Box Office Predictions: June 13-15,https://toddmthatcher.com/2014/06/09/box-office-predictions-june-13-15/,2014-06-09,"2. 22 Jump Street
Predicted Gross: $53.1 million",normalized_exact,No movie title matched
weekly_forecast_matched_as_release_date_not_activity_window,596,weekly_ranked_predictions,unmatched,Edge of Tomorrow,2014-06-13,2014-06-15,13800000,1,1,467,Box Office Predictions: June 13-15,https://toddmthatcher.com/2014/06/09/box-office-predictions-june-13-15/,2014-06-09,"5. Edge of Tomorrow
Predicted Gross: $13.8 million (representing a drop of 52%)",normalized_exact,No movie title matched
weekly_forecast_matched_as_release_date_not_activity_window,592,weekly_ranked_predictions,unmatched,How to Train Your Dragon 2,2014-06-13,2014-06-15,88700000,1,1,467,Box Office Predictions: June 13-15,https://toddmthatcher.com/2014/06/09/box-office-predictions-june-13-15/,2014-06-09,"1. How to Train Your Dragon 2
Predicted Gross: $88.7 million",normalized_exact,No movie title matched
weekly_forecast_matched_as_release_date_not_activity_window,595,weekly_ranked_predictions,unmatched,Maleficent,2014-06-13,2014-06-15,17400000,1,1,467,Box Office Predictions: June 13-15,https://toddmthatcher.com/2014/06/09/box-office-predictions-june-13-15/,2014-06-09,"4. Maleficent
Predicted Gross: $17.4 million (representing a drop of 49%)",normalized_exact,No movie title matched
weekly_forecast_matched_as_release_date_not_activity_window,594,weekly_ranked_predictions,unmatched,The Fault in Our Stars,2014-06-13,2014-06-15,17900000,1,1,467,Box Office Predictions: June 13-15,https://toddmthatcher.com/2014/06/09/box-office-predictions-june-13-15/,2014-06-09,"3. The Fault in Our Stars
Predicted Gross: $17.9 million (representing a drop of 62%)",normalized_exact,No movie title matched
weekly_forecast_matched_as_release_date_not_activity_window,589,weekly_ranked_predictions,unmatched,A Million Ways to Die in the West,2014-06-06,2014-06-08,7100000,1,1,461,Box Office Predictions: June 6-8,https://toddmthatcher.com/2014/06/02/box-office-predictions-june-6-8/,2014-06-03,"5. A Million Ways to Die in the West
Predicted Gross: $7.1 million (representing a drop of 57%)",normalized_exact,No movie title matched
weekly_forecast_matched_as_release_date_not_activity_window,587,weekly_ranked_predictions,unmatched,Edge of Tomorrow,2014-06-06,2014-06-08,23700000,1,1,461,Box Office Predictions: June 6-8,https://toddmthatcher.com/2014/06/02/box-office-predictions-june-6-8/,2014-06-03,"3. Edge of Tomorrow
Predicted Gross: $23.7 million",normalized_exact,No movie title matched
weekly_forecast_matched_as_release_date_not_activity_window,586,weekly_ranked_predictions,unmatched,Maleficent,2014-06-06,2014-06-08,34000000,1,1,461,Box Office Predictions: June 6-8,https://toddmthatcher.com/2014/06/02/box-office-predictions-june-6-8/,2014-06-03,"2. Maleficent
Predicted Gross: $34 million (representing a drop of 51%)",normalized_exact,No movie title matched
weekly_forecast_matched_as_release_date_not_activity_window,585,weekly_ranked_predictions,unmatched,The Fault in Our Stars,2014-06-06,2014-06-08,43100000,1,1,461,Box Office Predictions: June 6-8,https://toddmthatcher.com/2014/06/02/box-office-predictions-june-6-8/,2014-06-03,"1. The Fault in Our Stars
Predicted Gross: $43.1 million",normalized_exact,No movie title matched
weekly_forecast_matched_as_release_date_not_activity_window,588,weekly_ranked_predictions,unmatched,X-Men: Days of Future Past,2014-06-06,2014-06-08,14900000,1,1,461,Box Office Predictions: June 6-8,https://toddmthatcher.com/2014/06/02/box-office-predictions-june-6-8/,2014-06-03,"4. X-Men: Days of Future Past
Predicted Gross: $14.9 million (representing a drop of 54%)",normalized_exact,No movie title matched
weekly_forecast_matched_as_release_date_not_activity_window,580,weekly_ranked_predictions,unmatched,A Million Ways to Die in the West,2014-05-30,2014-06-01,33600000,1,1,455,Box Office Predictions: May 30-June 1,https://toddmthatcher.com/2014/05/27/box-office-predictions-may-30-june-1/,2014-05-27,"3. A Million Ways to Die in the West
Predicted Gross: $33.6 million",normalized_exact,No movie title matched
weekly_forecast_matched_as_release_date_not_activity_window,582,weekly_ranked_predictions,unmatched,Blended,2014-05-30,2014-06-01,9600000,1,1,455,Box Office Predictions: May 30-June 1,https://toddmthatcher.com/2014/05/27/box-office-predictions-may-30-june-1/,2014-05-27,"5. Blended
Predicted Gross: $9.6 million (representing a drop of 32%)",normalized_exact,No movie title matched
weekly_forecast_matched_as_release_date_not_activity_window,581,weekly_ranked_predictions,unmatched,Godzilla,2014-05-30,2014-06-01,14200000,1,1,455,Box Office Predictions: May 30-June 1,https://toddmthatcher.com/2014/05/27/box-office-predictions-may-30-june-1/,2014-05-27,"4. Godzilla
Predicted Gross: $14.2 million (representing a drop of 54%)",normalized_exact,No movie title matched
weekly_forecast_matched_as_release_date_not_activity_window,578,weekly_ranked_predictions,unmatched,Maleficent,2014-05-30,2014-06-01,66200000,1,1,455,Box Office Predictions: May 30-June 1,https://toddmthatcher.com/2014/05/27/box-office-predictions-may-30-june-1/,2014-05-27,"1. Maleficent
Predicted Gross: $66.2 million",normalized_exact,No movie title matched
weekly_forecast_matched_as_release_date_not_activity_window,579,weekly_ranked_predictions,unmatched,X-Men: Days of Future Past,2014-05-30,2014-06-01,37100000,1,1,455,Box Office Predictions: May 30-June 1,https://toddmthatcher.com/2014/05/27/box-office-predictions-may-30-june-1/,2014-05-27,"2. X-Men: Days of Future Past
Predicted Gross: $37.1 million (representing a drop of 58%)",normalized_exact,No movie title matched
weekly_forecast_matched_as_release_date_not_activity_window,573,weekly_ranked_predictions,unmatched,Blended,2014-05-23,2014-05-26,24900000,1,1,449,Box Office Predictions: May 23-26,https://toddmthatcher.com/2014/05/19/box-office-predictions-may-23-26/,2014-05-19,"3. Blended
Predicted Gross: $24.9 million",normalized_exact,No movie title matched
weekly_forecast_matched_as_release_date_not_activity_window,572,weekly_ranked_predictions,unmatched,Godzilla,2014-05-23,2014-05-26,50600000,1,1,449,Box Office Predictions: May 23-26,https://toddmthatcher.com/2014/05/19/box-office-predictions-may-23-26/,2014-05-19,"2. Godzilla
Predicted Gross: $50.6 million (representing a drop of 45%)",normalized_exact,No movie title matched
weekly_forecast_matched_as_release_date_not_activity_window,574,weekly_ranked_predictions,unmatched,Neighbors,2014-05-23,2014-05-26,18800000,1,1,449,Box Office Predictions: May 23-26,https://toddmthatcher.com/2014/05/19/box-office-predictions-may-23-26/,2014-05-19,"4. Neighbors
Predicted Gross: $18.8 million (representing a drop of 24%)",normalized_exact,No movie title matched
weekly_forecast_matched_as_release_date_not_activity_window,575,weekly_ranked_predictions,unmatched,The Amazing Spider-Man 2,2014-05-23,2014-05-26,11000000,1,1,449,Box Office Predictions: May 23-26,https://toddmthatcher.com/2014/05/19/box-office-predictions-may-23-26/,2014-05-19,"5. The Amazing Spider-Man 2
Predicted Gross: $11 million (representing a drop of 35%)",normalized_exact,No movie title matched
weekly_forecast_matched_as_release_date_not_activity_window,571,weekly_ranked_predictions,unmatched,X-Men: Days of Future Past,2014-05-23,2014-05-26,114300000,1,1,449,Box Office Predictions: May 23-26,https://toddmthatcher.com/2014/05/19/box-office-predictions-may-23-26/,2014-05-19,"1. X-Men: Days of Future Past
Predicted Gross: $114.3 million",normalized_exact,No movie title matched
weekly_forecast_matched_as_release_date_not_activity_window,564,weekly_ranked_predictions,unmatched,Godzilla,2014-05-16,2014-05-18,77300000,1,1,443,Box Office Predictions: May 16-18,https://toddmthatcher.com/2014/05/12/box-office-predictions-may-16-18/,2014-05-12,"1. Godzilla
Predicted Gross: $77.3 million",normalized_exact,No movie title matched
weekly_forecast_matched_as_release_date_not_activity_window,566,weekly_ranked_predictions,unmatched,Million Dollar Arm,2014-05-16,2014-05-18,23400000,1,1,443,Box Office Predictions: May 16-18,https://toddmthatcher.com/2014/05/12/box-office-predictions-may-16-18/,2014-05-12,"3. Million Dollar Arm
Predicted Gross: $23.4 million",normalized_exact,No movie title matched
weekly_forecast_matched_as_release_date_not_activity_window,565,weekly_ranked_predictions,unmatched,Neighbors,2014-05-16,2014-05-18,24300000,1,1,443,Box Office Predictions: May 16-18,https://toddmthatcher.com/2014/05/12/box-office-predictions-may-16-18/,2014-05-12,"2. Neighbors
Predicted Gross: $24.3 million (representing a drop of 50%)",normalized_exact,No movie title matched
weekly_forecast_matched_as_release_date_not_activity_window,567,weekly_ranked_predictions,unmatched,The Amazing Spider-Man 2,2014-05-16,2014-05-18,16600000,1,1,443,Box Office Predictions: May 16-18,https://toddmthatcher.com/2014/05/12/box-office-predictions-may-16-18/,2014-05-12,"4. The Amazing Spider-Man 2
Predicted Gross: $16.6 million (representing a drop of 53%)",normalized_exact,No movie title matched
weekly_forecast_matched_as_release_date_not_activity_window,568,weekly_ranked_predictions,unmatched,The Other Woman,2014-05-16,2014-05-18,5700000,2,2,443,Box Office Predictions: May 16-18,https://toddmthatcher.com/2014/05/12/box-office-predictions-may-16-18/,2014-05-12,"5. The Other Woman
Predicted Gross: $5.7 million (representing a drop of 43%)",normalized_exact,No movie title matched
weekly_forecast_matched_as_release_date_not_activity_window,561,weekly_ranked_predictions,unmatched,Heaven Is for Real,2014-05-09,2014-05-11,5000000,1,1,437,Box Office Predictions: May 9-11,https://toddmthatcher.com/2014/05/05/box-office-predictions-may-9-11/,2014-05-05,"6. Heaven Is for Real
Predicted Gross: $5 million (representing a drop of 42%)",normalized_exact,No movie title matched
weekly_forecast_matched_as_release_date_not_activity_window,560,weekly_ranked_predictions,unmatched,Moms’ Night Out,2014-05-09,2014-05-11,5100000,1,1,437,Box Office Predictions: May 9-11,https://toddmthatcher.com/2014/05/05/box-office-predictions-may-9-11/,2014-05-05,"5. Moms’ Night Out
Predicted Gross: $5.1 million",normalized_exact,No movie title matched
weekly_forecast_matched_as_release_date_not_activity_window,557,weekly_ranked_predictions,unmatched,Neighbors,2014-05-09,2014-05-11,37300000,1,1,437,Box Office Predictions: May 9-11,https://toddmthatcher.com/2014/05/05/box-office-predictions-may-9-11/,2014-05-05,"2. Neighbors
Predicted Gross: $37.3 million",normalized_exact,No movie title matched
weekly_forecast_matched_as_release_date_not_activity_window,556,weekly_ranked_predictions,unmatched,The Amazing Spider-Man 2,2014-05-09,2014-05-11,40600000,1,1,437,Box Office Predictions: May 9-11,https://toddmthatcher.com/2014/05/05/box-office-predictions-may-9-11/,2014-05-05,"1. The Amazing Spider-Man 2
Predicted Gross: $40.6 million (representing a drop of 55%)",normalized_exact,No movie title matched
weekly_forecast_matched_as_release_date_not_activity_window,558,weekly_ranked_predictions,unmatched,The Other Woman,2014-05-09,2014-05-11,7600000,2,2,437,Box Office Predictions: May 9-11,https://toddmthatcher.com/2014/05/05/box-office-predictions-may-9-11/,2014-05-05,"3. The Other Woman
Predicted Gross: $7.6 million (representing a drop of 47%)",normalized_exact,No movie title matched
weekly_forecast_matched_as_release_date_not_activity_window,550,weekly_ranked_predictions,unmatched,Captain America: The Winter Soldier,2014-05-02,2014-05-04,9000000,1,1,429,Box Office Predictions: May 2-4,https://toddmthatcher.com/2014/04/29/box-office-predictions-may-2-4/,2014-04-29,"3. Captain America: The Winter Soldier
Predicted Gross: $9 million (representing a drop of 44%)",normalized_exact,No movie title matched
weekly_forecast_matched_as_release_date_not_activity_window,551,weekly_ranked_predictions,unmatched,Heaven Is for Real,2014-05-02,2014-05-04,8500000,1,1,429,Box Office Predictions: May 2-4,https://toddmthatcher.com/2014/04/29/box-office-predictions-may-2-4/,2014-04-29,"4. Heaven Is for Real
Predicted Gross: $8.5 million (representing a drop of 41%)",normalized_exact,No movie title matched
weekly_forecast_matched_as_release_date_not_activity_window,552,weekly_ranked_predictions,unmatched,Rio 2,2014-05-02,2014-05-04,8300000,1,1,429,Box Office Predictions: May 2-4,https://toddmthatcher.com/2014/04/29/box-office-predictions-may-2-4/,2014-04-29,"5. Rio 2
Predicted Gross: $8.3 million (representing a drop of 39%)",normalized_exact,No movie title matched
weekly_forecast_matched_as_release_date_not_activity_window,548,weekly_ranked_predictions,unmatched,The Amazing Spider-Man 2,2014-05-02,2014-05-04,90100000,1,1,429,Box Office Predictions: May 2-4,https://toddmthatcher.com/2014/04/29/box-office-predictions-may-2-4/,2014-04-29,"1. The Amazing Spider-Man 2
Predicted Gross: $90.1 million",normalized_exact,No movie title matched
weekly_forecast_matched_as_release_date_not_activity_window,549,weekly_ranked_predictions,unmatched,The Other Woman,2014-05-02,2014-05-04,14300000,2,2,429,Box Office Predictions: May 2-4,https://toddmthatcher.com/2014/04/29/box-office-predictions-may-2-4/,2014-04-29,"2. The Other Woman
Predicted Gross: $14.3 million (representing a drop of 42%)",normalized_exact,No movie title matched
weekly_forecast_matched_as_release_date_not_activity_window,545,weekly_ranked_predictions,unmatched,Brick Mansions,2014-04-25,2014-04-27,12300000,1,1,425,Box Office Predictions: April 25-27,https://toddmthatcher.com/2014/04/22/box-office-predictions-april-25-27/,2014-04-22,"5. Brick Mansions
Predicted Gross: $12.3 million",normalized_exact,No movie title matched
weekly_forecast_matched_as_release_date_not_activity_window,543,weekly_ranked_predictions,unmatched,Captain America: The Winter Soldier,2014-04-25,2014-04-27,14300000,1,1,425,Box Office Predictions: April 25-27,https://toddmthatcher.com/2014/04/22/box-office-predictions-april-25-27/,2014-04-22,"3. Captain America: The Winter Soldier
Predicted Gross: $14.3 million (representing a drop of 44%)",normalized_exact,No movie title matched
weekly_forecast_matched_as_release_date_not_activity_window,544,weekly_ranked_predictions,unmatched,Heaven Is for Real,2014-04-25,2014-04-27,13000000,1,1,425,Box Office Predictions: April 25-27,https://toddmthatcher.com/2014/04/22/box-office-predictions-april-25-27/,2014-04-22,"4. Heaven Is for Real
Predicted Gross: $13 million (representing a drop of 42%)",normalized_exact,No movie title matched
weekly_forecast_matched_as_release_date_not_activity_window,542,weekly_ranked_predictions,unmatched,Rio 2,2014-04-25,2014-04-27,14500000,1,1,425,Box Office Predictions: April 25-27,https://toddmthatcher.com/2014/04/22/box-office-predictions-april-25-27/,2014-04-22,"2. Rio 2
Predicted Gross: $14.5 million (representing a drop of 34%)",normalized_exact,No movie title matched
weekly_forecast_matched_as_release_date_not_activity_window,541,weekly_ranked_predictions,unmatched,The Other Woman,2014-04-25,2014-04-27,18100000,2,2,425,Box Office Predictions: April 25-27,https://toddmthatcher.com/2014/04/22/box-office-predictions-april-25-27/,2014-04-22,"1. The Other Woman
Predicted Gross: $18.1 million",normalized_exact,No movie title matched
weekly_forecast_matched_as_release_date_not_activity_window,546,weekly_ranked_predictions,unmatched,The Quiet Ones,2014-04-25,2014-04-27,9400000,1,1,425,Box Office Predictions: April 25-27,https://toddmthatcher.com/2014/04/22/box-office-predictions-april-25-27/,2014-04-22,"6. The Quiet Ones
Predicted Gross: $9.4 million",normalized_exact,No movie title matched
weekly_forecast_matched_as_release_date_not_activity_window,536,weekly_ranked_predictions,unmatched,A Haunted House 2,2014-04-18,2014-04-20,10600000,1,1,417,Box Office Predictions: April 18-20,https://toddmthatcher.com/2014/04/14/box-office-predictions-april-18-20/,2014-04-14,"5. A Haunted House 2
Predicted Gross: $10.6 million",normalized_exact,No movie title matched
weekly_forecast_matched_as_release_date_not_activity_window,537,weekly_ranked_predictions,unmatched,Bears,2014-04-18,2014-04-20,8900000,1,1,417,Box Office Predictions: April 18-20,https://toddmthatcher.com/2014/04/14/box-office-predictions-april-18-20/,2014-04-14,"6. Bears
Predicted Gross: $8.9 million",normalized_exact,No movie title matched
weekly_forecast_matched_as_release_date_not_activity_window,534,weekly_ranked_predictions,unmatched,Captain America: The Winter Soldier,2014-04-18,2014-04-20,18900000,1,1,417,Box Office Predictions: April 18-20,https://toddmthatcher.com/2014/04/14/box-office-predictions-april-18-20/,2014-04-14,"3. Captain America: The Winter Soldier
Predicted Gross: $18.9 million (representing a drop of 54%)",normalized_exact,No movie title matched
weekly_forecast_matched_as_release_date_not_activity_window,535,weekly_ranked_predictions,unmatched,Heaven Is for Real,2014-04-18,2014-04-20,17500000,1,1,417,Box Office Predictions: April 18-20,https://toddmthatcher.com/2014/04/14/box-office-predictions-april-18-20/,2014-04-14,"4. Heaven Is for Real
Predicted Gross: $17.5 million (predicted five-day opening of $24.8 million)",normalized_exact,No movie title matched
weekly_forecast_matched_as_release_date_not_activity_window,533,weekly_ranked_predictions,unmatched,Rio 2,2014-04-18,2014-04-20,25900000,1,1,417,Box Office Predictions: April 18-20,https://toddmthatcher.com/2014/04/14/box-office-predictions-april-18-20/,2014-04-14,"2. Rio 2
Predicted Gross: $25.9 million (representing a drop of 34%)",normalized_exact,No movie title matched
weekly_forecast_matched_as_release_date_not_activity_window,532,weekly_ranked_predictions,unmatched,Transcendence,2014-04-18,2014-04-20,30800000,1,1,417,Box Office Predictions: April 18-20,https://toddmthatcher.com/2014/04/14/box-office-predictions-april-18-20/,2014-04-14,"1. Transcendence
Predicted Gross: $30.8 million",normalized_exact,No movie title matched
weekly_forecast_matched_as_release_date_not_activity_window,523,weekly_ranked_predictions,unmatched,Captain America: The Winter Soldier,2014-04-11,2014-04-13,45300000,1,1,407,Box Office Predictions: April 11-13,https://toddmthatcher.com/2014/04/07/box-office-predictions-april-11-13/,2014-04-07,"1. Captain America: The Winter Soldier
Predicted Gross: $45.3 million (representing a drop of 52%)",normalized_exact,No movie title matched
weekly_forecast_matched_as_release_date_not_activity_window,525,weekly_ranked_predictions,unmatched,Draft Day,2014-04-11,2014-04-13,13200000,1,1,407,Box Office Predictions: April 11-13,https://toddmthatcher.com/2014/04/07/box-office-predictions-april-11-13/,2014-04-07,"3. Draft Day
Predicted Gross: $13.2 million",normalized_exact,No movie title matched
weekly_forecast_matched_as_release_date_not_activity_window,527,weekly_ranked_predictions,unmatched,Noah,2014-04-11,2014-04-13,7400000,1,1,407,Box Office Predictions: April 11-13,https://toddmthatcher.com/2014/04/07/box-office-predictions-april-11-13/,2014-04-07,"5. Noah
Predicted Gross: $7.4 million (representing a drop of 56%)",normalized_exact,No movie title matched
weekly_forecast_matched_as_release_date_not_activity_window,526,weekly_ranked_predictions,unmatched,Oculus,2014-04-11,2014-04-13,11000000,1,1,407,Box Office Predictions: April 11-13,https://toddmthatcher.com/2014/04/07/box-office-predictions-april-11-13/,2014-04-07,"4. Oculus
Predicted Gross: $11 million",normalized_exact,No movie title matched
weekly_forecast_matched_as_release_date_not_activity_window,524,weekly_ranked_predictions,unmatched,Rio 2,2014-04-11,2014-04-13,41700000,1,1,407,Box Office Predictions: April 11-13,https://toddmthatcher.com/2014/04/07/box-office-predictions-april-11-13/,2014-04-07,"2. Rio 2
Predicted Gross: $41.7 million",normalized_exact,No movie title matched
weekly_forecast_matched_as_release_date_not_activity_window,514,weekly_ranked_predictions,unmatched,Captain America: The Winter Soldier,2014-04-04,2014-04-06,86300000,1,1,399,Box Office Predictions: April 4-6,https://toddmthatcher.com/2014/03/31/box-office-predictions-april-4-6/,2014-04-01,"1. Captain America: The Winter Soldier
Predicted Gross: $86.3 million",normalized_exact,No movie title matched
weekly_forecast_matched_as_release_date_not_activity_window,516,weekly_ranked_predictions,unmatched,Divergent,2014-04-04,2014-04-06,12800000,1,1,399,Box Office Predictions: April 4-6,https://toddmthatcher.com/2014/03/31/box-office-predictions-april-4-6/,2014-04-01,"3. Divergent
Predicted Gross: $12.8 million (representing a drop of 50%)",normalized_exact,No movie title matched
weekly_forecast_matched_as_release_date_not_activity_window,518,weekly_ranked_predictions,unmatched,Mr. Peabody & Sherman,2014-04-04,2014-04-06,6300000,1,1,399,Box Office Predictions: April 4-6,https://toddmthatcher.com/2014/03/31/box-office-predictions-april-4-6/,2014-04-01,"5. Mr. Peabody & Sherman
Predicted Gross: $6.3 million (representing a drop of 31%)",normalized_exact,No movie title matched
weekly_forecast_matched_as_release_date_not_activity_window,517,weekly_ranked_predictions,unmatched,Muppets Most Wanted,2014-04-04,2014-04-06,7100000,1,1,399,Box Office Predictions: April 4-6,https://toddmthatcher.com/2014/03/31/box-office-predictions-april-4-6/,2014-04-01,"4. Muppets Most Wanted
Predicted Gross: $7.1 million (representing a drop of 37%)",normalized_exact,No movie title matched
weekly_forecast_matched_as_release_date_not_activity_window,515,weekly_ranked_predictions,unmatched,Noah,2014-04-04,2014-04-06,19600000,1,1,399,Box Office Predictions: April 4-6,https://toddmthatcher.com/2014/03/31/box-office-predictions-april-4-6/,2014-04-01,"2. Noah
Predicted Gross: $19.6 million (representing a drop of 55%)",normalized_exact,No movie title matched
weekly_forecast_matched_as_release_date_not_activity_window,519,weekly_ranked_predictions,unmatched,The Grand Budapest Hotel,2014-04-04,2014-04-06,6100000,1,1,399,Box Office Predictions: April 4-6,https://toddmthatcher.com/2014/03/31/box-office-predictions-april-4-6/,2014-04-01,"6. The Grand Budapest Hotel
Predicted Gross: $6.1 million (representing a drop of 28%)",normalized_exact,No movie title matched
weekly_forecast_matched_as_release_date_not_activity_window,508,weekly_ranked_predictions,unmatched,Divergent,2014-03-28,2014-03-30,23000000,1,1,395,Box Office Predictions: March 28-30,https://toddmthatcher.com/2014/03/24/box-office-predictions-march-28-30/,2014-03-25,"2. Divergent
Predicted Gross: $23 million (representing a drop of 58%)",normalized_exact,No movie title matched
weekly_forecast_matched_as_release_date_not_activity_window,509,weekly_ranked_predictions,unmatched,Muppets Most Wanted,2014-03-28,2014-03-30,9600000,1,1,395,Box Office Predictions: March 28-30,https://toddmthatcher.com/2014/03/24/box-office-predictions-march-28-30/,2014-03-25,"3. Muppets Most Wanted
Predicted Gross: $9.6 million (representing a drop of 44%)",normalized_exact,No movie title matched
weekly_forecast_matched_as_release_date_not_activity_window,507,weekly_ranked_predictions,unmatched,Noah,2014-03-28,2014-03-30,39700000,1,1,395,Box Office Predictions: March 28-30,https://toddmthatcher.com/2014/03/24/box-office-predictions-march-28-30/,2014-03-25,"1. Noah
Predicted Gross: $39.7 million",normalized_exact,No movie title matched
weekly_forecast_matched_as_release_date_not_activity_window,511,weekly_ranked_predictions,unmatched,Sabotage,2014-03-28,2014-03-30,8400000,1,1,395,Box Office Predictions: March 28-30,https://toddmthatcher.com/2014/03/24/box-office-predictions-march-28-30/,2014-03-25,"5. Sabotage
Predicted Gross: $8.4 million",normalized_exact,No movie title matched
weekly_forecast_matched_as_release_date_not_activity_window,510,weekly_ranked_predictions,unmatched,The Grand Budapest Hotel,2014-03-28,2014-03-30,8600000,1,1,395,Box Office Predictions: March 28-30,https://toddmthatcher.com/2014/03/24/box-office-predictions-march-28-30/,2014-03-25,"4. The Grand Budapest Hotel
Predicted Gross: $8.6 million",normalized_exact,No movie title matched
weekly_forecast_matched_as_release_date_not_activity_window,503,weekly_ranked_predictions,unmatched,300: Rise of an Empire,2014-03-21,2014-03-23,8800000,1,1,389,Box Office Predictions: March 21-23,https://toddmthatcher.com/2014/03/17/box-office-results-march-21-23/,2014-03-18,"4. 300: Rise of an Empire
Predicted Gross: $8.8 million (representing a drop of 54%)",normalized_exact,No movie title matched
weekly_forecast_matched_as_release_date_not_activity_window,500,weekly_ranked_predictions,unmatched,Divergent,2014-03-21,2014-03-23,68400000,1,1,389,Box Office Predictions: March 21-23,https://toddmthatcher.com/2014/03/17/box-office-results-march-21-23/,2014-03-18,"1. Divergent
Predicted Gross: $68.4 million",normalized_exact,No movie title matched
weekly_forecast_matched_as_release_date_not_activity_window,502,weekly_ranked_predictions,unmatched,Mr. Peabody and Sherman,2014-03-21,2014-03-23,12900000,1,1,389,Box Office Predictions: March 21-23,https://toddmthatcher.com/2014/03/17/box-office-results-march-21-23/,2014-03-18,"3. Mr. Peabody and Sherman
Predicted Gross: $12.9 million (representing a drop of 41%)",normalized_exact,No movie title matched
weekly_forecast_matched_as_release_date_not_activity_window,501,weekly_ranked_predictions,unmatched,Muppets Most Wanted,2014-03-21,2014-03-23,22800000,1,1,389,Box Office Predictions: March 21-23,https://toddmthatcher.com/2014/03/17/box-office-results-march-21-23/,2014-03-18,"2. Muppets Most Wanted
Predicted Gross: $22.8 million",normalized_exact,No movie title matched
weekly_forecast_matched_as_release_date_not_activity_window,504,weekly_ranked_predictions,unmatched,Need for Speed,2014-03-21,2014-03-23,7200000,1,1,389,Box Office Predictions: March 21-23,https://toddmthatcher.com/2014/03/17/box-office-results-march-21-23/,2014-03-18,"5. Need for Speed
Predicted Gross: $7.2 million (representing a drop of 59%)",normalized_exact,No movie title matched
weekly_forecast_matched_as_release_date_not_activity_window,495,weekly_ranked_predictions,unmatched,300: Rise of an Empire,2014-03-14,2014-03-16,18800000,1,1,383,Box Office Predictions: March 14-16,https://toddmthatcher.com/2014/03/10/box-office-predictions-march-14-16/,2014-03-10,"3. 300: Rise of an Empire
Predicted Gross: $18.8 million (representing a drop of 58%)",normalized_exact,No movie title matched
weekly_forecast_matched_as_release_date_not_activity_window,494,weekly_ranked_predictions,unmatched,Mr. Peabody and Sherman,2014-03-14,2014-03-16,20400000,1,1,383,Box Office Predictions: March 14-16,https://toddmthatcher.com/2014/03/10/box-office-predictions-march-14-16/,2014-03-10,"2. Mr. Peabody and Sherman
Predicted Gross: $20.4 million (representing a drop of 37%)",normalized_exact,No movie title matched
weekly_forecast_matched_as_release_date_not_activity_window,493,weekly_ranked_predictions,unmatched,Need for Speed,2014-03-14,2014-03-16,25300000,1,1,383,Box Office Predictions: March 14-16,https://toddmthatcher.com/2014/03/10/box-office-predictions-march-14-16/,2014-03-10,"1. Need for Speed
Predicted Gross: $25.3 million",normalized_exact,No movie title matched
weekly_forecast_matched_as_release_date_not_activity_window,497,weekly_ranked_predictions,unmatched,Non-Stop,2014-03-14,2014-03-16,8200000,1,1,383,Box Office Predictions: March 14-16,https://toddmthatcher.com/2014/03/10/box-office-predictions-march-14-16/,2014-03-10,"5. Non-Stop
Predicted Gross: $8.2 million (representing a drop of 48%)",normalized_exact,No movie title matched
weekly_forecast_matched_as_release_date_not_activity_window,487,weekly_ranked_predictions,unmatched,300: Rise of an Empire,2014-03-07,2014-03-09,31100000,1,1,377,Box Office Predictions: March 7-9,https://toddmthatcher.com/2014/03/03/box-office-predictions-march-7-9/,2014-03-03,"2. 300: Rise of an Empire
Predicted Gross: $31.1 million",normalized_exact,No movie title matched
weekly_forecast_matched_as_release_date_not_activity_window,486,weekly_ranked_predictions,unmatched,Mr. Peabody & Sherman,2014-03-07,2014-03-09,33700000,1,1,377,Box Office Predictions: March 7-9,https://toddmthatcher.com/2014/03/03/box-office-predictions-march-7-9/,2014-03-03,"1. Mr. Peabody & Sherman
Predicted Gross: $33.7 million",normalized_exact,No movie title matched
weekly_forecast_matched_as_release_date_not_activity_window,488,weekly_ranked_predictions,unmatched,Non-Stop,2014-03-07,2014-03-09,15500000,1,1,377,Box Office Predictions: March 7-9,https://toddmthatcher.com/2014/03/03/box-office-predictions-march-7-9/,2014-03-03,"3. Non-Stop
Predicted Gross: $15.5 million (representing a drop of 46%)",normalized_exact,No movie title matched
weekly_forecast_matched_as_release_date_not_activity_window,490,weekly_ranked_predictions,unmatched,Son of God,2014-03-07,2014-03-09,11900000,1,1,377,Box Office Predictions: March 7-9,https://toddmthatcher.com/2014/03/03/box-office-predictions-march-7-9/,2014-03-03,"5. Son of God
Predicted Gross: $11.9 million (representing a drop of 53%)",normalized_exact,No movie title matched
weekly_forecast_matched_as_release_date_not_activity_window,489,weekly_ranked_predictions,unmatched,The LEGO Movie,2014-03-07,2014-03-09,12500000,1,1,377,Box Office Predictions: March 7-9,https://toddmthatcher.com/2014/03/03/box-office-predictions-march-7-9/,2014-03-03,"4. The LEGO Movie
Predicted Gross: $12.5 million (representing a drop of 39%)",normalized_exact,No movie title matched
weekly_forecast_matched_as_release_date_not_activity_window,482,weekly_ranked_predictions,unmatched,3 Days to Kill,2014-02-28,2014-03-02,5100000,1,1,371,Box Office Predictions: February 28-March 2,https://toddmthatcher.com/2014/02/24/box-office-predictions-february-28-march-2/,2014-02-24,"4. 3 Days to Kill
Predicted Gross: $5.1 million (representing a drop of 58%)",normalized_exact,No movie title matched
weekly_forecast_matched_as_release_date_not_activity_window,479,weekly_ranked_predictions,unmatched,Non-Stop,2014-02-28,2014-03-02,28200000,1,1,371,Box Office Predictions: February 28-March 2,https://toddmthatcher.com/2014/02/24/box-office-predictions-february-28-march-2/,2014-02-24,"1. Non-Stop
Predicted Gross: $28.2 million",normalized_exact,No movie title matched
weekly_forecast_matched_as_release_date_not_activity_window,483,weekly_ranked_predictions,unmatched,Robocop,2014-02-28,2014-03-02,4600000,1,1,371,Box Office Predictions: February 28-March 2,https://toddmthatcher.com/2014/02/24/box-office-predictions-february-28-march-2/,2014-02-24,"5. Robocop
Predicted Gross: $4.6 million (representing a drop of 53%)",normalized_exact,No movie title matched
weekly_forecast_matched_as_release_date_not_activity_window,480,weekly_ranked_predictions,unmatched,Son of God,2014-02-28,2014-03-02,26700000,1,1,371,Box Office Predictions: February 28-March 2,https://toddmthatcher.com/2014/02/24/box-office-predictions-february-28-march-2/,2014-02-24,"2. Son of God
Predicted Gross: $26.7 milion",normalized_exact,No movie title matched
weekly_forecast_matched_as_release_date_not_activity_window,481,weekly_ranked_predictions,unmatched,The LEGO Movie,2014-02-28,2014-03-02,20500000,1,1,371,Box Office Predictions: February 28-March 2,https://toddmthatcher.com/2014/02/24/box-office-predictions-february-28-march-2/,2014-02-24,"3. The LEGO Movie
Predicted Gross: $20.5 million (representing a drop of 34%)",normalized_exact,No movie title matched
weekly_forecast_matched_as_release_date_not_activity_window,476,weekly_ranked_predictions,unmatched,3 Days to Kill,2014-02-21,2014-02-23,7700000,1,1,365,Box Office Predictions: February 21-23,https://toddmthatcher.com/2014/02/18/box-office-predictions-february-21-23/,2014-02-18,"6. 3 Days to Kill
Predicted Gross: $7.7 million",normalized_exact,No movie title matched
weekly_forecast_matched_as_release_date_not_activity_window,472,weekly_ranked_predictions,unmatched,About Last Night,2014-02-21,2014-02-23,13600000,1,1,365,Box Office Predictions: February 21-23,https://toddmthatcher.com/2014/02/18/box-office-predictions-february-21-23/,2014-02-18,"2. About Last Night
Predicted Gross: $13.6 million (representing a drop of 47%)",normalized_exact,No movie title matched
weekly_forecast_matched_as_release_date_not_activity_window,473,weekly_ranked_predictions,unmatched,Pompeii,2014-02-21,2014-02-23,13300000,1,1,365,Box Office Predictions: February 21-23,https://toddmthatcher.com/2014/02/18/box-office-predictions-february-21-23/,2014-02-18,"3. Pompeii
Predicted Gross: $13.3 million",normalized_exact,No movie title matched
weekly_forecast_matched_as_release_date_not_activity_window,474,weekly_ranked_predictions,unmatched,Robocop,2014-02-21,2014-02-23,10400000,1,1,365,Box Office Predictions: February 21-23,https://toddmthatcher.com/2014/02/18/box-office-predictions-february-21-23/,2014-02-18,"4. Robocop
Predicted Gross: $10.4 million (representing a drop of 52%)",normalized_exact,No movie title matched
weekly_forecast_matched_as_release_date_not_activity_window,471,weekly_ranked_predictions,unmatched,The LEGO Movie,2014-02-21,2014-02-23,33700000,1,1,365,Box Office Predictions: February 21-23,https://toddmthatcher.com/2014/02/18/box-office-predictions-february-21-23/,2014-02-18,"1. The LEGO Movie
Predicted Gross: $33.7 million (representing a drop of 32%)",normalized_exact,No movie title matched
weekly_forecast_matched_as_release_date_not_activity_window,475,weekly_ranked_predictions,unmatched,The Monuments Men,2014-02-21,2014-02-23,10300000,1,1,365,Box Office Predictions: February 21-23,https://toddmthatcher.com/2014/02/18/box-office-predictions-february-21-23/,2014-02-18,"5. The Monuments Men
Predicted Gross: $10.3 million (representing a drop of 34%)",normalized_exact,No movie title matched
weekly_forecast_matched_as_release_date_not_activity_window,464,weekly_ranked_predictions,unmatched,About Last Night,2014-02-14,2014-02-17,36800000,1,1,359,Box Office Predictions: February 14-17,https://toddmthatcher.com/2014/02/10/box-office-predictions-february-14-17/,2014-02-11,"2. About Last Night
Predicted Gross: $36.8 million",normalized_exact,No movie title matched
weekly_forecast_matched_as_release_date_not_activity_window,467,weekly_ranked_predictions,unmatched,Endless Love,2014-02-14,2014-02-17,16100000,1,1,359,Box Office Predictions: February 14-17,https://toddmthatcher.com/2014/02/10/box-office-predictions-february-14-17/,2014-02-11,"5. Endless Love
Predicted Gross: $16.1 million",normalized_exact,No movie title matched
weekly_forecast_matched_as_release_date_not_activity_window,465,weekly_ranked_predictions,unmatched,Robocop,2014-02-14,2014-02-17,24900000,1,1,359,Box Office Predictions: February 14-17,https://toddmthatcher.com/2014/02/10/box-office-predictions-february-14-17/,2014-02-11,"3. Robocop
Predicted Gross: $24.9 million ($36.8M predicted for Wednesday to Monday)",normalized_exact,No movie title matched
weekly_forecast_matched_as_release_date_not_activity_window,463,weekly_ranked_predictions,unmatched,The Lego Movie,2014-02-14,2014-02-17,54200000,1,1,359,Box Office Predictions: February 14-17,https://toddmthatcher.com/2014/02/10/box-office-predictions-february-14-17/,2014-02-11,"1. The Lego Movie
Predicted Gross: $54.2 million (representing a drop of 18%)",normalized_exact,No movie title matched
weekly_forecast_matched_as_release_date_not_activity_window,468,weekly_ranked_predictions,unmatched,The Monuments Men,2014-02-14,2014-02-17,15100000,1,1,359,Box Office Predictions: February 14-17,https://toddmthatcher.com/2014/02/10/box-office-predictions-february-14-17/,2014-02-11,"6. The Monuments Men
Predicted Gross: $15.1 million (representing a drop of 31%)",normalized_exact,No movie title matched
weekly_forecast_matched_as_release_date_not_activity_window,458,weekly_ranked_predictions,unmatched,Frozen,2014-02-07,2014-02-09,6600000,2,2,349,Box Office Predictions: February 7-9,https://toddmthatcher.com/2014/02/03/box-office-predictions-february-7-9/,2014-02-03,"5. Frozen
Predicted Gross: $6.6 million (representing a drop of 25%)",normalized_exact,No movie title matched
weekly_forecast_matched_as_release_date_not_activity_window,457,weekly_ranked_predictions,unmatched,Ride Along,2014-02-07,2014-02-09,6900000,1,1,349,Box Office Predictions: February 7-9,https://toddmthatcher.com/2014/02/03/box-office-predictions-february-7-9/,2014-02-03,"4. Ride Along
Predicted Gross: $6.9 million (representing a drop of 43%)",normalized_exact,No movie title matched
weekly_forecast_matched_as_release_date_not_activity_window,454,weekly_ranked_predictions,unmatched,The Lego Movie,2014-02-07,2014-02-09,54200000,1,1,349,Box Office Predictions: February 7-9,https://toddmthatcher.com/2014/02/03/box-office-predictions-february-7-9/,2014-02-03,"1. The Lego Movie
Predicted Gross: $54.2 million",normalized_exact,No movie title matched
weekly_forecast_matched_as_release_date_not_activity_window,455,weekly_ranked_predictions,unmatched,The Monuments Men,2014-02-07,2014-02-09,16100000,1,1,349,Box Office Predictions: February 7-9,https://toddmthatcher.com/2014/02/03/box-office-predictions-february-7-9/,2014-02-03,"2. The Monuments Men
Predicted Gross: $16.1 million",normalized_exact,No movie title matched
weekly_forecast_matched_as_release_date_not_activity_window,456,weekly_ranked_predictions,unmatched,Vampire Academy,2014-02-07,2014-02-09,8400000,1,1,349,Box Office Predictions: February 7-9,https://toddmthatcher.com/2014/02/03/box-office-predictions-february-7-9/,2014-02-03,"3. Vampire Academy
Predicted Gross: $8.4 million",normalized_exact,No movie title matched
weekly_forecast_matched_as_release_date_not_activity_window,447,weekly_ranked_predictions,unmatched,Frozen,2014-01-31,2014-02-02,10700000,2,2,341,Box Office Predictions: January 31-February 2,https://toddmthatcher.com/2014/01/27/box-office-predictions-january-31-february-2/,2014-01-27,"2. Frozen
Predicted Gross: $10.7 million (representing an increase of 19%)",normalized_exact,No movie title matched
weekly_forecast_matched_as_release_date_not_activity_window,448,weekly_ranked_predictions,unmatched,Labor Day,2014-01-31,2014-02-02,8800000,1,1,341,Box Office Predictions: January 31-February 2,https://toddmthatcher.com/2014/01/27/box-office-predictions-january-31-february-2/,2014-01-27,"3. Labor Day
Predicted Gross: $8.8 million",normalized_exact,No movie title matched
weekly_forecast_matched_as_release_date_not_activity_window,446,weekly_ranked_predictions,unmatched,Ride Along,2014-01-31,2014-02-02,11300000,1,1,341,Box Office Predictions: January 31-February 2,https://toddmthatcher.com/2014/01/27/box-office-predictions-january-31-february-2/,2014-01-27,"1. Ride Along
Predicted Gross: $11.3 million (representing a drop of 47%)",normalized_exact,No movie title matched
weekly_forecast_matched_as_release_date_not_activity_window,449,weekly_ranked_predictions,unmatched,That Awkward Moment,2014-01-31,2014-02-02,8000000,1,1,341,Box Office Predictions: January 31-February 2,https://toddmthatcher.com/2014/01/27/box-office-predictions-january-31-february-2/,2014-01-27,"4. That Awkward Moment
Predicted Gross: $8 million",normalized_exact,No movie title matched
weekly_forecast_matched_as_release_date_not_activity_window,450,weekly_ranked_predictions,unmatched,The Nut Job,2014-01-31,2014-02-02,7500000,1,1,341,Box Office Predictions: January 31-February 2,https://toddmthatcher.com/2014/01/27/box-office-predictions-january-31-february-2/,2014-01-27,"5. The Nut Job
Predicted Gross: $7.5 million (representing a drop of 36%)",normalized_exact,No movie title matched
weekly_forecast_matched_as_release_date_not_activity_window,440,weekly_ranked_predictions,unmatched,"I, Frankenstein",2014-01-24,2014-01-26,16600000,1,1,335,Box Office Predictions: January 24-26,https://toddmthatcher.com/2014/01/21/box-office-predictions-january-24-26/,2014-01-21,"2. I, Frankenstein
Predicted Gross: $16.6 million",normalized_exact,No movie title matched
weekly_forecast_matched_as_release_date_not_activity_window,443,weekly_ranked_predictions,unmatched,Jack Ryan: Shadow Recruit,2014-01-24,2014-01-26,9500000,1,1,335,Box Office Predictions: January 24-26,https://toddmthatcher.com/2014/01/21/box-office-predictions-january-24-26/,2014-01-21,"5. Jack Ryan: Shadow Recruit
Predicted Gross: $9.5 million (representing a drop of 38%)",normalized_exact,No movie title matched
weekly_forecast_matched_as_release_date_not_activity_window,441,weekly_ranked_predictions,unmatched,Lone Survivor,2014-01-24,2014-01-26,13600000,1,1,335,Box Office Predictions: January 24-26,https://toddmthatcher.com/2014/01/21/box-office-predictions-january-24-26/,2014-01-21,"3. Lone Survivor
Predicted Gross: $13.6 million (representing a drop of 38%)",normalized_exact,No movie title matched
weekly_forecast_matched_as_release_date_not_activity_window,439,weekly_ranked_predictions,unmatched,Ride Along,2014-01-24,2014-01-26,22700000,1,1,335,Box Office Predictions: January 24-26,https://toddmthatcher.com/2014/01/21/box-office-predictions-january-24-26/,2014-01-21,"1. Ride Along
Predicted Gross: $22.7 million (representing a drop of 45%)",normalized_exact,No movie title matched
weekly_forecast_matched_as_release_date_not_activity_window,442,weekly_ranked_predictions,unmatched,The Nut Job,2014-01-24,2014-01-26,12500000,1,1,335,Box Office Predictions: January 24-26,https://toddmthatcher.com/2014/01/21/box-office-predictions-january-24-26/,2014-01-21,"4. The Nut Job
Predicted Gross: $12.5 million (representing a drop of 36%)",normalized_exact,No movie title matched
weekly_forecast_matched_as_release_date_not_activity_window,434,weekly_ranked_predictions,unmatched,Jack Ryan: Shadow Recruit,2014-01-17,2014-01-20,25600000,1,1,331,Box Office Predictions: January 17-20,https://toddmthatcher.com/2014/01/13/box-office-predictions-january-17-20/,2014-01-13,"2. Jack Ryan: Shadow Recruit
Predicted Gross: $25.6 million",normalized_exact,No movie title matched
weekly_forecast_matched_as_release_date_not_activity_window,433,weekly_ranked_predictions,unmatched,Lone Survivor,2014-01-17,2014-01-20,30400000,1,1,331,Box Office Predictions: January 17-20,https://toddmthatcher.com/2014/01/13/box-office-predictions-january-17-20/,2014-01-13,"1. Lone Survivor
Predicted Gross: $30.4 million (representing a drop of 19%)",normalized_exact,No movie title matched
weekly_forecast_matched_as_release_date_not_activity_window,435,weekly_ranked_predictions,unmatched,Ride Along,2014-01-17,2014-01-20,21400000,1,1,331,Box Office Predictions: January 17-20,https://toddmthatcher.com/2014/01/13/box-office-predictions-january-17-20/,2014-01-13,"3. Ride Along
Predicted Gross: $21.4 million",normalized_exact,No movie title matched
weekly_forecast_matched_as_release_date_not_activity_window,436,weekly_ranked_predictions,unmatched,The Nut Job,2014-01-17,2014-01-20,19600000,1,1,331,Box Office Predictions: January 17-20,https://toddmthatcher.com/2014/01/13/box-office-predictions-january-17-20/,2014-01-13,"4. The Nut Job
Predicted Gross: $19.6 million",normalized_exact,No movie title matched
weekly_forecast_matched_as_release_date_not_activity_window,420,weekly_ranked_predictions,unmatched,Frozen,2014-01-10,2014-01-12,13500000,2,2,313,Box Office Predictions: January 10-12,https://toddmthatcher.com/2014/01/06/box-office-predictions-january-10-12/,2014-01-06,"2. Frozen
Predicted Gross: $13.5 million (representing a drop of 31%)",normalized_exact,No movie title matched
weekly_forecast_matched_as_release_date_not_activity_window,424,weekly_ranked_predictions,unmatched,Her,2014-01-10,2014-01-12,8300000,1,1,313,Box Office Predictions: January 10-12,https://toddmthatcher.com/2014/01/06/box-office-predictions-january-10-12/,2014-01-06,"6. Her
Predicted Gross: $8.3 million",normalized_exact,No movie title matched
weekly_forecast_matched_as_release_date_not_activity_window,419,weekly_ranked_predictions,unmatched,Lone Survivor,2014-01-10,2014-01-12,21700000,1,1,313,Box Office Predictions: January 10-12,https://toddmthatcher.com/2014/01/06/box-office-predictions-january-10-12/,2014-01-06,"1. Lone Survivor
Predicted Gross: $21.7 million",normalized_exact,No movie title matched
weekly_forecast_matched_as_release_date_not_activity_window,423,weekly_ranked_predictions,unmatched,The Hobbit: The Desolation of Smaug,2014-01-10,2014-01-12,8400000,1,1,313,Box Office Predictions: January 10-12,https://toddmthatcher.com/2014/01/06/box-office-predictions-january-10-12/,2014-01-06,"5. The Hobbit: The Desolation of Smaug
Predicted Gross: $8.4 million (representing a drop of 46%)",normalized_exact,No movie title matched
weekly_forecast_matched_as_release_date_not_activity_window,421,weekly_ranked_predictions,unmatched,The Legend of Hercules,2014-01-10,2014-01-12,11900000,1,1,313,Box Office Predictions: January 10-12,https://toddmthatcher.com/2014/01/06/box-office-predictions-january-10-12/,2014-01-06,"3. The Legend of Hercules
Predicted Gross: $11.9 million",normalized_exact,No movie title matched
weekly_forecast_matched_as_release_date_not_activity_window,422,weekly_ranked_predictions,unmatched,The Wolf of Wall Street,2014-01-10,2014-01-12,8500000,1,1,313,Box Office Predictions: January 10-12,https://toddmthatcher.com/2014/01/06/box-office-predictions-january-10-12/,2014-01-06,"4. The Wolf of Wall Street
Predicted Gross: $8.5 million (representing a drop of 36%)",normalized_exact,No movie title matched
weekly_forecast_matched_as_release_date_not_activity_window,416,weekly_ranked_predictions,unmatched,American Hustle,2013-01-03,2013-01-05,13100000,1,1,311,Box Office Predictions: January 3-5,https://toddmthatcher.com/2013/12/31/box-office-predictions-january-3-5/,2013-12-31,"4. American Hustle
Predicted Gross: $13.1 million (representing a drop of 33%)",normalized_exact,No movie title matched
weekly_forecast_matched_as_release_date_not_activity_window,417,weekly_ranked_predictions,unmatched,Anchorman 2: The Legend Continues,2013-01-03,2013-01-05,12500000,1,1,311,Box Office Predictions: January 3-5,https://toddmthatcher.com/2013/12/31/box-office-predictions-january-3-5/,2013-12-31,"5. Anchorman 2: The Legend Continues
Predicted Gross: $12.5 million (representing a drop of 38%)",normalized_exact,No movie title matched
weekly_forecast_matched_as_release_date_not_activity_window,414,weekly_ranked_predictions,unmatched,Frozen,2013-01-03,2013-01-05,19000000,2,2,311,Box Office Predictions: January 3-5,https://toddmthatcher.com/2013/12/31/box-office-predictions-january-3-5/,2013-12-31,"2. Frozen
Predicted Gross: $19 million (representing a drop of 33%)",normalized_exact,No movie title matched
weekly_forecast_matched_as_release_date_not_activity_window,413,weekly_ranked_predictions,unmatched,Paranormal Activity: The Marked Ones,2013-01-03,2013-01-05,26800000,1,1,311,Box Office Predictions: January 3-5,https://toddmthatcher.com/2013/12/31/box-office-predictions-january-3-5/,2013-12-31,"1. Paranormal Activity: The Marked Ones
Predicted Gross: $26.8 million",normalized_exact,No movie title matched
weekly_forecast_matched_as_release_date_not_activity_window,415,weekly_ranked_predictions,unmatched,The Hobbit: The Desolation of Smaug,2013-01-03,2013-01-05,16200000,1,1,311,Box Office Predictions: January 3-5,https://toddmthatcher.com/2013/12/31/box-office-predictions-january-3-5/,2013-12-31,"3. The Hobbit: The Desolation of Smaug
Predicted Gross: $16.2 million (representing a drop of 44%)",normalized_exact,No movie title matched
weekly_forecast_matched_as_release_date_not_activity_window,418,weekly_ranked_predictions,unmatched,The Wolf of Wall Street,2013-01-03,2013-01-05,11000000,1,1,311,Box Office Predictions: January 3-5,https://toddmthatcher.com/2013/12/31/box-office-predictions-january-3-5/,2013-12-31,"6. The Wolf of Wall Street
Predicted Gross: $11 million (representing a drop of 41%)",normalized_exact,No movie title matched
weekly_forecast_matched_as_release_date_not_activity_window,394,weekly_ranked_predictions,unmatched,American Hustle,2013-12-20,2013-12-22,20500000,1,1,293,Box Office Predictions: December 20-22,https://toddmthatcher.com/2013/12/16/box-office-predictions-december-20-22/,2013-12-16,"3. American Hustle
Predicted Gross: $20.5 million",normalized_exact,No movie title matched
weekly_forecast_matched_as_release_date_not_activity_window,392,weekly_ranked_predictions,unmatched,Anchorman 2: The Legend Continues,2013-12-20,2013-12-22,41900000,1,1,293,Box Office Predictions: December 20-22,https://toddmthatcher.com/2013/12/16/box-office-predictions-december-20-22/,2013-12-16,"1. Anchorman 2: The Legend Continues
Predicted Gross: $41.9 million ($61.2 million Wednesday to Sunday)",normalized_exact,No movie title matched
weekly_forecast_matched_as_release_date_not_activity_window,396,weekly_ranked_predictions,unmatched,Saving Mr. Banks,2013-12-20,2013-12-22,17100000,1,1,293,Box Office Predictions: December 20-22,https://toddmthatcher.com/2013/12/16/box-office-predictions-december-20-22/,2013-12-16,"5. Saving Mr. Banks
Predicted Gross: $17.1 million",normalized_exact,No movie title matched
weekly_forecast_matched_as_release_date_not_activity_window,393,weekly_ranked_predictions,unmatched,The Hobbit: The Desolation of Smaug,2013-12-20,2013-12-22,31500000,1,1,293,Box Office Predictions: December 20-22,https://toddmthatcher.com/2013/12/16/box-office-predictions-december-20-22/,2013-12-16,"2. The Hobbit: The Desolation of Smaug
Predicted Gross: $31.5 million (representing a drop of 57%)",normalized_exact,No movie title matched
weekly_forecast_matched_as_release_date_not_activity_window,395,weekly_ranked_predictions,unmatched,Walking with Dinosaurs,2013-12-20,2013-12-22,18900000,1,1,293,Box Office Predictions: December 20-22,https://toddmthatcher.com/2013/12/16/box-office-predictions-december-20-22/,2013-12-16,"4. Walking with Dinosaurs
Predicted Gross: $18.9 million",normalized_exact,No movie title matched
weekly_forecast_matched_as_release_date_not_activity_window,386,weekly_ranked_predictions,unmatched,Frozen,2013-12-13,2013-12-15,17100000,2,2,285,Box Office Predictions: December 13-15,https://toddmthatcher.com/2013/12/09/box-office-predictions-december-13-15/,2013-12-09,"3. Frozen
Predicted Gross: $17.1 million (representing a drop of 46%)",normalized_exact,No movie title matched
weekly_forecast_matched_as_release_date_not_activity_window,384,weekly_ranked_predictions,unmatched,The Hobbit: The Desolation of Smaug,2013-12-13,2013-12-15,77900000,1,1,285,Box Office Predictions: December 13-15,https://toddmthatcher.com/2013/12/09/box-office-predictions-december-13-15/,2013-12-09,"1. The Hobbit: The Desolation of Smaug
Predicted Gross: $77.9 million",normalized_exact,No movie title matched
weekly_forecast_matched_as_release_date_not_activity_window,387,weekly_ranked_predictions,unmatched,The Hunger Games: Catching Fire,2013-12-13,2013-12-15,12300000,1,1,285,Box Office Predictions: December 13-15,https://toddmthatcher.com/2013/12/09/box-office-predictions-december-13-15/,2013-12-09,"4. The Hunger Games: Catching Fire
Predicted Gross: $12.3 million (representing a drop of 53%)",normalized_exact,No movie title matched
weekly_forecast_matched_as_release_date_not_activity_window,388,weekly_ranked_predictions,unmatched,Thor: The Dark World,2013-12-13,2013-12-15,2500000,1,1,285,Box Office Predictions: December 13-15,https://toddmthatcher.com/2013/12/09/box-office-predictions-december-13-15/,2013-12-09,"5. Thor: The Dark World
Predicted Gross: $2.5 million (representing a drop of 49%)",normalized_exact,No movie title matched
weekly_forecast_matched_as_release_date_not_activity_window,381,weekly_ranked_predictions,unmatched,Delivery Man,2013-12-06,2013-12-08,3500000,1,1,279,Box Office Predictions: December 6-8,https://toddmthatcher.com/2013/12/02/box-office-predictions-december-6-8/,2013-12-02,"5. Delivery Man
Predicted Gross: $3.5 million (representing a drop of 49%)",normalized_exact,No movie title matched
weekly_forecast_matched_as_release_date_not_activity_window,377,weekly_ranked_predictions,unmatched,Frozen,2013-12-06,2013-12-08,34800000,2,2,279,Box Office Predictions: December 6-8,https://toddmthatcher.com/2013/12/02/box-office-predictions-december-6-8/,2013-12-02,"1. Frozen
Predicted Gross: $34.8 million (representing a drop of 48%)",normalized_exact,No movie title matched
weekly_forecast_matched_as_release_date_not_activity_window,378,weekly_ranked_predictions,unmatched,The Hunger Games: Catching Fire,2013-12-06,2013-12-08,32000000,1,1,279,Box Office Predictions: December 6-8,https://toddmthatcher.com/2013/12/02/box-office-predictions-december-6-8/,2013-12-02,"2. The Hunger Games: Catching Fire
Predicted Gross: $32 million (representing a drop of 57%)",normalized_exact,No movie title matched
weekly_forecast_matched_as_release_date_not_activity_window,380,weekly_ranked_predictions,unmatched,Thor: The Dark World,2013-12-06,2013-12-08,5200000,1,1,279,Box Office Predictions: December 6-8,https://toddmthatcher.com/2013/12/02/box-office-predictions-december-6-8/,2013-12-02,"4. Thor: The Dark World
Predicted Gross: $5.2 million (representing a drop of 53%)",normalized_exact,No movie title matched
weekly_forecast_matched_as_release_date_not_activity_window,358,weekly_ranked_predictions,unmatched,Delivery Man,2013-11-22,2013-11-24,11200000,1,1,261,Box Office Predictions: November 22-24,https://toddmthatcher.com/2013/11/18/box-office-predictions-november-22-24/,2013-11-18,"4. Delivery Man
Predicted Gross: $11.2 million",normalized_exact,No movie title matched
weekly_forecast_matched_as_release_date_not_activity_window,359,weekly_ranked_predictions,unmatched,Last Vegas,2013-11-22,2013-11-24,6200000,1,1,261,Box Office Predictions: November 22-24,https://toddmthatcher.com/2013/11/18/box-office-predictions-november-22-24/,2013-11-18,"5. Last Vegas
Predicted Gross: $6.2 million (representing a drop of 26%)",normalized_exact,No movie title matched
weekly_forecast_matched_as_release_date_not_activity_window,357,weekly_ranked_predictions,unmatched,The Best Man Holiday,2013-11-22,2013-11-24,15900000,1,1,261,Box Office Predictions: November 22-24,https://toddmthatcher.com/2013/11/18/box-office-predictions-november-22-24/,2013-11-18,"3. The Best Man Holiday
Predicted Gross: $15.9 million (representing a drop of 47%)",normalized_exact,No movie title matched
weekly_forecast_matched_as_release_date_not_activity_window,355,weekly_ranked_predictions,unmatched,The Hunger Games: Catching Fire,2013-11-22,2013-11-24,166700000,1,1,261,Box Office Predictions: November 22-24,https://toddmthatcher.com/2013/11/18/box-office-predictions-november-22-24/,2013-11-18,"1. The Hunger Games: Catching Fire
Predicted Gross: $166.7 million",normalized_exact,No movie title matched
weekly_forecast_matched_as_release_date_not_activity_window,356,weekly_ranked_predictions,unmatched,Thor: The Dark World,2013-11-22,2013-11-24,16100000,1,1,261,Box Office Predictions: November 22-24,https://toddmthatcher.com/2013/11/18/box-office-predictions-november-22-24/,2013-11-18,"2. Thor: The Dark World
Predicted Gross: $16.1 million (representing a drop of 56%)",normalized_exact,No movie title matched
weekly_forecast_matched_as_release_date_not_activity_window,350,weekly_ranked_predictions,unmatched,Free Birds,2013-11-15,2013-11-17,8900000,1,1,255,Box Office Predictions: November 15-17,https://toddmthatcher.com/2013/11/11/box-office-predictions-november-15-17/,2013-11-11,"3. Free Birds
Predicted Gross: $8.9 million (representing a drop of 19%)",normalized_exact,No movie title matched
weekly_forecast_matched_as_release_date_not_activity_window,352,weekly_ranked_predictions,unmatched,Jackass Presents: Bad Grandpa,2013-11-15,2013-11-17,6500000,1,1,255,Box Office Predictions: November 15-17,https://toddmthatcher.com/2013/11/11/box-office-predictions-november-15-17/,2013-11-11,"5. Jackass Presents: Bad Grandpa
Predicted Gross: $6.5 million (representing a drop of 42%)",normalized_exact,No movie title matched
weekly_forecast_matched_as_release_date_not_activity_window,351,weekly_ranked_predictions,unmatched,Last Vegas,2013-11-15,2013-11-17,7500000,1,1,255,Box Office Predictions: November 15-17,https://toddmthatcher.com/2013/11/11/box-office-predictions-november-15-17/,2013-11-11,"4. Last Vegas
Predicted Gross: $7.5 million (representing a drop of 31%)",normalized_exact,No movie title matched
weekly_forecast_matched_as_release_date_not_activity_window,349,weekly_ranked_predictions,unmatched,The Best Man Holiday,2013-11-15,2013-11-17,18700000,1,1,255,Box Office Predictions: November 15-17,https://toddmthatcher.com/2013/11/11/box-office-predictions-november-15-17/,2013-11-11,"2. The Best Man Holiday
Predicted Gross: $18.7 million",normalized_exact,No movie title matched
weekly_forecast_matched_as_release_date_not_activity_window,348,weekly_ranked_predictions,unmatched,Thor: The Dark World,2013-11-15,2013-11-17,39300000,1,1,255,Box Office Predictions: November 15-17,https://toddmthatcher.com/2013/11/11/box-office-predictions-november-15-17/,2013-11-11,"1. Thor: The Dark World
Predicted Gross: $39.3 million (representing a drop of 54%)",normalized_exact,No movie title matched
weekly_forecast_matched_as_release_date_not_activity_window,343,weekly_ranked_predictions,unmatched,About Time,2013-11-08,2013-11-10,12800000,1,1,251,Box Office Predictions: November 8-10,https://toddmthatcher.com/2013/11/04/box-office-predictions-november-8-10/,2013-11-04,"3. About Time
Predicted Gross: $12.8 million",normalized_exact,No movie title matched
weekly_forecast_matched_as_release_date_not_activity_window,346,weekly_ranked_predictions,unmatched,Free Birds,2013-11-08,2013-11-10,10400000,1,1,251,Box Office Predictions: November 8-10,https://toddmthatcher.com/2013/11/04/box-office-predictions-november-8-10/,2013-11-04,"6. Free Birds
Predicted Gross: $10.4 million (representing a drop of 34%)",normalized_exact,No movie title matched
weekly_forecast_matched_as_release_date_not_activity_window,344,weekly_ranked_predictions,unmatched,Jackass Presents: Bad Grandpa,2013-11-08,2013-11-10,11200000,1,1,251,Box Office Predictions: November 8-10,https://toddmthatcher.com/2013/11/04/box-office-predictions-november-8-10/,2013-11-04,"4. Jackass Presents: Bad Grandpa
Predicted Gross: $11.2 million (representing a drop of 44%)",normalized_exact,No movie title matched
weekly_forecast_matched_as_release_date_not_activity_window,345,weekly_ranked_predictions,unmatched,Last Vegas,2013-11-08,2013-11-10,11000000,1,1,251,Box Office Predictions: November 8-10,https://toddmthatcher.com/2013/11/04/box-office-predictions-november-8-10/,2013-11-04,"5. Last Vegas
Predicted Gross: $11 million (representing a drop of 32%)",normalized_exact,No movie title matched
weekly_forecast_matched_as_release_date_not_activity_window,341,weekly_ranked_predictions,unmatched,Thor: The Dark World,2013-11-08,2013-11-10,85600000,1,1,251,Box Office Predictions: November 8-10,https://toddmthatcher.com/2013/11/04/box-office-predictions-november-8-10/,2013-11-04,"1. Thor: The Dark World
Predicted Gross: $85.6 million",normalized_exact,No movie title matched
weekly_forecast_matched_as_release_date_not_activity_window,335,weekly_ranked_predictions,unmatched,Free Birds,2013-11-01,2013-11-03,21000000,1,1,245,Box Office Predictions: November 1-3,https://toddmthatcher.com/2013/10/28/box-office-predictions-november-1-3/,2013-10-28,"2. Free Birds
Predicted Gross: $21 million",normalized_exact,No movie title matched
weekly_forecast_matched_as_release_date_not_activity_window,337,weekly_ranked_predictions,unmatched,Gravity,2013-11-01,2013-11-03,13900000,1,1,245,Box Office Predictions: November 1-3,https://toddmthatcher.com/2013/10/28/box-office-predictions-november-1-3/,2013-10-28,"4. Gravity
Predicted Gross: $13.9 million (representing a drop of 31%)",normalized_exact,No movie title matched
weekly_forecast_matched_as_release_date_not_activity_window,338,weekly_ranked_predictions,unmatched,Jackass Presents: Bad Grandpa,2013-11-01,2013-11-03,13700000,1,1,245,Box Office Predictions: November 1-3,https://toddmthatcher.com/2013/10/28/box-office-predictions-november-1-3/,2013-10-28,"5. Jackass Presents: Bad Grandpa
Predicted Gross: $13.7 million (representing a drop of 57%)",normalized_exact,No movie title matched
weekly_forecast_matched_as_release_date_not_activity_window,336,weekly_ranked_predictions,unmatched,Last Vegas,2013-11-01,2013-11-03,19200000,1,1,245,Box Office Predictions: November 1-3,https://toddmthatcher.com/2013/10/28/box-office-predictions-november-1-3/,2013-10-28,"3. Last Vegas
Predicted Gross: $19.2 million",normalized_exact,No movie title matched
weekly_forecast_matched_as_release_date_not_activity_window,329,weekly_ranked_predictions,unmatched,Captain Phillips,2013-10-25,2013-10-27,10900000,1,1,237,Box Office Predictions: October 25-27,https://toddmthatcher.com/2013/10/21/box-office-predictions-october-25-27/,2013-10-21,"4. Captain Phillips
Predicted Gross: $10.9 million (representing a drop of 33%)",normalized_exact,No movie title matched
weekly_forecast_matched_as_release_date_not_activity_window,330,weekly_ranked_predictions,unmatched,Carrie,2013-10-25,2013-10-27,7600000,1,1,237,Box Office Predictions: October 25-27,https://toddmthatcher.com/2013/10/21/box-office-predictions-october-25-27/,2013-10-21,"5. Carrie
Predicted Gross: $7.6 million (representing a drop of 52%)",normalized_exact,No movie title matched
weekly_forecast_matched_as_release_date_not_activity_window,327,weekly_ranked_predictions,unmatched,Gravity,2013-10-25,2013-10-27,21200000,1,1,237,Box Office Predictions: October 25-27,https://toddmthatcher.com/2013/10/21/box-office-predictions-october-25-27/,2013-10-21,"2. Gravity
Predicted Gross: $21.2 million (representing a drop of 29%)",normalized_exact,No movie title matched
weekly_forecast_matched_as_release_date_not_activity_window,326,weekly_ranked_predictions,unmatched,Jackass Presents: Bad Grandpa,2013-10-25,2013-10-27,28300000,1,1,237,Box Office Predictions: October 25-27,https://toddmthatcher.com/2013/10/21/box-office-predictions-october-25-27/,2013-10-21,"1. Jackass Presents: Bad Grandpa
Predicted Gross: $28.3 million",normalized_exact,No movie title matched
weekly_forecast_matched_as_release_date_not_activity_window,328,weekly_ranked_predictions,unmatched,The Counselor,2013-10-25,2013-10-27,13800000,1,1,237,Box Office Predictions: October 25-27,https://toddmthatcher.com/2013/10/21/box-office-predictions-october-25-27/,2013-10-21,"3. The Counselor
Predicted Gross: $13.8 million",normalized_exact,No movie title matched
weekly_forecast_matched_as_release_date_not_activity_window,321,weekly_ranked_predictions,unmatched,Captain Phillips,2013-10-18,2013-10-20,18500000,1,1,231,Box Office Predictions: October 18-20,https://toddmthatcher.com/2013/10/14/box-office-predictions-october-18-20/,2013-10-14,"3. Captain Phillips
Predicted Gross: $18.5 million (representing a drop of 28%)",normalized_exact,No movie title matched
weekly_forecast_matched_as_release_date_not_activity_window,320,weekly_ranked_predictions,unmatched,Carrie,2013-10-18,2013-10-20,22400000,1,1,231,Box Office Predictions: October 18-20,https://toddmthatcher.com/2013/10/14/box-office-predictions-october-18-20/,2013-10-14,"2. Carrie
Predicted Gross: $22.4 million",normalized_exact,No movie title matched
weekly_forecast_matched_as_release_date_not_activity_window,323,weekly_ranked_predictions,unmatched,Cloudy with a Chance of Meatballs 2,2013-10-18,2013-10-20,9300000,1,1,231,Box Office Predictions: October 18-20,https://toddmthatcher.com/2013/10/14/box-office-predictions-october-18-20/,2013-10-14,"5. Cloudy with a Chance of Meatballs 2
Predicted Gross: $9.3 million (representing a drop of 32%)",normalized_exact,No movie title matched
weekly_forecast_matched_as_release_date_not_activity_window,322,weekly_ranked_predictions,unmatched,Escape Plan,2013-10-18,2013-10-20,10100000,1,1,231,Box Office Predictions: October 18-20,https://toddmthatcher.com/2013/10/14/box-office-predictions-october-18-20/,2013-10-14,"4. Escape Plan
Predicted Gross: $10.1 million",normalized_exact,No movie title matched
weekly_forecast_matched_as_release_date_not_activity_window,319,weekly_ranked_predictions,unmatched,Gravity,2013-10-18,2013-10-20,29700000,1,1,231,Box Office Predictions: October 18-20,https://toddmthatcher.com/2013/10/14/box-office-predictions-october-18-20/,2013-10-14,"1. Gravity
Predicted Gross: $29.7 million (representing a drop of 31%)",normalized_exact,No movie title matched
weekly_forecast_matched_as_release_date_not_activity_window,310,weekly_ranked_predictions,unmatched,Captain Phillips,2013-10-11,2013-10-13,19100000,1,1,219,Box Office Predictions: October 11-13,https://toddmthatcher.com/2013/10/07/box-office-predictions-october-11-13/,2013-10-07,"2. Captain Phillips
Predicted Gross: $19.1 million",normalized_exact,No movie title matched
weekly_forecast_matched_as_release_date_not_activity_window,311,weekly_ranked_predictions,unmatched,Cloudy with a Chance of Meatballs 2,2013-10-11,2013-10-13,14300000,1,1,219,Box Office Predictions: October 11-13,https://toddmthatcher.com/2013/10/07/box-office-predictions-october-11-13/,2013-10-07,"3. Cloudy with a Chance of Meatballs 2
Predicted Gross: $14.3 million (representing a drop of 32%)",normalized_exact,No movie title matched
weekly_forecast_matched_as_release_date_not_activity_window,309,weekly_ranked_predictions,unmatched,Gravity,2013-10-11,2013-10-13,33400000,1,1,219,Box Office Predictions: October 11-13,https://toddmthatcher.com/2013/10/07/box-office-predictions-october-11-13/,2013-10-07,"1. Gravity
Predicted Gross: $33.4 million (representing a drop of 40%)",normalized_exact,No movie title matched
weekly_forecast_matched_as_release_date_not_activity_window,312,weekly_ranked_predictions,unmatched,Machete Kills,2013-10-11,2013-10-13,7200000,1,1,219,Box Office Predictions: October 11-13,https://toddmthatcher.com/2013/10/07/box-office-predictions-october-11-13/,2013-10-07,"4. Machete Kills
Predicted Gross: $7.2 million",normalized_exact,No movie title matched
weekly_forecast_matched_as_release_date_not_activity_window,313,weekly_ranked_predictions,unmatched,Runner Runner,2013-10-11,2013-10-13,3500000,1,1,219,Box Office Predictions: October 11-13,https://toddmthatcher.com/2013/10/07/box-office-predictions-october-11-13/,2013-10-07,"5. Runner Runner
Predicted Gross: $3.5 million (representing a drop of 55%)",normalized_exact,No movie title matched
weekly_forecast_matched_as_release_date_not_activity_window,304,weekly_ranked_predictions,unmatched,Cloudy with a Chance of Meatballs 2,2013-10-04,2013-10-06,21800000,1,1,215,Box Office Predictions: October 4-6,https://toddmthatcher.com/2013/09/30/box-office-predictions-october-4-6/,2013-09-30,"2. Cloudy with a Chance of Meatballs 2
Predicted Gross: $21.8 million (representing a drop of 36%)",normalized_exact,No movie title matched
weekly_forecast_matched_as_release_date_not_activity_window,303,weekly_ranked_predictions,unmatched,Gravity,2013-10-04,2013-10-06,38700000,1,1,215,Box Office Predictions: October 4-6,https://toddmthatcher.com/2013/09/30/box-office-predictions-october-4-6/,2013-09-30,"1. Gravity
Predicted Gross: $38.7 million",normalized_exact,No movie title matched
weekly_forecast_matched_as_release_date_not_activity_window,306,weekly_ranked_predictions,unmatched,Prisoners,2013-10-04,2013-10-06,6200000,1,1,215,Box Office Predictions: October 4-6,https://toddmthatcher.com/2013/09/30/box-office-predictions-october-4-6/,2013-09-30,"4. Prisoners
Predicted Gross: $6.2 million (representing a drop of 43%)",normalized_exact,No movie title matched
weekly_forecast_matched_as_release_date_not_activity_window,305,weekly_ranked_predictions,unmatched,Runner Runner,2013-10-04,2013-10-06,10900000,1,1,215,Box Office Predictions: October 4-6,https://toddmthatcher.com/2013/09/30/box-office-predictions-october-4-6/,2013-09-30,"3. Runner Runner
Predicted Gross: $10.9 million",normalized_exact,No movie title matched
weekly_forecast_matched_as_release_date_not_activity_window,307,weekly_ranked_predictions,unmatched,Rush,2013-10-04,2013-10-06,6100000,1,1,215,Box Office Predictions: October 4-6,https://toddmthatcher.com/2013/09/30/box-office-predictions-october-4-6/,2013-09-30,"5. Rush
Predicted Gross: $6.1 million (representing a drop of 39%)",normalized_exact,No movie title matched
weekly_forecast_matched_as_release_date_not_activity_window,299,weekly_ranked_predictions,unmatched,Baggage Claim,2013-09-27,2013-09-29,9500000,1,1,209,Box Office Predictions: September 27-29,https://toddmthatcher.com/2013/09/23/box-office-predictions-september-27-29/,2013-09-23,"4. Baggage Claim
Predicted Gross: $9.5 million",normalized_exact,No movie title matched
weekly_forecast_matched_as_release_date_not_activity_window,296,weekly_ranked_predictions,unmatched,Cloudy with a Chance of Meatballs 2,2013-09-27,2013-09-29,48100000,1,1,209,Box Office Predictions: September 27-29,https://toddmthatcher.com/2013/09/23/box-office-predictions-september-27-29/,2013-09-23,"1. Cloudy with a Chance of Meatballs 2
Predicted Gross: $48.1 million",normalized_exact,No movie title matched
weekly_forecast_matched_as_release_date_not_activity_window,300,weekly_ranked_predictions,unmatched,Don Jon,2013-09-27,2013-09-29,8000000,1,1,209,Box Office Predictions: September 27-29,https://toddmthatcher.com/2013/09/23/box-office-predictions-september-27-29/,2013-09-23,"5. Don Jon
Predicted Gross: $8 million",normalized_exact,No movie title matched
weekly_forecast_matched_as_release_date_not_activity_window,298,weekly_ranked_predictions,unmatched,Prisoners,2013-09-27,2013-09-29,12700000,1,1,209,Box Office Predictions: September 27-29,https://toddmthatcher.com/2013/09/23/box-office-predictions-september-27-29/,2013-09-23,"3. Prisoners
Predicted Gross: $12.7 million (representing a drop of 39%)",normalized_exact,No movie title matched
weekly_forecast_matched_as_release_date_not_activity_window,297,weekly_ranked_predictions,unmatched,Rush,2013-09-27,2013-09-29,17200000,1,1,209,Box Office Predictions: September 27-29,https://toddmthatcher.com/2013/09/23/box-office-predictions-september-27-29/,2013-09-23,"2. Rush
Predicted Gross: $17.2 million",normalized_exact,No movie title matched
weekly_forecast_matched_as_release_date_not_activity_window,289,weekly_ranked_predictions,unmatched,Battle of the Year,2013-09-20,2013-09-22,10300000,1,1,199,Box Office Predictions: September 20-22,https://toddmthatcher.com/2013/09/16/box-office-predictions-september-20-22/,2013-09-16,"3. Battle of the Year
Predicted Gross: $10.3 million",normalized_exact,No movie title matched
weekly_forecast_matched_as_release_date_not_activity_window,288,weekly_ranked_predictions,unmatched,Insidious: Chapter 2,2013-09-20,2013-09-22,15900000,1,1,199,Box Office Predictions: September 20-22,https://toddmthatcher.com/2013/09/16/box-office-predictions-september-20-22/,2013-09-16,"2. Insidious: Chapter 2
Predicted Gross: $15.9 million (representing a drop of 60%)",normalized_exact,No movie title matched
weekly_forecast_matched_as_release_date_not_activity_window,287,weekly_ranked_predictions,unmatched,Prisoners,2013-09-20,2013-09-22,18400000,1,1,199,Box Office Predictions: September 20-22,https://toddmthatcher.com/2013/09/16/box-office-predictions-september-20-22/,2013-09-16,"1. Prisoners
Predicted Gross: $18.4 milion",normalized_exact,No movie title matched
weekly_forecast_matched_as_release_date_not_activity_window,290,weekly_ranked_predictions,unmatched,The Family,2013-09-20,2013-09-22,6400000,1,1,199,Box Office Predictions: September 20-22,https://toddmthatcher.com/2013/09/16/box-office-predictions-september-20-22/,2013-09-16,"4. The Family
Predicted Gross: $6.4 million (representing a drop of 54%)",normalized_exact,No movie title matched
weekly_forecast_matched_as_release_date_not_activity_window,280,weekly_ranked_predictions,unmatched,Insidious: Chapter 2,2013-09-13,2013-09-15,22600000,1,1,193,Box Office Predictions: September 13-15,https://toddmthatcher.com/2013/09/09/box-office-predictions-september-13-15/,2013-09-10,"1. Insidious: Chapter 2
Predicted Gross: $22.6 million",normalized_exact,No movie title matched
weekly_forecast_matched_as_release_date_not_activity_window,284,weekly_ranked_predictions,unmatched,Lee Daniels’ The Butler,2013-09-13,2013-09-15,5600000,1,1,193,Box Office Predictions: September 13-15,https://toddmthatcher.com/2013/09/09/box-office-predictions-september-13-15/,2013-09-10,"5. Lee Daniels’ The Butler
Predicted Gross: $5.6 million (representing a drop of 34%)",normalized_exact,No movie title matched
weekly_forecast_matched_as_release_date_not_activity_window,282,weekly_ranked_predictions,unmatched,Riddick,2013-09-13,2013-09-15,7900000,1,1,193,Box Office Predictions: September 13-15,https://toddmthatcher.com/2013/09/09/box-office-predictions-september-13-15/,2013-09-10,"3. Riddick
Predicted Gross: $7.9 million (representing a drop of 57%)",normalized_exact,No movie title matched
weekly_forecast_matched_as_release_date_not_activity_window,281,weekly_ranked_predictions,unmatched,The Family,2013-09-13,2013-09-15,11200000,1,1,193,Box Office Predictions: September 13-15,https://toddmthatcher.com/2013/09/09/box-office-predictions-september-13-15/,2013-09-10,"2. The Family
Predicted Gross: $11.2 million",normalized_exact,No movie title matched
weekly_forecast_matched_as_release_date_not_activity_window,273,weekly_ranked_predictions,unmatched,Lee Daniels’ The Butler,2013-09-06,2013-09-08,9500000,1,1,185,Box Office Predictions: September 6-8,https://toddmthatcher.com/2013/09/03/box-office-predictions-september-6-8/,2013-09-03,"2. Lee Daniels’ The Butler
Predicted Gross: $9.5 million (representing a drop of 36%)",normalized_exact,No movie title matched
weekly_forecast_matched_as_release_date_not_activity_window,275,weekly_ranked_predictions,unmatched,One Direction: This Is Us,2013-09-06,2013-09-08,6600000,1,1,185,Box Office Predictions: September 6-8,https://toddmthatcher.com/2013/09/03/box-office-predictions-september-6-8/,2013-09-03,"4. One Direction: This Is Us
Predicted Gross: $6.6 million (representing a drop of 58%)",normalized_exact,No movie title matched
weekly_forecast_matched_as_release_date_not_activity_window,272,weekly_ranked_predictions,unmatched,Riddick,2013-09-06,2013-09-08,23400000,1,1,185,Box Office Predictions: September 6-8,https://toddmthatcher.com/2013/09/03/box-office-predictions-september-6-8/,2013-09-03,"1. Riddick
Predicted Gross: $23.4 million",normalized_exact,No movie title matched
weekly_forecast_matched_as_release_date_not_activity_window,270,weekly_ranked_predictions,unmatched,Getaway,2013-08-30,2013-09-02,11800000,1,1,183,Labor Day Weekend Box Office Predictions: August 30-September 2,https://toddmthatcher.com/2013/08/26/labor-day-weekend-box-office-predictions-august-30-september-2/,2013-08-26,"4. Getaway
Predicted Gross: $11.8 million",normalized_exact,No movie title matched
weekly_forecast_matched_as_release_date_not_activity_window,267,weekly_ranked_predictions,unmatched,Lee Daniels’ The Butler,2013-08-30,2013-09-02,19800000,1,1,183,Labor Day Weekend Box Office Predictions: August 30-September 2,https://toddmthatcher.com/2013/08/26/labor-day-weekend-box-office-predictions-august-30-september-2/,2013-08-26,"1. Lee Daniels’ The Butler
Predicted Gross: $19.8 million (representing an increase of 20%)",normalized_exact,No movie title matched
weekly_forecast_matched_as_release_date_not_activity_window,269,weekly_ranked_predictions,unmatched,One Direction: This Is Us,2013-08-30,2013-09-02,14900000,1,1,183,Labor Day Weekend Box Office Predictions: August 30-September 2,https://toddmthatcher.com/2013/08/26/labor-day-weekend-box-office-predictions-august-30-september-2/,2013-08-26,"3. One Direction: This Is Us
Predicted Gross: $14.9 million",normalized_exact,No movie title matched
weekly_forecast_matched_as_release_date_not_activity_window,260,weekly_ranked_predictions,unmatched,Lee Daniels’ The Butler,2013-08-23,2013-08-25,18100000,1,1,175,Box Office Predictions: August 23-25,https://toddmthatcher.com/2013/08/19/box-office-predictions-august-23-25/,2013-08-19,"2. Lee Daniels’ The Butler
Predicted Gross: $18.1 million (representing a drop of 28%)",normalized_exact,No movie title matched
weekly_forecast_matched_as_release_date_not_activity_window,261,weekly_ranked_predictions,unmatched,The Mortal Instruments: City of Bones,2013-08-23,2013-08-25,15700000,1,1,175,Box Office Predictions: August 23-25,https://toddmthatcher.com/2013/08/19/box-office-predictions-august-23-25/,2013-08-19,"3. The Mortal Instruments: City of Bones
Predicted Gross: $15.7 million (Friday-to-Sunday), $23.9 million (five-day gross)",normalized_exact,No movie title matched
weekly_forecast_matched_as_release_date_not_activity_window,252,weekly_ranked_predictions,unmatched,Elysium,2013-08-16,2013-08-18,12200000,1,1,167,Box Office Predictions: August 16-18,https://toddmthatcher.com/2013/08/12/box-office-predictions-august-16-18/,2013-08-12,"5. Elysium
Predicted Gross: $12.2 million (representing a drop of 59%)",normalized_exact,No movie title matched
weekly_forecast_matched_as_release_date_not_activity_window,255,weekly_ranked_predictions,unmatched,Jobs,2013-08-16,2013-08-18,6800000,1,1,167,Box Office Predictions: August 16-18,https://toddmthatcher.com/2013/08/12/box-office-predictions-august-16-18/,2013-08-12,"8. Jobs
Predicted Gross: $6.8 million",normalized_exact,No movie title matched
weekly_forecast_matched_as_release_date_not_activity_window,249,weekly_ranked_predictions,unmatched,Kick-Ass 2,2013-08-16,2013-08-18,18600000,1,1,167,Box Office Predictions: August 16-18,https://toddmthatcher.com/2013/08/12/box-office-predictions-august-16-18/,2013-08-12,"2. Kick-Ass 2
Predicted Gross: $18.6 million",normalized_exact,No movie title matched
weekly_forecast_matched_as_release_date_not_activity_window,248,weekly_ranked_predictions,unmatched,Lee Daniels’ The Butler,2013-08-16,2013-08-18,21700000,1,1,167,Box Office Predictions: August 16-18,https://toddmthatcher.com/2013/08/12/box-office-predictions-august-16-18/,2013-08-12,"1. Lee Daniels’ The Butler
Predicted Gross: $21.7 million",normalized_exact,No movie title matched
weekly_forecast_matched_as_release_date_not_activity_window,253,weekly_ranked_predictions,unmatched,Paranoia,2013-08-16,2013-08-18,10300000,1,1,167,Box Office Predictions: August 16-18,https://toddmthatcher.com/2013/08/12/box-office-predictions-august-16-18/,2013-08-12,"6. Paranoia
Predicted Gross: $10.3 million",normalized_exact,No movie title matched
weekly_forecast_matched_as_release_date_not_activity_window,254,weekly_ranked_predictions,unmatched,Percy Jackson: Sea of Monsters,2013-08-16,2013-08-18,7900000,1,1,167,Box Office Predictions: August 16-18,https://toddmthatcher.com/2013/08/12/box-office-predictions-august-16-18/,2013-08-12,"7. Percy Jackson: Sea of Monsters
Predicted Gross: $7.9 million (representing a drop of 45%)",normalized_exact,No movie title matched
weekly_forecast_matched_as_release_date_not_activity_window,244,weekly_ranked_predictions,unmatched,2 Guns,2013-08-09,2013-08-11,14300000,1,1,157,Box Office Predictions: August 9-11,https://toddmthatcher.com/2013/08/05/box-office-predictions-august-9-11/,2013-08-05,"5. 2 Guns
Predicted Gross: $14.3 million (representing a drop of 47%)",normalized_exact,No movie title matched
weekly_forecast_matched_as_release_date_not_activity_window,240,weekly_ranked_predictions,unmatched,Elysium,2013-08-09,2013-08-11,33700000,1,1,157,Box Office Predictions: August 9-11,https://toddmthatcher.com/2013/08/05/box-office-predictions-august-9-11/,2013-08-05,"1. Elysium
Predicted Gross: $33.7 million",normalized_exact,No movie title matched
weekly_forecast_matched_as_release_date_not_activity_window,243,weekly_ranked_predictions,unmatched,Percy Jackson: Sea of Monsters,2013-08-09,2013-08-11,15800000,1,1,157,Box Office Predictions: August 9-11,https://toddmthatcher.com/2013/08/05/box-office-predictions-august-9-11/,2013-08-05,"4. Percy Jackson: Sea of Monsters
Predicted Gross: $15.8 million ($21.9 million projected five-day gross)",normalized_exact,No movie title matched
weekly_forecast_matched_as_release_date_not_activity_window,231,weekly_ranked_predictions,unmatched,2 Guns,2013-08-02,2013-08-04,28900000,1,1,147,Box Office Predictions: August 2-4,https://toddmthatcher.com/2013/07/29/box-office-predictions-august-2-4/,2013-07-30,"1. 2 Guns
Predicted Gross: $28.9 million",normalized_exact,No movie title matched
weekly_forecast_matched_as_release_date_not_activity_window,235,weekly_ranked_predictions,unmatched,Despicable Me 2,2013-08-02,2013-08-04,10300000,1,1,147,Box Office Predictions: August 2-4,https://toddmthatcher.com/2013/07/29/box-office-predictions-august-2-4/,2013-07-30,"5. Despicable Me 2
Predicted Gross: $10.3 million (representing a drop of 38%)",normalized_exact,No movie title matched
weekly_forecast_matched_as_release_date_not_activity_window,234,weekly_ranked_predictions,unmatched,The Conjuring,2013-08-02,2013-08-04,12400000,1,1,147,Box Office Predictions: August 2-4,https://toddmthatcher.com/2013/07/29/box-office-predictions-august-2-4/,2013-07-30,"4. The Conjuring
Predicted Gross: $12.4 million (representing a drop of 45%)",normalized_exact,No movie title matched
weekly_forecast_matched_as_release_date_not_activity_window,232,weekly_ranked_predictions,unmatched,The Smurfs 2,2013-08-02,2013-08-04,25700000,1,1,147,Box Office Predictions: August 2-4,https://toddmthatcher.com/2013/07/29/box-office-predictions-august-2-4/,2013-07-30,"2. The Smurfs 2
Predicted Gross: $25.7 million ($38.2 million projected five-day gross)",normalized_exact,No movie title matched
weekly_forecast_matched_as_release_date_not_activity_window,233,weekly_ranked_predictions,unmatched,The Wolverine,2013-08-02,2013-08-04,24000000,1,1,147,Box Office Predictions: August 2-4,https://toddmthatcher.com/2013/07/29/box-office-predictions-august-2-4/,2013-07-30,"3. The Wolverine
Predicted Gross: $24 million (representing a drop of 54%)",normalized_exact,No movie title matched
weekly_forecast_matched_as_release_date_not_activity_window,226,weekly_ranked_predictions,unmatched,Despicable Me 2,2013-07-26,2013-07-28,14600000,1,1,141,Box Office Predictions: July 26-28,https://toddmthatcher.com/2013/07/23/box-office-predictions-july-26-28/,2013-07-24,"3. Despicable Me 2
Predicted Gross: $14.6 million (representing a drop of 41%)",normalized_exact,No movie title matched
weekly_forecast_matched_as_release_date_not_activity_window,228,weekly_ranked_predictions,unmatched,Grown Ups 2,2013-07-26,2013-07-28,10200000,1,1,141,Box Office Predictions: July 26-28,https://toddmthatcher.com/2013/07/23/box-office-predictions-july-26-28/,2013-07-24,"5. Grown Ups 2
Predicted Gross: $10.2 million (representing a drop of 49%)",normalized_exact,No movie title matched
weekly_forecast_matched_as_release_date_not_activity_window,225,weekly_ranked_predictions,unmatched,The Conjuring,2013-07-26,2013-07-28,22100000,1,1,141,Box Office Predictions: July 26-28,https://toddmthatcher.com/2013/07/23/box-office-predictions-july-26-28/,2013-07-24,"2. The Conjuring
Predicted Gross: $22.1 million (representing a drop of 47%)",normalized_exact,No movie title matched
weekly_forecast_matched_as_release_date_not_activity_window,224,weekly_ranked_predictions,unmatched,The Wolverine,2013-07-26,2013-07-28,67400000,1,1,141,Box Office Predictions: July 26-28,https://toddmthatcher.com/2013/07/23/box-office-predictions-july-26-28/,2013-07-24,"1. The Wolverine
Predicted Gross: $67.4 million",normalized_exact,No movie title matched
weekly_forecast_matched_as_release_date_not_activity_window,227,weekly_ranked_predictions,unmatched,Turbo,2013-07-26,2013-07-28,13800000,1,1,141,Box Office Predictions: July 26-28,https://toddmthatcher.com/2013/07/23/box-office-predictions-july-26-28/,2013-07-24,"4. Turbo
Predicted Gross: $13.8 million (representing a drop of 35%)",normalized_exact,No movie title matched
weekly_forecast_matched_as_release_date_not_activity_window,219,weekly_ranked_predictions,unmatched,Despicable Me 2,2013-07-19,2013-07-21,22300000,1,1,137,Box Office Predictions: July 19-21,https://toddmthatcher.com/2013/07/15/box-office-predictions-july-19-21/,2013-07-16,"4. Despicable Me 2
Predicted Gross: $22.3 million (representing a drop of 49%)",normalized_exact,No movie title matched
weekly_forecast_matched_as_release_date_not_activity_window,220,weekly_ranked_predictions,unmatched,Grown Ups 2,2013-07-19,2013-07-21,18600000,1,1,137,Box Office Predictions: July 19-21,https://toddmthatcher.com/2013/07/15/box-office-predictions-july-19-21/,2013-07-16,"5. Grown Ups 2
Predicted Gross: $18.6 million (representing a drop of 55%)",normalized_exact,No movie title matched
weekly_forecast_matched_as_release_date_not_activity_window,221,weekly_ranked_predictions,unmatched,Pacific Rim,2013-07-19,2013-07-21,17300000,1,1,137,Box Office Predictions: July 19-21,https://toddmthatcher.com/2013/07/15/box-office-predictions-july-19-21/,2013-07-16,"6. Pacific Rim
Predicted Gross: $17.3 million (representing a drop of 53%)",normalized_exact,No movie title matched
weekly_forecast_matched_as_release_date_not_activity_window,218,weekly_ranked_predictions,unmatched,Red 2,2013-07-19,2013-07-21,22700000,1,1,137,Box Office Predictions: July 19-21,https://toddmthatcher.com/2013/07/15/box-office-predictions-july-19-21/,2013-07-16,"3. Red 2
Predicted Gross: $22.7 million",normalized_exact,No movie title matched
weekly_forecast_matched_as_release_date_not_activity_window,216,weekly_ranked_predictions,unmatched,The Conjuring,2013-07-19,2013-07-21,35300000,1,1,137,Box Office Predictions: July 19-21,https://toddmthatcher.com/2013/07/15/box-office-predictions-july-19-21/,2013-07-16,"1. The Conjuring
Predicted Gross: $35.3 million",normalized_exact,No movie title matched
weekly_forecast_matched_as_release_date_not_activity_window,217,weekly_ranked_predictions,unmatched,Turbo,2013-07-19,2013-07-21,27100000,1,1,137,Box Office Predictions: July 19-21,https://toddmthatcher.com/2013/07/15/box-office-predictions-july-19-21/,2013-07-16,"2. Turbo
Predicted Gross: $27.1 million ($42.8 million for projected five-day gross)",normalized_exact,No movie title matched
weekly_forecast_matched_as_release_date_not_activity_window,208,weekly_ranked_predictions,unmatched,Despicable Me 2,2013-07-12,2013-07-14,45300000,1,1,127,Box Office Predictions: July 12-14,https://toddmthatcher.com/2013/07/09/box-office-predictions-july-12-14/,2013-07-09,"1. Despicable Me 2
Predicted Gross: $45.3 million (representing a drop of 45%)",normalized_exact,No movie title matched
weekly_forecast_matched_as_release_date_not_activity_window,210,weekly_ranked_predictions,unmatched,Grown Ups 2,2013-07-12,2013-07-14,32300000,1,1,127,Box Office Predictions: July 12-14,https://toddmthatcher.com/2013/07/09/box-office-predictions-july-12-14/,2013-07-09,"3. Grown Ups 2
Predicted Gross: $32.3 million",normalized_exact,No movie title matched
weekly_forecast_matched_as_release_date_not_activity_window,209,weekly_ranked_predictions,unmatched,Pacific Rim,2013-07-12,2013-07-14,39700000,1,1,127,Box Office Predictions: July 12-14,https://toddmthatcher.com/2013/07/09/box-office-predictions-july-12-14/,2013-07-09,"2. Pacific Rim
Predicted Gross: $39.7 million",normalized_exact,No movie title matched
weekly_forecast_matched_as_release_date_not_activity_window,211,weekly_ranked_predictions,unmatched,The Heat,2013-07-12,2013-07-14,14200000,1,1,127,Box Office Predictions: July 12-14,https://toddmthatcher.com/2013/07/09/box-office-predictions-july-12-14/,2013-07-09,"4. The Heat
Predicted Gross: $14.2 million (representing a drop of 43%)",normalized_exact,No movie title matched
weekly_forecast_matched_as_release_date_not_activity_window,212,weekly_ranked_predictions,unmatched,The Lone Ranger,2013-07-12,2013-07-14,13800000,1,1,127,Box Office Predictions: July 12-14,https://toddmthatcher.com/2013/07/09/box-office-predictions-july-12-14/,2013-07-09,"5. The Lone Ranger
Predicted Gross: $13.8 million (representing a drop of 53%)",normalized_exact,No movie title matched
weekly_forecast_matched_as_release_date_not_activity_window,201,weekly_ranked_predictions,unmatched,Man of Steel,2013-06-28,2013-06-30,20200000,1,1,115,Box Office Predictions: June 28-30,https://toddmthatcher.com/2013/06/27/box-office-predictions-june-28-30/,2013-06-27,"5. Man of Steel
Predicted Gross: $20.2 million (representing a drop of 51%)",normalized_exact,No movie title matched
weekly_forecast_matched_as_release_date_not_activity_window,197,weekly_ranked_predictions,unmatched,Monsters University,2013-06-28,2013-06-30,45600000,1,1,115,Box Office Predictions: June 28-30,https://toddmthatcher.com/2013/06/27/box-office-predictions-june-28-30/,2013-06-27,"1. Monsters University
Predicted Gross: $45.6 million (representing a drop of 44%)",normalized_exact,No movie title matched
weekly_forecast_matched_as_release_date_not_activity_window,198,weekly_ranked_predictions,unmatched,The Heat,2013-06-28,2013-06-30,44700000,1,1,115,Box Office Predictions: June 28-30,https://toddmthatcher.com/2013/06/27/box-office-predictions-june-28-30/,2013-06-27,"2. The Heat
Predicted Gross: $44.7 million",normalized_exact,No movie title matched
weekly_forecast_matched_as_release_date_not_activity_window,199,weekly_ranked_predictions,unmatched,White House Down,2013-06-28,2013-06-30,40300000,1,1,115,Box Office Predictions: June 28-30,https://toddmthatcher.com/2013/06/27/box-office-predictions-june-28-30/,2013-06-27,"3. White House Down
Predicted Gross: $40.3 million",normalized_exact,No movie title matched
weekly_forecast_matched_as_release_date_not_activity_window,200,weekly_ranked_predictions,unmatched,World War Z,2013-06-28,2013-06-30,29100000,1,1,115,Box Office Predictions: June 28-30,https://toddmthatcher.com/2013/06/27/box-office-predictions-june-28-30/,2013-06-27,"4. World War Z
Predicted Gross: $29.1 million (representing a drop of 56%)",normalized_exact,No movie title matched
weekly_forecast_matched_as_release_date_not_activity_window,192,weekly_ranked_predictions,unmatched,Man of Steel,2013-06-21,2013-06-23,47700000,1,1,109,Box Office Predictions: June 21-23,https://toddmthatcher.com/2013/06/19/box-office-predictions-june-21-23/,2013-06-20,"2. Man of Steel
Predicted Gross: $47.7 million (representing a drop of 59%)",normalized_exact,No movie title matched
weekly_forecast_matched_as_release_date_not_activity_window,191,weekly_ranked_predictions,unmatched,Monsters University,2013-06-21,2013-06-23,82100000,1,1,109,Box Office Predictions: June 21-23,https://toddmthatcher.com/2013/06/19/box-office-predictions-june-21-23/,2013-06-20,"1. Monsters University
Predicted Gross: $82.1 million",normalized_exact,No movie title matched
weekly_forecast_matched_as_release_date_not_activity_window,195,weekly_ranked_predictions,unmatched,Now You See Me,2013-06-21,2013-06-23,6500000,1,1,109,Box Office Predictions: June 21-23,https://toddmthatcher.com/2013/06/19/box-office-predictions-june-21-23/,2013-06-20,"5. Now You See Me
Predicted Gross: $6.5 million (representing a drop of 41%)",normalized_exact,No movie title matched
weekly_forecast_matched_as_release_date_not_activity_window,194,weekly_ranked_predictions,unmatched,This is The End,2013-06-21,2013-06-23,11300000,1,1,109,Box Office Predictions: June 21-23,https://toddmthatcher.com/2013/06/19/box-office-predictions-june-21-23/,2013-06-20,"4. This is The End
Predicted Gross: $11.3 million (representing a drop of 45%)",normalized_exact,No movie title matched
weekly_forecast_matched_as_release_date_not_activity_window,193,weekly_ranked_predictions,unmatched,World War Z,2013-06-21,2013-06-23,43800000,1,1,109,Box Office Predictions: June 21-23,https://toddmthatcher.com/2013/06/19/box-office-predictions-june-21-23/,2013-06-20,"3. World War Z
Predicted Gross: $43.8 million",normalized_exact,No movie title matched
weekly_forecast_matched_as_release_date_not_activity_window,188,weekly_ranked_predictions,unmatched,Fast&Furious 6,2013-06-14,2013-06-16,10500000,1,1,101,Box Office Predictions: June 14-16,https://toddmthatcher.com/2013/06/12/box-office-predictions-june-14-16/,2013-06-13,"5. Fast&Furious 6
Predicted Gross: $10.5 million (representing a drop of 46%)",normalized_exact,No movie title matched
weekly_forecast_matched_as_release_date_not_activity_window,184,weekly_ranked_predictions,unmatched,Man of Steel,2013-06-14,2013-06-16,124300000,1,1,101,Box Office Predictions: June 14-16,https://toddmthatcher.com/2013/06/12/box-office-predictions-june-14-16/,2013-06-13,"1. Man of Steel
Predicted Gross: $124.3 million",normalized_exact,No movie title matched
weekly_forecast_matched_as_release_date_not_activity_window,187,weekly_ranked_predictions,unmatched,Now You See Me,2013-06-14,2013-06-16,11500000,1,1,101,Box Office Predictions: June 14-16,https://toddmthatcher.com/2013/06/12/box-office-predictions-june-14-16/,2013-06-13,"4. Now You See Me
Predicted Gross: $11.5 million (representing a drop of 39%)",normalized_exact,No movie title matched
weekly_forecast_matched_as_release_date_not_activity_window,186,weekly_ranked_predictions,unmatched,The Purge,2013-06-14,2013-06-16,13200000,1,1,101,Box Office Predictions: June 14-16,https://toddmthatcher.com/2013/06/12/box-office-predictions-june-14-16/,2013-06-13,"3. The Purge
Predicted Gross: $13.2 million (representing a drop of 61%)",normalized_exact,No movie title matched
weekly_forecast_matched_as_release_date_not_activity_window,185,weekly_ranked_predictions,unmatched,This Is the End,2013-06-14,2013-06-16,25200000,1,1,101,Box Office Predictions: June 14-16,https://toddmthatcher.com/2013/06/12/box-office-predictions-june-14-16/,2013-06-13,"2. This Is the End
Predicted Gross: $25.2 million ($38.6 million projected five-day gross)",normalized_exact,No movie title matched
weekly_forecast_matched_as_release_date_not_activity_window,182,weekly_ranked_predictions,unmatched,After Earth,2013-06-07,2013-06-09,9500000,1,1,95,Box Office Predictions: June 7-9,https://toddmthatcher.com/2013/06/05/box-office-predictions-june-7-9/,2013-06-05,"5. After Earth
Predicted Gross: $9.5 million (representing a drop of 65%)",normalized_exact,No movie title matched
weekly_forecast_matched_as_release_date_not_activity_window,180,weekly_ranked_predictions,unmatched,Fast&Furious 6,2013-06-07,2013-06-09,16400000,1,1,95,Box Office Predictions: June 7-9,https://toddmthatcher.com/2013/06/05/box-office-predictions-june-7-9/,2013-06-05,"3. Fast&Furious 6
Predicted Gross: $16.4 million (representing a drop of 54%)",normalized_exact,No movie title matched
weekly_forecast_matched_as_release_date_not_activity_window,181,weekly_ranked_predictions,unmatched,Now You See Me,2013-06-07,2013-06-09,15800000,1,1,95,Box Office Predictions: June 7-9,https://toddmthatcher.com/2013/06/05/box-office-predictions-june-7-9/,2013-06-05,"4. Now You See Me
Predicted Gross: $15.8 million (representing a drop of 46%)",normalized_exact,No movie title matched
weekly_forecast_matched_as_release_date_not_activity_window,179,weekly_ranked_predictions,unmatched,The Internship,2013-06-07,2013-06-09,20700000,1,1,95,Box Office Predictions: June 7-9,https://toddmthatcher.com/2013/06/05/box-office-predictions-june-7-9/,2013-06-05,"2. The Internship
Predicted Gross: $20.7 million",normalized_exact,No movie title matched
weekly_forecast_matched_as_release_date_not_activity_window,178,weekly_ranked_predictions,unmatched,The Purge,2013-06-07,2013-06-09,24900000,1,1,95,Box Office Predictions: June 7-9,https://toddmthatcher.com/2013/06/05/box-office-predictions-june-7-9/,2013-06-05,"1. The Purge
Predicted Gross: $24.9 million",normalized_exact,No movie title matched
weekly_forecast_matched_as_release_date_not_activity_window,171,weekly_ranked_predictions,unmatched,After Earth,2013-05-31,2013-06-02,39100000,1,1,89,Box Office Predictions: May 31-June 2,https://toddmthatcher.com/2013/05/29/box-office-predictions-may-31-june-2/,2013-05-30,"1. After Earth
Predicted Gross: $39.1 million",normalized_exact,No movie title matched
weekly_forecast_matched_as_release_date_not_activity_window,174,weekly_ranked_predictions,unmatched,Epic,2013-05-31,2013-06-02,17700000,1,1,89,Box Office Predictions: May 31-June 2,https://toddmthatcher.com/2013/05/29/box-office-predictions-may-31-june-2/,2013-05-30,"4. Epic
Predicted Gross: $17.7 million (representing a drop of 47%)",normalized_exact,No movie title matched
weekly_forecast_matched_as_release_date_not_activity_window,172,weekly_ranked_predictions,unmatched,Fast&Furious 6,2013-05-31,2013-06-02,36000000,1,1,89,Box Office Predictions: May 31-June 2,https://toddmthatcher.com/2013/05/29/box-office-predictions-may-31-june-2/,2013-05-30,"2. Fast&Furious 6
Predicted Gross: $36 million (representing a drop of 65%)",normalized_exact,No movie title matched
weekly_forecast_matched_as_release_date_not_activity_window,173,weekly_ranked_predictions,unmatched,Star Trek Into Darkness,2013-05-31,2013-06-02,18500000,1,1,89,Box Office Predictions: May 31-June 2,https://toddmthatcher.com/2013/05/29/box-office-predictions-may-31-june-2/,2013-05-30,"3. Star Trek Into Darkness
Predicted Gross: $18.5 million (representing a drop of 50%)",normalized_exact,No movie title matched
weekly_forecast_matched_as_release_date_not_activity_window,161,weekly_ranked_predictions,unmatched,42,2013-05-16,2013-05-19,3300000,1,1,75,Box Office Predictions: May 16-19,https://toddmthatcher.com/2013/05/15/box-office-predictions-may-16-19/,2013-05-15,"5. 42
Predicted Gross: $3.3 million (representing a drop of 30%)",normalized_exact,No movie title matched
weekly_forecast_matched_as_release_date_not_activity_window,158,weekly_ranked_predictions,unmatched,Iron Man 3,2013-05-16,2013-05-19,37300000,1,1,75,Box Office Predictions: May 16-19,https://toddmthatcher.com/2013/05/15/box-office-predictions-may-16-19/,2013-05-15,"2. Iron Man 3
Predicted Gross: $37.3 million (representing a drop of 47%)",normalized_exact,No movie title matched
weekly_forecast_matched_as_release_date_not_activity_window,160,weekly_ranked_predictions,unmatched,Pain and Gain,2013-05-16,2013-05-19,3400000,1,1,75,Box Office Predictions: May 16-19,https://toddmthatcher.com/2013/05/15/box-office-predictions-may-16-19/,2013-05-15,"4. Pain and Gain
Predicted Gross: $3.4 million (representing a drop of 33%)",normalized_exact,No movie title matched
weekly_forecast_matched_as_release_date_not_activity_window,157,weekly_ranked_predictions,unmatched,Star Trek Into Darkness,2013-05-16,2013-05-19,106200000,1,1,75,Box Office Predictions: May 16-19,https://toddmthatcher.com/2013/05/15/box-office-predictions-may-16-19/,2013-05-15,"1. Star Trek Into Darkness
Predicted Gross: $106.2 million (over Thursday-Sunday)",normalized_exact,No movie title matched
weekly_forecast_matched_as_release_date_not_activity_window,159,weekly_ranked_predictions,unmatched,The Great Gatsby,2013-05-16,2013-05-19,25600000,1,1,75,Box Office Predictions: May 16-19,https://toddmthatcher.com/2013/05/15/box-office-predictions-may-16-19/,2013-05-15,"3. The Great Gatsby
Predicted Gross: $25.6 million (representing a drop of 49%)",normalized_exact,No movie title matched
weekly_forecast_matched_as_release_date_not_activity_window,155,weekly_ranked_predictions,unmatched,42,2013-05-10,2013-05-12,3600000,1,1,71,Box Office Predictions: May 10-12,https://toddmthatcher.com/2013/05/08/box-office-predictions-may-10-12/,2013-05-08,"4. 42
Predicted Gross: $3.6 million (representing a drop of 41%)",normalized_exact,No movie title matched
weekly_forecast_matched_as_release_date_not_activity_window,152,weekly_ranked_predictions,unmatched,Iron Man 3,2013-05-10,2013-05-12,83900000,1,1,71,Box Office Predictions: May 10-12,https://toddmthatcher.com/2013/05/08/box-office-predictions-may-10-12/,2013-05-08,"1. Iron Man 3
Predicted Gross: $83.9 million (representing a drop of 54%)",normalized_exact,No movie title matched
weekly_forecast_matched_as_release_date_not_activity_window,156,weekly_ranked_predictions,unmatched,Pain and Gain,2013-05-10,2013-05-12,3300000,1,1,71,Box Office Predictions: May 10-12,https://toddmthatcher.com/2013/05/08/box-office-predictions-may-10-12/,2013-05-08,"5. Pain and Gain
Predicted Gross: $3.3 million (representing a drop of 57%)",normalized_exact,No movie title matched
weekly_forecast_matched_as_release_date_not_activity_window,153,weekly_ranked_predictions,unmatched,The Great Gatsby,2013-05-10,2013-05-12,41300000,1,1,71,Box Office Predictions: May 10-12,https://toddmthatcher.com/2013/05/08/box-office-predictions-may-10-12/,2013-05-08,"2. The Great Gatsby
Predicted Gross: $41.3 million",normalized_exact,No movie title matched
weekly_forecast_matched_as_release_date_not_activity_window,149,weekly_ranked_predictions,unmatched,42,2013-05-03,2013-05-05,6000000,1,1,65,Box Office Predictions: May 3-5,https://toddmthatcher.com/2013/05/01/box-office-predictions-may-3-5/,2013-05-01,"4. 42
Predicted Gross: $6 million (representing a drop of 44%)",normalized_exact,No movie title matched
weekly_forecast_matched_as_release_date_not_activity_window,146,weekly_ranked_predictions,unmatched,Iron Man 3,2013-05-03,2013-05-05,172400000,1,1,65,Box Office Predictions: May 3-5,https://toddmthatcher.com/2013/05/01/box-office-predictions-may-3-5/,2013-05-01,"1. Iron Man 3
Predicted Gross: $172.4 million",normalized_exact,No movie title matched
weekly_forecast_matched_as_release_date_not_activity_window,148,weekly_ranked_predictions,unmatched,Oblivion,2013-05-03,2013-05-05,8100000,1,1,65,Box Office Predictions: May 3-5,https://toddmthatcher.com/2013/05/01/box-office-predictions-may-3-5/,2013-05-01,"3. Oblivion
Predicted Gross: $8.1 million (representing a drop of 54%)",normalized_exact,No movie title matched
weekly_forecast_matched_as_release_date_not_activity_window,147,weekly_ranked_predictions,unmatched,Pain and Gain,2013-05-03,2013-05-05,8900000,1,1,65,Box Office Predictions: May 3-5,https://toddmthatcher.com/2013/05/01/box-office-predictions-may-3-5/,2013-05-01,"2. Pain and Gain
Predicted Gross: $8.9 million (representing a drop of 55%)",normalized_exact,No movie title matched
weekly_forecast_matched_as_release_date_not_activity_window,150,weekly_ranked_predictions,unmatched,The Croods,2013-05-03,2013-05-05,4300000,1,1,65,Box Office Predictions: May 3-5,https://toddmthatcher.com/2013/05/01/box-office-predictions-may-3-5/,2013-05-01,"5. The Croods
Predicted Gross: $4.3 million (representing a drop of 34%)",normalized_exact,No movie title matched
weekly_forecast_matched_as_release_date_not_activity_window,142,weekly_ranked_predictions,unmatched,42,2013-04-26,2013-04-28,11500000,1,1,61,Box Office Predictions: April 26-28,https://toddmthatcher.com/2013/04/24/box-office-predictions-april-26-28/,2013-04-24,"3. 42
Predicted Gross: $11.5 million (representing a drop of 34%)",normalized_exact,No movie title matched
weekly_forecast_matched_as_release_date_not_activity_window,141,weekly_ranked_predictions,unmatched,Oblivion,2013-04-26,2013-04-28,17300000,1,1,61,Box Office Predictions: April 26-28,https://toddmthatcher.com/2013/04/24/box-office-predictions-april-26-28/,2013-04-24,"2. Oblivion
Predicted Gross: $17.3 million (representing a drop of 53%)",normalized_exact,No movie title matched
weekly_forecast_matched_as_release_date_not_activity_window,140,weekly_ranked_predictions,unmatched,Pain and Gain,2013-04-26,2013-04-28,23800000,1,1,61,Box Office Predictions: April 26-28,https://toddmthatcher.com/2013/04/24/box-office-predictions-april-26-28/,2013-04-24,"1. Pain and Gain
Predicted Gross: $23.8 million",normalized_exact,No movie title matched
weekly_forecast_matched_as_release_date_not_activity_window,143,weekly_ranked_predictions,unmatched,The Big Wedding,2013-04-26,2013-04-28,11200000,1,1,61,Box Office Predictions: April 26-28,https://toddmthatcher.com/2013/04/24/box-office-predictions-april-26-28/,2013-04-24,"4. The Big Wedding
Predicted Gross: $11.2 million",normalized_exact,No movie title matched
weekly_forecast_matched_as_release_date_not_activity_window,144,weekly_ranked_predictions,unmatched,The Croods,2013-04-26,2013-04-28,6500000,1,1,61,Box Office Predictions: April 26-28,https://toddmthatcher.com/2013/04/24/box-office-predictions-april-26-28/,2013-04-24,"5. The Croods
Predicted Gross: $6.5 million (representing a drop of 31%)",normalized_exact,No movie title matched
weekly_forecast_matched_as_release_date_not_activity_window,134,weekly_ranked_predictions,unmatched,42,2013-04-19,2013-04-21,19700000,1,1,55,Box Office Predictions: April 19-21,https://toddmthatcher.com/2013/04/18/box-office-predictions-april-19-21/,2013-04-18,"2. 42
Predicted Gross: $19.7 million (representing a drop of 28%)",normalized_exact,No movie title matched
weekly_forecast_matched_as_release_date_not_activity_window,133,weekly_ranked_predictions,unmatched,Oblivion,2013-04-19,2013-04-21,32800000,1,1,55,Box Office Predictions: April 19-21,https://toddmthatcher.com/2013/04/18/box-office-predictions-april-19-21/,2013-04-18,"1. Oblivion
Predicted Gross: $32.8 million",normalized_exact,No movie title matched
weekly_forecast_matched_as_release_date_not_activity_window,137,weekly_ranked_predictions,unmatched,Scary Movie V,2013-04-19,2013-04-21,5700000,1,1,55,Box Office Predictions: April 19-21,https://toddmthatcher.com/2013/04/18/box-office-predictions-april-19-21/,2013-04-18,"5. Scary Movie V
Predicted Gross: $5.7 million (representing a drop of 60%)",normalized_exact,No movie title matched
weekly_forecast_matched_as_release_date_not_activity_window,135,weekly_ranked_predictions,unmatched,The Croods,2013-04-19,2013-04-21,8000000,1,1,55,Box Office Predictions: April 19-21,https://toddmthatcher.com/2013/04/18/box-office-predictions-april-19-21/,2013-04-18,"3. The Croods
Predicted Gross: $8 million (representing a drop of 39%)",normalized_exact,No movie title matched
weekly_forecast_matched_as_release_date_not_activity_window,136,weekly_ranked_predictions,unmatched,The Place Beyond the Pines,2013-04-19,2013-04-21,6400000,1,1,55,Box Office Predictions: April 19-21,https://toddmthatcher.com/2013/04/18/box-office-predictions-april-19-21/,2013-04-18,"4. The Place Beyond the Pines
Predicted Gross: $6.4 million",normalized_exact,No movie title matched
weekly_forecast_matched_as_release_date_not_activity_window,126,weekly_ranked_predictions,unmatched,42,2013-04-12,2013-04-14,24700000,1,1,51,42 and Scary Movie V Debut: April 12-14 Box Office Predictions,https://toddmthatcher.com/2013/04/10/42-scary-movie-v-box-office-predictions-weekend-of-april-12-14/,2013-04-10,"1. 42
Predicted Gross: $24.7 million",normalized_exact,No movie title matched
weekly_forecast_matched_as_release_date_not_activity_window,129,weekly_ranked_predictions,unmatched,G.I. Joe: Retaliation,2013-04-12,2013-04-14,10500000,1,1,51,42 and Scary Movie V Debut: April 12-14 Box Office Predictions,https://toddmthatcher.com/2013/04/10/42-scary-movie-v-box-office-predictions-weekend-of-april-12-14/,2013-04-10,"4. G.I. Joe: Retaliation
Predicted Gross: $10.5 million (representing a drop of 49%)",normalized_exact,No movie title matched
weekly_forecast_matched_as_release_date_not_activity_window,127,weekly_ranked_predictions,unmatched,Scary Movie V,2013-04-12,2013-04-14,22600000,1,1,51,42 and Scary Movie V Debut: April 12-14 Box Office Predictions,https://toddmthatcher.com/2013/04/10/42-scary-movie-v-box-office-predictions-weekend-of-april-12-14/,2013-04-10,"2. Scary Movie V
Predicted Gross: $22.6 million",normalized_exact,No movie title matched
weekly_forecast_matched_as_release_date_not_activity_window,128,weekly_ranked_predictions,unmatched,The Croods,2013-04-12,2013-04-14,14300000,1,1,51,42 and Scary Movie V Debut: April 12-14 Box Office Predictions,https://toddmthatcher.com/2013/04/10/42-scary-movie-v-box-office-predictions-weekend-of-april-12-14/,2013-04-10,"3. The Croods
Predicted Gross: $14.3 million (representing a drop of 31%)",normalized_exact,No movie title matched
weekly_forecast_matched_as_release_date_not_activity_window,122,weekly_ranked_predictions,unmatched,G.I. Joe: Retaliation,2013-04-05,2013-04-07,18700000,1,1,49,Box Office Predictions: April 5-7,https://toddmthatcher.com/2013/04/03/box-office-predictions-april-5-7/,2013-04-03,"2. G.I. Joe: Retaliation
Predicted Gross: $18.7 million (representing a drop of 54%)",normalized_exact,No movie title matched
weekly_forecast_matched_as_release_date_not_activity_window,123,weekly_ranked_predictions,unmatched,The Croods,2013-04-05,2013-04-07,18200000,1,1,49,Box Office Predictions: April 5-7,https://toddmthatcher.com/2013/04/03/box-office-predictions-april-5-7/,2013-04-03,"3. The Croods
Predicted Gross: $18.2 million (representing a drop of 32%)",normalized_exact,No movie title matched
weekly_forecast_matched_as_release_date_not_activity_window,115,weekly_ranked_predictions,unmatched,G.I. Joe: Retaliation,2013-03-29,2013-03-31,49500000,1,1,45,Box Office Predictions: March 29-31,https://toddmthatcher.com/2013/03/27/box-office-predictions-march-29-31/,2013-03-28,"1. G.I. Joe: Retaliation
Predicted Gross: $49.5 million",normalized_exact,No movie title matched
weekly_forecast_matched_as_release_date_not_activity_window,118,weekly_ranked_predictions,unmatched,Olympus Has Fallen,2013-03-29,2013-03-31,16800000,1,1,45,Box Office Predictions: March 29-31,https://toddmthatcher.com/2013/03/27/box-office-predictions-march-29-31/,2013-03-28,"4. Olympus Has Fallen
Predicted Gross: $16.8 million (representing a drop of 45%)",normalized_exact,No movie title matched
weekly_forecast_matched_as_release_date_not_activity_window,116,weekly_ranked_predictions,unmatched,The Croods,2013-03-29,2013-03-31,29300000,1,1,45,Box Office Predictions: March 29-31,https://toddmthatcher.com/2013/03/27/box-office-predictions-march-29-31/,2013-03-28,"2. The Croods
Predicted Gross: $29.3 million (representing a drop of 33%)",normalized_exact,No movie title matched
weekly_forecast_matched_as_release_date_not_activity_window,119,weekly_ranked_predictions,unmatched,The Host,2013-03-29,2013-03-31,15700000,1,1,45,Box Office Predictions: March 29-31,https://toddmthatcher.com/2013/03/27/box-office-predictions-march-29-31/,2013-03-28,"5. The Host
Predicted Gross: $15.7 million",normalized_exact,No movie title matched
weekly_forecast_matched_as_release_date_not_activity_window,113,weekly_ranked_predictions,unmatched,Admission,2013-03-22,2013-03-24,7600000,1,1,41,Box Office Predictions: March 22-24,https://toddmthatcher.com/2013/03/20/box-office-predictions-march-22-24/,2013-03-20,"5. Admission
Predicted Gross: $7.6 million",normalized_exact,No movie title matched
weekly_forecast_matched_as_release_date_not_activity_window,110,weekly_ranked_predictions,unmatched,Olympus Has Fallen,2013-03-22,2013-03-24,27800000,1,1,41,Box Office Predictions: March 22-24,https://toddmthatcher.com/2013/03/20/box-office-predictions-march-22-24/,2013-03-20,"2. Olympus Has Fallen
Predicted Gross: $27.8 million",normalized_exact,No movie title matched
weekly_forecast_matched_as_release_date_not_activity_window,111,weekly_ranked_predictions,unmatched,Oz The Great and Powerful,2013-03-22,2013-03-24,20700000,1,1,41,Box Office Predictions: March 22-24,https://toddmthatcher.com/2013/03/20/box-office-predictions-march-22-24/,2013-03-20,"3. Oz The Great and Powerful
Predicted Gross: $20.7 million (representing a drop of 50%)",normalized_exact,No movie title matched
weekly_forecast_matched_as_release_date_not_activity_window,114,weekly_ranked_predictions,unmatched,Spring Breakers,2013-03-22,2013-03-24,6800000,1,1,41,Box Office Predictions: March 22-24,https://toddmthatcher.com/2013/03/20/box-office-predictions-march-22-24/,2013-03-20,"6. Spring Breakers
Predicted Gross: $6.8 million",normalized_exact,No movie title matched
weekly_forecast_matched_as_release_date_not_activity_window,112,weekly_ranked_predictions,unmatched,The Call,2013-03-22,2013-03-24,10000000,2,2,41,Box Office Predictions: March 22-24,https://toddmthatcher.com/2013/03/20/box-office-predictions-march-22-24/,2013-03-20,"4. The Call
Predicted Gross: $10 million (representing a drop of 42%)",normalized_exact,No movie title matched
weekly_forecast_matched_as_release_date_not_activity_window,109,weekly_ranked_predictions,unmatched,The Croods,2013-03-22,2013-03-24,44300000,1,1,41,Box Office Predictions: March 22-24,https://toddmthatcher.com/2013/03/20/box-office-predictions-march-22-24/,2013-03-20,"1. The Croods
Predicted Gross: $44.3 million",normalized_exact,No movie title matched
weekly_forecast_matched_as_release_date_not_activity_window,108,weekly_ranked_predictions,unmatched,Identity Thief,2013-03-15,2013-03-17,4000000,1,1,39,Box Office Predictions: March 15-17,https://toddmthatcher.com/2013/03/13/box-office-predictions-march-15-17/,2013-03-13,"5. Identity Thief
Predicted Gross: $4 million (representing a drop of 37%)",normalized_exact,No movie title matched
weekly_forecast_matched_as_release_date_not_activity_window,107,weekly_ranked_predictions,unmatched,Jack the Giant Slayer,2013-03-15,2013-03-17,4300000,1,1,39,Box Office Predictions: March 15-17,https://toddmthatcher.com/2013/03/13/box-office-predictions-march-15-17/,2013-03-13,"4. Jack the Giant Slayer
Predicted Gross: $4.3 million (representing a drop of 57%)",normalized_exact,No movie title matched
weekly_forecast_matched_as_release_date_not_activity_window,104,weekly_ranked_predictions,unmatched,Oz The Great and Powerful,2013-03-15,2013-03-17,42000000,1,1,39,Box Office Predictions: March 15-17,https://toddmthatcher.com/2013/03/13/box-office-predictions-march-15-17/,2013-03-13,"1. Oz The Great and Powerful
Predicted Gross: $42 million (representing a drop of 47%)",normalized_exact,No movie title matched
weekly_forecast_matched_as_release_date_not_activity_window,106,weekly_ranked_predictions,unmatched,The Call,2013-03-15,2013-03-17,9200000,2,2,39,Box Office Predictions: March 15-17,https://toddmthatcher.com/2013/03/13/box-office-predictions-march-15-17/,2013-03-13,"3. The Call
Predicted Gross: $9.2 million",normalized_exact,No movie title matched
weekly_forecast_matched_as_release_date_not_activity_window,105,weekly_ranked_predictions,unmatched,The Incredible Burt Wonderstone,2013-03-15,2013-03-17,16300000,1,1,39,Box Office Predictions: March 15-17,https://toddmthatcher.com/2013/03/13/box-office-predictions-march-15-17/,2013-03-13,"2. The Incredible Burt Wonderstone
Predicted Gross: $16.3 million",normalized_exact,No movie title matched
weekly_forecast_matched_as_release_date_not_activity_window,103,weekly_ranked_predictions,unmatched,21&Over,2013-03-08,2013-03-10,4300000,1,1,37,Box Office Predictions: March 8-10,https://toddmthatcher.com/2013/03/06/box-office-predictions-march-8-10/,2013-03-06,"5. 21&Over
Predicted Gross: $4.3 million (representing a drop of 51%)",normalized_exact,No movie title matched
weekly_forecast_matched_as_release_date_not_activity_window,102,weekly_ranked_predictions,unmatched,Dead Man Down,2013-03-08,2013-03-10,5900000,1,1,37,Box Office Predictions: March 8-10,https://toddmthatcher.com/2013/03/06/box-office-predictions-march-8-10/,2013-03-06,"4. Dead Man Down
Predicted Gross: $5.9 million",normalized_exact,No movie title matched
weekly_forecast_matched_as_release_date_not_activity_window,101,weekly_ranked_predictions,unmatched,Identity Thief,2013-03-08,2013-03-10,6500000,1,1,37,Box Office Predictions: March 8-10,https://toddmthatcher.com/2013/03/06/box-office-predictions-march-8-10/,2013-03-06,"3. Identity Thief
Predicted Gross: $6.5 million (representing a drop of 34%)",normalized_exact,No movie title matched
weekly_forecast_matched_as_release_date_not_activity_window,100,weekly_ranked_predictions,unmatched,Jack the Giant Slayer,2013-03-08,2013-03-10,12700000,1,1,37,Box Office Predictions: March 8-10,https://toddmthatcher.com/2013/03/06/box-office-predictions-march-8-10/,2013-03-06,"2. Jack the Giant Slayer
Predicted Gross: $12.7 million (representing a drop of 54%)",normalized_exact,No movie title matched
weekly_forecast_matched_as_release_date_not_activity_window,99,weekly_ranked_predictions,unmatched,Oz The Great and Powerful,2013-03-08,2013-03-10,87400000,1,1,37,Box Office Predictions: March 8-10,https://toddmthatcher.com/2013/03/06/box-office-predictions-march-8-10/,2013-03-06,"1. Oz The Great and Powerful
Predicted Gross: $87.4 million",normalized_exact,No movie title matched
weekly_forecast_matched_as_release_date_not_activity_window,95,weekly_ranked_predictions,unmatched,21 and Over,2013-03-01,2013-03-03,18000000,1,1,33,Box Office Predictions: March 1-3,https://toddmthatcher.com/2013/02/27/box-office-predictions-march-1-3/,2013-02-28,"2. 21 and Over
Predicted Gross: $18 million",normalized_exact,No movie title matched
weekly_forecast_matched_as_release_date_not_activity_window,97,weekly_ranked_predictions,unmatched,Identity Thief,2013-03-01,2013-03-03,8200000,1,1,33,Box Office Predictions: March 1-3,https://toddmthatcher.com/2013/02/27/box-office-predictions-march-1-3/,2013-02-28,"4. Identity Thief
Predicted Gross: $8.2 million (representing a drop of 42%)",normalized_exact,No movie title matched
weekly_forecast_matched_as_release_date_not_activity_window,94,weekly_ranked_predictions,unmatched,Jack the Giant Slayer,2013-03-01,2013-03-03,25400000,1,1,33,Box Office Predictions: March 1-3,https://toddmthatcher.com/2013/02/27/box-office-predictions-march-1-3/,2013-02-28,"1. Jack the Giant Slayer
Predicted Gross: $25.4 million",normalized_exact,No movie title matched
weekly_forecast_matched_as_release_date_not_activity_window,98,weekly_ranked_predictions,unmatched,Snitch,2013-03-01,2013-03-03,7300000,1,1,33,Box Office Predictions: March 1-3,https://toddmthatcher.com/2013/02/27/box-office-predictions-march-1-3/,2013-02-28,"5. Snitch
Predicted Gross: $7.3 million (representing a drop of 45%)",normalized_exact,No movie title matched
weekly_forecast_matched_as_release_date_not_activity_window,96,weekly_ranked_predictions,unmatched,The Last Exorcism Part II,2013-03-01,2013-03-03,10600000,1,1,33,Box Office Predictions: March 1-3,https://toddmthatcher.com/2013/02/27/box-office-predictions-march-1-3/,2013-02-28,"3. The Last Exorcism Part II
Predicted Gross: $10.6 million",normalized_exact,No movie title matched
weekly_forecast_matched_as_release_date_not_activity_window,89,weekly_ranked_predictions,unmatched,A Good Day to Die Hard,2013-02-22,2013-02-24,14100000,1,1,31,Box Office Predictions: February 22-24,https://toddmthatcher.com/2013/02/20/box-office-predictions-february-22-24/,2013-02-20,"2. A Good Day to Die Hard
Predicted Gross: $14.1 million (representing a drop of 43%)",normalized_exact,No movie title matched
weekly_forecast_matched_as_release_date_not_activity_window,92,weekly_ranked_predictions,unmatched,Dark Skies,2013-02-22,2013-02-24,10600000,1,1,31,Box Office Predictions: February 22-24,https://toddmthatcher.com/2013/02/20/box-office-predictions-february-22-24/,2013-02-20,"5. Dark Skies
Predicted Gross: $10.6 million",normalized_exact,No movie title matched
weekly_forecast_matched_as_release_date_not_activity_window,91,weekly_ranked_predictions,unmatched,Escape from Planet Earth,2013-02-22,2013-02-24,11100000,1,1,31,Box Office Predictions: February 22-24,https://toddmthatcher.com/2013/02/20/box-office-predictions-february-22-24/,2013-02-20,"4. Escape from Planet Earth
Predicted Gross: $11.1 million (representing a drop of 30%)",normalized_exact,No movie title matched
weekly_forecast_matched_as_release_date_not_activity_window,88,weekly_ranked_predictions,unmatched,Identity Thief,2013-02-22,2013-02-24,14900000,1,1,31,Box Office Predictions: February 22-24,https://toddmthatcher.com/2013/02/20/box-office-predictions-february-22-24/,2013-02-20,"1. Identity Thief
Predicted Gross: $14.9 million (representing a drop of 37%)",normalized_exact,No movie title matched
weekly_forecast_matched_as_release_date_not_activity_window,93,weekly_ranked_predictions,unmatched,Safe Haven,2013-02-22,2013-02-24,10100000,1,1,31,Box Office Predictions: February 22-24,https://toddmthatcher.com/2013/02/20/box-office-predictions-february-22-24/,2013-02-20,"6. Safe Haven
Predicted Gross: $10.1 million (representing a drop of 53%)",normalized_exact,No movie title matched
weekly_forecast_matched_as_release_date_not_activity_window,90,weekly_ranked_predictions,unmatched,Snitch,2013-02-22,2013-02-24,13300000,1,1,31,Box Office Predictions: February 22-24,https://toddmthatcher.com/2013/02/20/box-office-predictions-february-22-24/,2013-02-20,"3. Snitch
Predicted Gross: $13.3 million",normalized_exact,No movie title matched
weekly_forecast_matched_as_release_date_not_activity_window,86,weekly_ranked_predictions,unmatched,Beautiful Creatures,2013-02-14,2013-02-18,19400000,1,1,29,Box Office Predictions: February 14-18,https://toddmthatcher.com/2013/02/13/box-office-predictions-february-14-18/,2013-02-14,"4. Beautiful Creatures
Predicted Gross: $19.4 million",normalized_exact,No movie title matched
weekly_forecast_matched_as_release_date_not_activity_window,87,weekly_ranked_predictions,unmatched,Escape from Planet Earth,2013-02-14,2013-02-18,14200000,1,1,29,Box Office Predictions: February 14-18,https://toddmthatcher.com/2013/02/13/box-office-predictions-february-14-18/,2013-02-14,"5. Escape from Planet Earth
Predicted Gross: $14.2 million",normalized_exact,No movie title matched
weekly_forecast_matched_as_release_date_not_activity_window,85,weekly_ranked_predictions,unmatched,Identity Thief,2013-02-14,2013-02-18,20300000,1,1,29,Box Office Predictions: February 14-18,https://toddmthatcher.com/2013/02/13/box-office-predictions-february-14-18/,2013-02-14,"3. Identity Thief
Predicted Gross: $20.3 million (representing a drop of 41%)",normalized_exact,No movie title matched
weekly_forecast_matched_as_release_date_not_activity_window,84,weekly_ranked_predictions,unmatched,Safe Haven,2013-02-14,2013-02-18,32300000,1,1,29,Box Office Predictions: February 14-18,https://toddmthatcher.com/2013/02/13/box-office-predictions-february-14-18/,2013-02-14,"2. Safe Haven
Predicted Gross: $32.3 million",normalized_exact,No movie title matched
weekly_forecast_matched_as_release_date_not_activity_window,82,weekly_ranked_predictions,unmatched,Hansel and Gretel: Witch Hunters,2013-02-08,2013-02-10,4000000,1,1,27,Box Office Predictions: February 8-10,https://toddmthatcher.com/2013/02/06/box-office-predictions-february-8-10/,2013-02-07,"5. Hansel and Gretel: Witch Hunters
Predicted Gross: $4 million (representing a drop of 54%)",normalized_exact,No movie title matched
weekly_forecast_matched_as_release_date_not_activity_window,78,weekly_ranked_predictions,unmatched,Identity Thief,2013-02-08,2013-02-10,22100000,1,1,27,Box Office Predictions: February 8-10,https://toddmthatcher.com/2013/02/06/box-office-predictions-february-8-10/,2013-02-07,"1. Identity Thief
Predicted Gross: $22.1 million",normalized_exact,No movie title matched
weekly_forecast_matched_as_release_date_not_activity_window,79,weekly_ranked_predictions,unmatched,Side Effects,2013-02-08,2013-02-10,11500000,1,1,27,Box Office Predictions: February 8-10,https://toddmthatcher.com/2013/02/06/box-office-predictions-february-8-10/,2013-02-07,"2. Side Effects
Predicted Gross: $11.5 million",normalized_exact,No movie title matched
weekly_forecast_matched_as_release_date_not_activity_window,81,weekly_ranked_predictions,unmatched,Silver Linings Playbook,2013-02-08,2013-02-10,6000000,1,1,27,Box Office Predictions: February 8-10,https://toddmthatcher.com/2013/02/06/box-office-predictions-february-8-10/,2013-02-07,"4. Silver Linings Playbook
Predicted Gross: $6 million (representing a drop of 23%)",normalized_exact,No movie title matched
weekly_forecast_matched_as_release_date_not_activity_window,80,weekly_ranked_predictions,unmatched,Warm Bodies,2013-02-08,2013-02-10,10600000,1,1,27,Box Office Predictions: February 8-10,https://toddmthatcher.com/2013/02/06/box-office-predictions-february-8-10/,2013-02-07,"3. Warm Bodies
Predicted Gross: $10.6 million (representing a drop of 48%)",normalized_exact,No movie title matched
weekly_forecast_matched_as_release_date_not_activity_window,74,weekly_ranked_predictions,unmatched,Bullet to the Head,2013-02-01,2013-02-03,8000000,1,1,25,Box Office Predictions: February 1-3,https://toddmthatcher.com/2013/01/30/box-office-predictions-february-1-3/,2013-01-31,"3. Bullet to the Head
Predicted Gross: $8 million",normalized_exact,No movie title matched
weekly_forecast_matched_as_release_date_not_activity_window,73,weekly_ranked_predictions,unmatched,Hansel and Gretel: Witch Hunters,2013-02-01,2013-02-03,8600000,1,1,25,Box Office Predictions: February 1-3,https://toddmthatcher.com/2013/01/30/box-office-predictions-february-1-3/,2013-01-31,"2. Hansel and Gretel: Witch Hunters
Predicted Gross: $8.6 million (representing a drop of 56%)",normalized_exact,No movie title matched
weekly_forecast_matched_as_release_date_not_activity_window,75,weekly_ranked_predictions,unmatched,Mama,2013-02-01,2013-02-03,6700000,1,1,25,Box Office Predictions: February 1-3,https://toddmthatcher.com/2013/01/30/box-office-predictions-february-1-3/,2013-01-31,"4. Mama
Predicted Gross: $6.7 million (representing a drop of 55%)",normalized_exact,No movie title matched
weekly_forecast_matched_as_release_date_not_activity_window,76,weekly_ranked_predictions,unmatched,Silver Linings Playbook,2013-02-01,2013-02-03,6600000,1,1,25,Box Office Predictions: February 1-3,https://toddmthatcher.com/2013/01/30/box-office-predictions-february-1-3/,2013-01-31,"5. Silver Linings Playbook
Predicted Gross: $6.6 million (representing a drop of 30%)",normalized_exact,No movie title matched
weekly_forecast_matched_as_release_date_not_activity_window,72,weekly_ranked_predictions,unmatched,Warm Bodies,2013-02-01,2013-02-03,20500000,1,1,25,Box Office Predictions: February 1-3,https://toddmthatcher.com/2013/01/30/box-office-predictions-february-1-3/,2013-01-31,"1. Warm Bodies
Predicted Gross: $20.5 million",normalized_exact,No movie title matched
weekly_forecast_matched_as_release_date_not_activity_window,77,weekly_ranked_predictions,unmatched,Zero Dark Thirty,2013-02-01,2013-02-03,6000000,1,1,25,Box Office Predictions: February 1-3,https://toddmthatcher.com/2013/01/30/box-office-predictions-february-1-3/,2013-01-31,"6. Zero Dark Thirty
Predicted Gross: $6 million (representing a drop of 38%)",normalized_exact,No movie title matched
weekly_forecast_matched_as_release_date_not_activity_window,71,weekly_ranked_predictions,unmatched,Broken City,2013-01-25,2013-01-27,5100000,1,1,23,Box Office Predictions: January 25-27,https://toddmthatcher.com/2013/01/23/box-office-predictions-january-25-27/,2013-01-24,"10. Broken City
Predicted Gross: $5.1 million (representing a drop of 46%)",normalized_exact,No movie title matched
weekly_forecast_matched_as_release_date_not_activity_window,68,weekly_ranked_predictions,unmatched,Django Unchained,2013-01-25,2013-01-27,6100000,1,1,23,Box Office Predictions: January 25-27,https://toddmthatcher.com/2013/01/23/box-office-predictions-january-25-27/,2013-01-24,"7. Django Unchained
Predicted Gross: $6.1 million (representing a drop of 34%)",normalized_exact,No movie title matched
weekly_forecast_matched_as_release_date_not_activity_window,70,weekly_ranked_predictions,unmatched,Gangster Squad,2013-01-25,2013-01-27,5400000,1,1,23,Box Office Predictions: January 25-27,https://toddmthatcher.com/2013/01/23/box-office-predictions-january-25-27/,2013-01-24,"9. Gangster Squad
Predicted Gross: $5.4 million (representing a drop of 47%)",normalized_exact,No movie title matched
weekly_forecast_matched_as_release_date_not_activity_window,63,weekly_ranked_predictions,unmatched,Hansel and Gretel: Witch Hunters,2013-01-25,2013-01-27,13000000,1,1,23,Box Office Predictions: January 25-27,https://toddmthatcher.com/2013/01/23/box-office-predictions-january-25-27/,2013-01-24,"2. Hansel and Gretel: Witch Hunters
Predicted Gross: $13 million",normalized_exact,No movie title matched
weekly_forecast_matched_as_release_date_not_activity_window,62,weekly_ranked_predictions,unmatched,Mama,2013-01-25,2013-01-27,16800000,1,1,23,Box Office Predictions: January 25-27,https://toddmthatcher.com/2013/01/23/box-office-predictions-january-25-27/,2013-01-24,"1. Mama
Predicted Gross: $16.8 million (representing a drop of 54%)",normalized_exact,No movie title matched
weekly_forecast_matched_as_release_date_not_activity_window,69,weekly_ranked_predictions,unmatched,Movie 43,2013-01-25,2013-01-27,5800000,1,1,23,Box Office Predictions: January 25-27,https://toddmthatcher.com/2013/01/23/box-office-predictions-january-25-27/,2013-01-24,"8. Movie 43
Predicted Gross: $5.8 million",normalized_exact,No movie title matched
weekly_forecast_matched_as_release_date_not_activity_window,67,weekly_ranked_predictions,unmatched,Parker,2013-01-25,2013-01-27,6100000,1,1,23,Box Office Predictions: January 25-27,https://toddmthatcher.com/2013/01/23/box-office-predictions-january-25-27/,2013-01-24,"6. Parker
Predicted Gross: $6.1 million",normalized_exact,No movie title matched
weekly_forecast_matched_as_release_date_not_activity_window,65,weekly_ranked_predictions,unmatched,Silver Linings Playbook,2013-01-25,2013-01-27,8700000,1,1,23,Box Office Predictions: January 25-27,https://toddmthatcher.com/2013/01/23/box-office-predictions-january-25-27/,2013-01-24,"4. Silver Linings Playbook
Predicted Gross: $8.7 million (representing a drop of 32%)",normalized_exact,No movie title matched
weekly_forecast_matched_as_release_date_not_activity_window,64,weekly_ranked_predictions,unmatched,Zero Dark Thirty,2013-01-25,2013-01-27,12300000,1,1,23,Box Office Predictions: January 25-27,https://toddmthatcher.com/2013/01/23/box-office-predictions-january-25-27/,2013-01-24,"3. Zero Dark Thirty
Predicted Gross: $12.3 million (representing a drop of 34%)",normalized_exact,No movie title matched
weekly_forecast_matched_as_release_date_not_activity_window,61,weekly_ranked_predictions,unmatched,A Haunted House,2013-01-18,2013-01-21,8400000,1,1,21,Box Office Predictions: January 18-21,https://toddmthatcher.com/2013/01/16/box-office-predictions-january-18-21/,2013-01-16,"7. A Haunted House
Predicted Gross: $8.4 million (representing a drop of 54%)",normalized_exact,No movie title matched
weekly_forecast_matched_as_release_date_not_activity_window,57,weekly_ranked_predictions,unmatched,Broken City,2013-01-18,2013-01-21,15300000,1,1,21,Box Office Predictions: January 18-21,https://toddmthatcher.com/2013/01/16/box-office-predictions-january-18-21/,2013-01-16,"3. Broken City
Predicted Gross: $15.3 million",normalized_exact,No movie title matched
weekly_forecast_matched_as_release_date_not_activity_window,60,weekly_ranked_predictions,unmatched,Gangster Squad,2013-01-18,2013-01-21,8900000,1,1,21,Box Office Predictions: January 18-21,https://toddmthatcher.com/2013/01/16/box-office-predictions-january-18-21/,2013-01-16,"6. Gangster Squad
Predicted Gross: $8.9 million (representing a drop of 47%)",normalized_exact,No movie title matched
weekly_forecast_matched_as_release_date_not_activity_window,55,weekly_ranked_predictions,unmatched,Mama,2013-01-18,2013-01-21,18200000,1,1,21,Box Office Predictions: January 18-21,https://toddmthatcher.com/2013/01/16/box-office-predictions-january-18-21/,2013-01-16,"1. Mama
Predicted Gross: $18.2 million",normalized_exact,No movie title matched
weekly_forecast_matched_as_release_date_not_activity_window,59,weekly_ranked_predictions,unmatched,Silver Linings Playbook,2013-01-18,2013-01-21,11400000,1,1,21,Box Office Predictions: January 18-21,https://toddmthatcher.com/2013/01/16/box-office-predictions-january-18-21/,2013-01-16,"5. Silver Linings Playbook
Predicted Gross: $11.4 million",normalized_exact,No movie title matched
weekly_forecast_matched_as_release_date_not_activity_window,58,weekly_ranked_predictions,unmatched,The Last Stand,2013-01-18,2013-01-21,14000000,1,1,21,Box Office Predictions: January 18-21,https://toddmthatcher.com/2013/01/16/box-office-predictions-january-18-21/,2013-01-16,"4. The Last Stand
Predicted Gross: $14 million",normalized_exact,No movie title matched
weekly_forecast_matched_as_release_date_not_activity_window,56,weekly_ranked_predictions,unmatched,Zero Dark Thirty,2013-01-18,2013-01-21,16200000,1,1,21,Box Office Predictions: January 18-21,https://toddmthatcher.com/2013/01/16/box-office-predictions-january-18-21/,2013-01-16,"2. Zero Dark Thirty
Predicted Gross: $16.2 million (representing a drop of 34%)",normalized_exact,No movie title matched
weekly_forecast_matched_as_release_date_not_activity_window,51,weekly_ranked_predictions,unmatched,A Haunted House,2013-01-11,2013-01-13,10800000,1,1,19,Box Office Predictions: January 11-13,https://toddmthatcher.com/2013/01/09/box-office-predictions-january-11-13/,2013-01-09,"4. A Haunted House
Predicted Gross: $10.8 million",normalized_exact,No movie title matched
weekly_forecast_matched_as_release_date_not_activity_window,50,weekly_ranked_predictions,unmatched,Django Unchained,2013-01-11,2013-01-13,13200000,1,1,19,Box Office Predictions: January 11-13,https://toddmthatcher.com/2013/01/09/box-office-predictions-january-11-13/,2013-01-09,"3. Django Unchained
Predicted Gross: $13.2 million (representing a drop of 34%)",normalized_exact,No movie title matched
weekly_forecast_matched_as_release_date_not_activity_window,49,weekly_ranked_predictions,unmatched,Gangster Squad,2013-01-11,2013-01-13,20700000,1,1,19,Box Office Predictions: January 11-13,https://toddmthatcher.com/2013/01/09/box-office-predictions-january-11-13/,2013-01-09,"2. Gangster Squad
Predicted Gross: $20.7 million",normalized_exact,No movie title matched
weekly_forecast_matched_as_release_date_not_activity_window,54,weekly_ranked_predictions,unmatched,Texas Chainsaw 3D,2013-01-11,2013-01-13,7600000,1,1,19,Box Office Predictions: January 11-13,https://toddmthatcher.com/2013/01/09/box-office-predictions-january-11-13/,2013-01-09,"7. Texas Chainsaw 3D
Predicted Gross: $7.6 million (representing a drop of 65%)",normalized_exact,No movie title matched
weekly_forecast_matched_as_release_date_not_activity_window,53,weekly_ranked_predictions,unmatched,The Hobbit: An Unexpected Journey,2013-01-11,2013-01-13,9500000,1,1,19,Box Office Predictions: January 11-13,https://toddmthatcher.com/2013/01/09/box-office-predictions-january-11-13/,2013-01-09,"6. The Hobbit: An Unexpected Journey
Predicted Gross: $9.5 million (representing a drop of 46%)",normalized_exact,No movie title matched
weekly_forecast_matched_as_release_date_not_activity_window,48,weekly_ranked_predictions,unmatched,Zero Dark Thirty,2013-01-11,2013-01-13,29100000,1,1,19,Box Office Predictions: January 11-13,https://toddmthatcher.com/2013/01/09/box-office-predictions-january-11-13/,2013-01-09,"1. Zero Dark Thirty
Predicted Gross: $29.1 million",normalized_exact,No movie title matched
weekly_forecast_matched_as_release_date_not_activity_window,42,weekly_ranked_predictions,unmatched,Django Unchained,2013-01-04,2013-01-06,20600000,1,1,17,Box Office Predictions: January 4-6,https://toddmthatcher.com/2013/01/02/box-office-predictions-january-4-6/,2013-01-03,"2. Django Unchained
Predicted Gross: $20.6 million (representing a drop of 33%)",normalized_exact,No movie title matched
weekly_forecast_matched_as_release_date_not_activity_window,46,weekly_ranked_predictions,unmatched,Jack Reacher,2013-01-04,2013-01-06,9000000,1,1,17,Box Office Predictions: January 4-6,https://toddmthatcher.com/2013/01/02/box-office-predictions-january-4-6/,2013-01-03,"6. Jack Reacher
Predicted Gross: $9 million (representing a drop of 35%)",normalized_exact,No movie title matched
weekly_forecast_matched_as_release_date_not_activity_window,45,weekly_ranked_predictions,unmatched,Parental Guidance,2013-01-04,2013-01-06,10200000,1,1,17,Box Office Predictions: January 4-6,https://toddmthatcher.com/2013/01/02/box-office-predictions-january-4-6/,2013-01-03,"5. Parental Guidance
Predicted Gross: $10.2 million (representing a drop of 32%)",normalized_exact,No movie title matched
weekly_forecast_matched_as_release_date_not_activity_window,44,weekly_ranked_predictions,unmatched,Texas Chainsaw 3D,2013-01-04,2013-01-06,16100000,1,1,17,Box Office Predictions: January 4-6,https://toddmthatcher.com/2013/01/02/box-office-predictions-january-4-6/,2013-01-03,"4. Texas Chainsaw 3D
Predicted Gross: $16.1 million",normalized_exact,No movie title matched
weekly_forecast_matched_as_release_date_not_activity_window,41,weekly_ranked_predictions,unmatched,The Hobbit: An Unexpected Journey,2013-01-04,2013-01-06,20800000,1,1,17,Box Office Predictions: January 4-6,https://toddmthatcher.com/2013/01/02/box-office-predictions-january-4-6/,2013-01-03,"1. The Hobbit: An Unexpected Journey
Predicted Gross: $20.8 million (representing a drop of 37%)",normalized_exact,No movie title matched
weekly_forecast_matched_as_release_date_not_activity_window,47,weekly_ranked_predictions,unmatched,This Is 40,2013-01-04,2013-01-06,7800000,1,1,17,Box Office Predictions: January 4-6,https://toddmthatcher.com/2013/01/02/box-office-predictions-january-4-6/,2013-01-03,"7. This Is 40
Predicted Gross: $7.8 million (representing a drop of 41%)",normalized_exact,No movie title matched
weekly_forecast_matched_as_release_date_not_activity_window,36,weekly_ranked_predictions,unmatched,Django Unchained,2012-12-25,2012-12-30,27200000,1,1,15,Box Office Predictions: December 25-30,https://toddmthatcher.com/2012/12/24/box-office-predictions-december-25-30/,2012-12-24,"2. Django Unchained
Predicted Gross: $27.2 million (6 day gross: $44.6M)",normalized_exact,No movie title matched
weekly_forecast_matched_as_release_date_not_activity_window,38,weekly_ranked_predictions,unmatched,Jack Reacher,2012-12-25,2012-12-30,11600000,1,1,15,Box Office Predictions: December 25-30,https://toddmthatcher.com/2012/12/24/box-office-predictions-december-25-30/,2012-12-24,"4. Jack Reacher
Predicted Gross: $11.6 million (6 day gross: $20.8M)",normalized_exact,No movie title matched
weekly_forecast_matched_as_release_date_not_activity_window,39,weekly_ranked_predictions,unmatched,Parental Guidance,2012-12-25,2012-12-30,10900000,1,1,15,Box Office Predictions: December 25-30,https://toddmthatcher.com/2012/12/24/box-office-predictions-december-25-30/,2012-12-24,"5. Parental Guidance
Predicted Gross: $10.9 million (6 day gross: $17.7M)",normalized_exact,No movie title matched
weekly_forecast_matched_as_release_date_not_activity_window,37,weekly_ranked_predictions,unmatched,The Hobbit: An Unexpected Journey,2012-12-25,2012-12-30,26500000,1,1,15,Box Office Predictions: December 25-30,https://toddmthatcher.com/2012/12/24/box-office-predictions-december-25-30/,2012-12-24,"3. The Hobbit: An Unexpected Journey
Predicted Gross: $26.5 million (6 day gross: $43.8M)",normalized_exact,No movie title matched
weekly_forecast_matched_as_release_date_not_activity_window,40,weekly_ranked_predictions,unmatched,This Is 40,2012-12-25,2012-12-30,8000000,1,1,15,Box Office Predictions: December 25-30,https://toddmthatcher.com/2012/12/24/box-office-predictions-december-25-30/,2012-12-24,"6. This Is 40
Predicted Gross: $8 million (6 day gross: $14.6 million)",normalized_exact,No movie title matched
weekly_forecast_matched_as_release_date_not_activity_window,31,weekly_ranked_predictions,unmatched,Jack Reacher,2012-12-21,2012-12-23,17600000,1,1,13,Box Office Predictions: December 21-23,https://toddmthatcher.com/2012/12/19/box-office-predictions-december-21-23/,2012-12-19,"2. Jack Reacher
Predicted Gross: $17.6 million",normalized_exact,No movie title matched
weekly_forecast_matched_as_release_date_not_activity_window,34,weekly_ranked_predictions,unmatched,The Guilt Trip,2012-12-21,2012-12-23,8900000,1,1,13,Box Office Predictions: December 21-23,https://toddmthatcher.com/2012/12/19/box-office-predictions-december-21-23/,2012-12-19,"5. The Guilt Trip
Predicted Gross: $8.9 million (predicting $11.6 for 4 day gross)",normalized_exact,No movie title matched
weekly_forecast_matched_as_release_date_not_activity_window,30,weekly_ranked_predictions,unmatched,The Hobbit: An Unexpected Journey,2012-12-21,2012-12-23,49100000,1,1,13,Box Office Predictions: December 21-23,https://toddmthatcher.com/2012/12/19/box-office-predictions-december-21-23/,2012-12-19,"1. The Hobbit: An Unexpected Journey
Predicted Gross: $49.1 million (representing a drop of 42%)",normalized_exact,No movie title matched
weekly_forecast_matched_as_release_date_not_activity_window,32,weekly_ranked_predictions,unmatched,This Is 40,2012-12-21,2012-12-23,15700000,1,1,13,Box Office Predictions: December 21-23,https://toddmthatcher.com/2012/12/19/box-office-predictions-december-21-23/,2012-12-19,"3. This Is 40
Predicted Gross: $15.7 million",normalized_exact,No movie title matched
weekly_forecast_matched_as_release_date_not_activity_window,28,weekly_ranked_predictions,unmatched,Life of Pi,2012-12-14,2012-12-16,5500000,1,1,11,Box Office Predictions (Dec 14-16): The Hobbit Arrives,https://toddmthatcher.com/2012/12/13/box-office-predictions-dec-14-16-the-hobbit-arrives/,2012-12-14,"5. Life of Pi
Predicted Gross: $5.5 million (representing a drop of 34%)",normalized_exact,No movie title matched
weekly_forecast_matched_as_release_date_not_activity_window,27,weekly_ranked_predictions,unmatched,Lincoln,2012-12-14,2012-12-16,5800000,1,1,11,Box Office Predictions (Dec 14-16): The Hobbit Arrives,https://toddmthatcher.com/2012/12/13/box-office-predictions-dec-14-16-the-hobbit-arrives/,2012-12-14,"4. Lincoln
Predicted Gross: $5.8 million (representing a drop of 35%)",normalized_exact,No movie title matched
weekly_forecast_matched_as_release_date_not_activity_window,25,weekly_ranked_predictions,unmatched,Rise of the Guardians,2012-12-14,2012-12-16,6900000,1,1,11,Box Office Predictions (Dec 14-16): The Hobbit Arrives,https://toddmthatcher.com/2012/12/13/box-office-predictions-dec-14-16-the-hobbit-arrives/,2012-12-14,"2. Rise of the Guardians
Predicted Gross: $6.9 million (representing a drop of 34%)",normalized_exact,No movie title matched
weekly_forecast_matched_as_release_date_not_activity_window,26,weekly_ranked_predictions,unmatched,Skyfall,2012-12-14,2012-12-16,6200000,1,1,11,Box Office Predictions (Dec 14-16): The Hobbit Arrives,https://toddmthatcher.com/2012/12/13/box-office-predictions-dec-14-16-the-hobbit-arrives/,2012-12-14,"3. Skyfall
Predicted Gross: $6.2 million (representing a drop of 43%)",normalized_exact,No movie title matched
weekly_forecast_matched_as_release_date_not_activity_window,24,weekly_ranked_predictions,unmatched,The Hobbit: An Unexpected Journey,2012-12-14,2012-12-16,84800000,1,1,11,Box Office Predictions (Dec 14-16): The Hobbit Arrives,https://toddmthatcher.com/2012/12/13/box-office-predictions-dec-14-16-the-hobbit-arrives/,2012-12-14,"1. The Hobbit: An Unexpected Journey
Predicted Gross: $84.8 million",normalized_exact,No movie title matched
weekly_forecast_matched_as_release_date_not_activity_window,29,weekly_ranked_predictions,unmatched,The Twilight Saga: Breaking Dawn Part 2,2012-12-14,2012-12-16,4900000,1,1,11,Box Office Predictions (Dec 14-16): The Hobbit Arrives,https://toddmthatcher.com/2012/12/13/box-office-predictions-dec-14-16-the-hobbit-arrives/,2012-12-14,"6. The Twilight Saga: Breaking Dawn Part 2
Predicted Gross: $4.9 million (representing a drop of 49%)",normalized_exact,No movie title matched
weekly_forecast_matched_as_release_date_not_activity_window,22,weekly_ranked_predictions,unmatched,Life of Pi,2012-12-07,2012-12-09,7300000,1,1,9,Box Office Predictions: Weekend of December 7-9,https://toddmthatcher.com/2012/12/06/box-office-predictions-weekend-of-december-7-9/,2012-12-06,"5. Life of Pi
Predicted Gross: $7.3 million (representing a drop of 40%)",normalized_exact,No movie title matched
weekly_forecast_matched_as_release_date_not_activity_window,21,weekly_ranked_predictions,unmatched,Lincoln,2012-12-07,2012-12-09,7400000,1,1,9,Box Office Predictions: Weekend of December 7-9,https://toddmthatcher.com/2012/12/06/box-office-predictions-weekend-of-december-7-9/,2012-12-06,"4. Lincoln
Predicted Gross: $7.4 million (representing a drop of 45%)",normalized_exact,No movie title matched
weekly_forecast_matched_as_release_date_not_activity_window,23,weekly_ranked_predictions,unmatched,Playing for Keeps,2012-12-07,2012-12-09,7000000,1,1,9,Box Office Predictions: Weekend of December 7-9,https://toddmthatcher.com/2012/12/06/box-office-predictions-weekend-of-december-7-9/,2012-12-06,"6. Playing for Keeps
Predicted Gross: $7 million",normalized_exact,No movie title matched
weekly_forecast_matched_as_release_date_not_activity_window,20,weekly_ranked_predictions,unmatched,Rise of the Guardians,2012-12-07,2012-12-09,7800000,1,1,9,Box Office Predictions: Weekend of December 7-9,https://toddmthatcher.com/2012/12/06/box-office-predictions-weekend-of-december-7-9/,2012-12-06,"3. Rise of the Guardians
Predicted Gross: $7.8 million (representing a drop of 42%)",normalized_exact,No movie title matched
weekly_forecast_matched_as_release_date_not_activity_window,18,weekly_ranked_predictions,unmatched,Skyfall,2012-12-07,2012-12-09,8500000,1,1,9,Box Office Predictions: Weekend of December 7-9,https://toddmthatcher.com/2012/12/06/box-office-predictions-weekend-of-december-7-9/,2012-12-06,"1. Skyfall
Predicted Gross: $8.5 million (representing a drop of 49%)",normalized_exact,No movie title matched
weekly_forecast_matched_as_release_date_not_activity_window,19,weekly_ranked_predictions,unmatched,The Twilight Saga: Breaking Dawn Part 2,2012-12-07,2012-12-09,8200000,1,1,9,Box Office Predictions: Weekend of December 7-9,https://toddmthatcher.com/2012/12/06/box-office-predictions-weekend-of-december-7-9/,2012-12-06,"2. The Twilight Saga: Breaking Dawn Part 2
Predicted Gross: $8.2 million (representing a drop of 54%)",normalized_exact,No movie title matched
weekly_forecast_matched_as_release_date_not_activity_window,17,weekly_ranked_predictions,unmatched,Killing Them Softly,2012-11-30,2012-12-02,9600000,1,1,7,Box Office Predictions: November 30-December 2,https://toddmthatcher.com/2012/11/29/box-office-predictions-november-30-december-2/,2012-11-29,"6. Killing Them Softly
Predicted Gross: $9.6 million",normalized_exact,No movie title matched
weekly_forecast_matched_as_release_date_not_activity_window,15,weekly_ranked_predictions,unmatched,Life of Pi,2012-11-30,2012-12-02,13000000,1,1,7,Box Office Predictions: November 30-December 2,https://toddmthatcher.com/2012/11/29/box-office-predictions-november-30-december-2/,2012-11-29,"4. Life of Pi
Predicted Gross: $13 million (representing a drop of 42%)",normalized_exact,No movie title matched
weekly_forecast_matched_as_release_date_not_activity_window,14,weekly_ranked_predictions,unmatched,Lincoln,2012-11-30,2012-12-02,15400000,1,1,7,Box Office Predictions: November 30-December 2,https://toddmthatcher.com/2012/11/29/box-office-predictions-november-30-december-2/,2012-11-29,"3. Lincoln
Predicted Gross: $15.4 million (representing a drop of 40%)",normalized_exact,No movie title matched
weekly_forecast_matched_as_release_date_not_activity_window,16,weekly_ranked_predictions,unmatched,Rise of the Guardians,2012-11-30,2012-12-02,12800000,1,1,7,Box Office Predictions: November 30-December 2,https://toddmthatcher.com/2012/11/29/box-office-predictions-november-30-december-2/,2012-11-29,"5. Rise of the Guardians
Predicted Gross: $12.8 million (representing a drop of 46%)",normalized_exact,No movie title matched
weekly_forecast_matched_as_release_date_not_activity_window,13,weekly_ranked_predictions,unmatched,Skyfall,2012-11-30,2012-12-02,16700000,1,1,7,Box Office Predictions: November 30-December 2,https://toddmthatcher.com/2012/11/29/box-office-predictions-november-30-december-2/,2012-11-29,"2. Skyfall
Predicted Gross: $16.7 million (representing a drop of 53%)",normalized_exact,No movie title matched
weekly_forecast_matched_as_release_date_not_activity_window,4,weekly_ranked_predictions,unmatched,Lincoln,2012-11-16,2012-11-18,18100000,1,1,3,Box Office Predictions: Weekend of November 16-18,https://toddmthatcher.com/2012/11/15/box-office-predictions-weekend-of-november-16-18/,2012-11-15,"4. Lincoln
Predicted Gross: $18.1 million",normalized_exact,No movie title matched
weekly_forecast_matched_as_release_date_not_activity_window,2,weekly_ranked_predictions,unmatched,Skyfall,2012-11-16,2012-11-18,43400000,1,1,3,Box Office Predictions: Weekend of November 16-18,https://toddmthatcher.com/2012/11/15/box-office-predictions-weekend-of-november-16-18/,2012-11-15,"2. Skyfall
Predicted Gross: $43.4 million (representing a drop of 51%)",normalized_exact,No movie title matched
weekly_forecast_matched_as_release_date_not_activity_window,1,weekly_ranked_predictions,unmatched,"The Twilight Saga: Breaking Dawn, Part 2",2012-11-16,2012-11-18,153800000,1,1,3,Box Office Predictions: Weekend of November 16-18,https://toddmthatcher.com/2012/11/15/box-office-predictions-weekend-of-november-16-18/,2012-11-15,"1. The Twilight Saga: Breaking Dawn, Part 2
Predicted Gross: $153.8 million",normalized_exact,No movie title matched
weekly_forecast_matched_as_release_date_not_activity_window,3,weekly_ranked_predictions,unmatched,Wreck-It-Ralph,2012-11-16,2012-11-18,21200000,1,1,3,Box Office Predictions: Weekend of November 16-18,https://toddmthatcher.com/2012/11/15/box-office-predictions-weekend-of-november-16-18/,2012-11-15,"3. Wreck-It-Ralph
Predicted Gross: $21.2 million (representing a drop of 36%)",normalized_exact,No movie title matched
